guide,target,n_assigned,n_rescue,mean_ntc,mean_assigned,mean_rescue,d_assigned,d_rescue,p_assigned_vs_ntc,p_rescue_vs_ntc,ratio_rescue_over_assigned,fdr_assigned_vs_ntc,fdr_rescue_vs_ntc,responsive,rescue_significant,rescuable,condition,n_lanes_pooled
S100A13-4,S100A13,91,11,0.10492507368326187,4.566965579986572,4.347019672393799,5.566148281097412,6.276307582855225,3.2326470003347766e-58,1.371430452596223e-08,1.1275854084177934,1.2626915101307659e-56,5.763055524132129e-06,True,True,True,Stim8hr,24
NKG7-1,NKG7,38,10,0.5420117974281311,3.4804158210754395,3.507880687713623,3.57416033744812,4.389413356781006,3.1564803511184704e-21,9.450743534578604e-08,1.228096375753238,1.6318328232319685e-20,3.2206788231248545e-05,True,True,True,Stim8hr,24
SCGB1A1-3,SCGB1A1,124,16,0.0006000504363328218,4.468033790588379,4.055271148681641,5.965124130249023,4.3099870681762695,9.721101630657637e-81,1.7346778544489564e-09,0.7225309941699977,9.397875001438272e-79,1.3121103291051907e-06,True,True,False,Stim8hr,24
ACKR4-3,ACKR4,45,10,0.0017425445839762688,2.050917148590088,2.7034571170806885,2.4413299560546875,4.053402900695801,2.939110088326465e-15,3.999677525489256e-06,1.6603257133035407,1.062199879584901e-14,0.0003980731684579044,True,True,True,Stim8hr,24
FAIM2-3,FAIM2,71,11,0.019310077652335167,2.2304370403289795,2.305408239364624,3.6618173122406006,3.650001049041748,1.647693294777206e-33,2.98369127734848e-06,0.9967731150433546,1.794825343916466e-32,0.0003134533447481097,True,True,True,Stim8hr,24
SLC16A2-1,SLC16A2,51,13,0.005508121568709612,2.2968406677246094,2.3875646591186523,3.1595399379730225,3.478804349899292,1.3311983506464945e-21,6.257199598018807e-07,1.1010477532153276,7.022843140450196e-21,0.00010667101675510625,True,True,True,Stim8hr,24
SLA2-2,SLA2,70,12,0.7100850939750671,2.9993274211883545,3.2398717403411865,2.6817312240600586,3.430913209915161,2.6838197445971165e-28,3.1178911826958824e-07,1.2793650531170175,2.1398620520323814e-27,7.369915283097392e-05,True,True,True,Stim8hr,24
MMP11-1,MMP11,82,15,0.008785294368863106,2.4516942501068115,2.3711698055267334,3.705467700958252,3.3620734214782715,1.2373111815483765e-38,1.2352139112602275e-07,0.9073276824431159,1.8332116241561578e-37,3.3368421517044145e-05,True,True,True,Stim8hr,24
CCDC3-1,CCDC3,93,12,0.0026604614686220884,2.88397479057312,2.7860939502716064,3.513921022415161,3.3330211639404297,1.176970505205778e-41,2.6709049793914356e-06,0.9485190881295343,2.146860822467332e-40,0.0003134533447481097,True,True,True,Stim8hr,24
IL27RA-3,IL27RA,93,11,1.090232014656067,3.1371827125549316,3.4340054988861084,2.28715181350708,3.2205970287323,4.898788304054489e-32,1.3003497374053495e-06,1.40812560395538,4.972077262934044e-31,0.0001891508733410397,True,True,True,Stim8hr,24
RAB15-2,RAB15,116,12,0.09660743921995163,3.1101503372192383,2.7024805545806885,3.7540841102600098,3.214261054992676,1.2357470756104318e-55,2.9242801418354552e-06,0.8562037931457147,4.11951201843581e-54,0.0003134533447481097,True,True,True,Stim8hr,24
SYK-4,SYK,306,25,0.007305532693862915,1.7901229858398438,1.6253364086151123,3.4298901557922363,3.2132413387298584,7.553934569342816e-131,1.7254508338464887e-11,0.936835056744744,1.7182979399793334e-128,2.1752183512024734e-08,True,True,True,Stim8hr,24
EVC-2,EVC,243,33,0.008219183422625065,1.819810152053833,1.737453579902649,2.807008743286133,3.1234090328216553,9.695916371714148e-87,2.1313403284768382e-14,1.1127179565408536,1.071260245983389e-84,8.060729122299403e-11,True,True,True,Stim8hr,24
S100A4-3,S100A4,110,15,2.2420551776885986,5.999059677124023,5.288120746612549,3.7989189624786377,3.0927724838256836,1.6712218807142003e-61,2.3891527759381708e-08,0.8141190992417952,7.603076485555073e-60,9.03577579859816e-06,True,True,True,Stim8hr,24
RAB6B-2,RAB6B,91,12,0.00668203504756093,1.8669344186782837,1.7259758710861206,2.471794366836548,3.0593137741088867,1.2475069114721305e-29,5.832113005282448e-06,1.2376894353166836,1.0840694891376918e-28,0.0005251678901423385,True,True,True,Stim8hr,24
TMPRSS11E-2,TMPRSS11E,73,11,0.0003558758762665093,3.3359920978546143,2.5822854042053223,4.589558124542236,3.0373616218566895,1.8021182939657529e-40,1.5998038362506045e-05,0.661798268904076,3.0037894149851576e-39,0.0011415958695659974,True,True,False,Stim8hr,24
DR1-1,DR1,80,10,1.2118562459945679,2.6613028049468994,2.9447784423828125,2.4216859340667725,3.02536940574646,4.692595697386432e-34,2.637837207765178e-06,1.2492823132791266,5.3214860885024426e-33,0.0003134533447481097,True,True,True,Stim8hr,24
PECR-2,PECR,142,12,0.18727359175682068,1.8611297607421875,1.9718979597091675,2.6284735202789307,3.0116126537323,6.271493086518138e-52,2.9098970598075395e-06,1.145764882353736,1.7702090339828933e-50,0.0003134533447481097,True,True,True,Stim8hr,24
CSRP1-4,CSRP1,93,14,0.9282306432723999,3.93753981590271,3.7909815311431885,3.659965991973877,2.9585769176483154,2.2252224200727866e-48,4.5239450720018674e-07,0.808361860229392,5.624140587203572e-47,9.505311256839479e-05,True,True,True,Stim8hr,24
CA7-4,CA7,85,13,0.02188798226416111,4.264627456665039,3.3783345222473145,4.809755802154541,2.9297890663146973,1.2475654396839886e-48,3.642522988859474e-06,0.6091346810169223,3.216223703505323e-47,0.00037232491740179813,True,True,False,Stim8hr,24
SLC48A1-4,SLC48A1,24,10,0.13720062375068665,1.9010947942733765,2.1682839393615723,2.0869548320770264,2.86315655708313,6.685617534712715e-08,4.316825650428496e-05,1.3719302943579255,1.4748022251417037e-07,0.00233153175564753,True,True,True,Stim8hr,24
MCTP1-1,MCTP1,168,10,0.0016541159711778164,2.2467451095581055,1.9209620952606201,3.9661152362823486,2.8462796211242676,1.357935244651001e-81,6.500370719757177e-05,0.7176492490904619,1.346445023350108e-79,0.0029619761520628487,True,True,False,Stim8hr,24
CEP70-1,CEP70,85,12,0.055331043899059296,1.92725670337677,1.5897551774978638,3.6935431957244873,2.8458380699157715,4.332612378011406e-41,8.460359673552006e-06,0.7704899927013203,7.615550938986413e-40,0.0006807889422419933,True,True,False,Stim8hr,24
SDSL-4,SDSL,53,10,0.02065477892756462,1.5752454996109009,1.2374604940414429,2.867096424102783,2.826901435852051,9.059458333017038e-21,5.8921212482902266e-05,0.985980594195289,4.5794673691211616e-20,0.0027972983389888415,True,True,True,Stim8hr,24
SPP1-4,SPP1,50,10,0.11905662715435028,4.117457866668701,3.5007376670837402,4.517664432525635,2.8059134483337402,5.848607960522437e-29,5.825781377812486e-05,0.6210982445115059,4.832599782765014e-28,0.0027972983389888415,True,True,False,Stim8hr,24
SEC23IP-4,SEC23IP,110,16,0.6948000192642212,1.9273737668991089,2.164144515991211,1.9781389236450195,2.7994651794433594,6.887345982966649e-36,3.5813323750771007e-09,1.4152015037876724,8.760975959253958e-35,2.1295918247432556e-06,True,True,True,Stim8hr,24
PRDX2-1,PRDX2,78,10,1.5860768556594849,4.016692161560059,4.082960605621338,2.72786808013916,2.7638142108917236,5.459804211449706e-32,2.8830287203732998e-05,1.0131773713744727,5.498193459811461e-31,0.0017586475194277128,True,True,True,Stim8hr,24
ENG-3,ENG,77,11,0.39903056621551514,3.0100138187408447,3.048719882965088,3.18613600730896,2.725869655609131,6.634685988132e-35,2.1898070109260038e-05,0.8555408963572229,7.870040096965167e-34,0.0014279051922969218,True,True,True,Stim8hr,24
SPOCD1-3,SPOCD1,148,17,0.0003218075435142964,2.2529540061950684,1.5641725063323975,3.628680467605591,2.6021924018859863,4.751494039986762e-67,5.466152123818093e-07,0.7171180888250159,2.8709417894732517e-65,9.867087872942797e-05,True,True,False,Stim8hr,24
ACOX1-2,ACOX1,45,13,0.34495288133621216,2.790130615234375,2.2427287101745605,4.622737407684326,2.598280906677246,1.7898441088103257e-29,4.534649826142689e-06,0.5620654338613637,1.5414982558506748e-28,0.0004397447600633757,True,True,False,Stim8hr,24
UBE2J1-1,UBE2J1,16,10,0.8298928141593933,3.442735195159912,2.9134604930877686,4.05996561050415,2.5944442749023438,1.0142487503619256e-10,4.14087302108994e-05,0.6390310962708317,2.664470052751064e-10,0.0022696785167771235,True,True,False,Stim8hr,24
RAP1GAP-3,RAP1GAP,63,13,0.0021053245291113853,1.5765602588653564,1.5959821939468384,2.5327374935150146,2.5886969566345215,1.689061316548398e-21,1.2556649031312711e-05,1.0220944583727247,8.850406654597093e-21,0.0009497849327284935,True,True,True,Stim8hr,24
DPYSL5-4,DPYSL5,47,14,0.00014073876081965864,1.67039954662323,1.375183343887329,2.85518741607666,2.5757954120635986,2.5716998936315466e-18,6.163584966671541e-06,0.9021458267713379,1.1339525072603412e-17,0.0005421087986965527,True,True,True,Stim8hr,24
SPNS3-3,SPNS3,47,12,0.006386871915310621,1.8949912786483765,2.069871187210083,2.355288028717041,2.538480758666992,2.39344461331384e-15,3.2245428691215725e-05,1.0777793321735427,8.674273964090551e-15,0.0019055033017215293,True,True,True,Stim8hr,24
FBP1-4,FBP1,113,11,0.015409022569656372,3.2152037620544434,2.506453037261963,3.2345502376556396,2.5076026916503906,6.48135582932591e-47,7.569733984580891e-05,0.7752554474058405,1.509843553735138e-45,0.0032900077449489924,True,True,False,Stim8hr,24
MAPK13-1,MAPK13,123,10,0.45022231340408325,2.7862555980682373,2.4189724922180176,3.2260501384735107,2.490687847137451,4.346978483036608e-58,6.607276413935166e-05,0.7720549093251181,1.6480162543041729e-56,0.0029748475473217618,True,True,False,Stim8hr,24
SAMD14-3,SAMD14,38,10,0.00198536179959774,1.1048898696899414,1.4952276945114136,1.7133020162582397,2.4341073036193848,3.3248944369958703e-09,0.00020312347604578115,1.420711165060872,7.971089143126492e-09,0.005945177150059868,True,True,True,Stim8hr,24
ROR1-1,ROR1,154,12,0.0020786181557923555,1.7937861680984497,1.6458324193954468,3.2834205627441406,2.4288179874420166,4.568409271468606e-64,4.7633984886968993e-05,0.7397218665805382,2.324478770101197e-62,0.0024020230779002233,True,True,False,Stim8hr,24
ARL15-2,ARL15,75,10,0.1508258432149887,1.9033401012420654,1.7696106433868408,2.9681942462921143,2.40592885017395,2.074493189159096e-31,0.00014554131978335638,0.8105698786996338,2.0155942619292022e-30,0.004895746898340695,True,True,True,Stim8hr,24
LOH12CR1-2,BORCS5,39,10,0.43609580397605896,1.6991488933563232,1.568767786026001,2.4337875843048096,2.401263475418091,3.48029166042776e-17,1.3432606178987e-05,0.9866364225471185,1.4181546734324706e-16,0.0009961199327240947,True,True,True,Stim8hr,24
KLRC1-1,KLRC1,83,10,0.00015000785060692579,1.6293340921401978,1.5362932682037354,2.074720859527588,2.3814704418182373,1.349024126499493e-22,0.00023873403758998643,1.1478510137313103,7.604484398212156e-22,0.0064452950057066255,True,True,True,Stim8hr,24
ANKS6-3,ANKS6,87,17,0.09042977541685104,1.2148027420043945,1.4633665084838867,1.836790919303894,2.3610007762908936,1.1113854280261244e-21,9.885885841054722e-07,1.2853944079741337,5.879244117889225e-21,0.00015578508437862065,True,True,True,Stim8hr,24
RAI14-4,RAI14,59,10,0.01827329955995083,1.68964684009552,1.5162603855133057,2.550462007522583,2.3604366779327393,1.6482199846836596e-20,0.0002390615792016033,0.9254937619029947,8.213487990685196e-20,0.0064452950057066255,True,True,True,Stim8hr,24
LAIR2-4,LAIR2,61,10,0.042567070573568344,3.6128368377685547,2.6402201652526855,5.239989757537842,2.3559608459472656,8.576136930302991e-38,0.00024288863138769784,0.4496117273050321,1.2103620988861923e-36,0.0064452950057066255,True,True,False,Stim8hr,24
USH1G-3,USH1G,80,11,4.648611502489075e-05,1.333457350730896,1.8307139873504639,2.2033650875091553,2.3324060440063477,2.741675066386433e-23,0.0001365221958890478,1.0585653994559157,1.5966954038729425e-22,0.004693881316839807,True,True,True,Stim8hr,24
DPYD-3,DPYD,44,12,0.13790707290172577,1.7021046876907349,1.5081614255905151,2.6571896076202393,2.3281617164611816,2.901791497260627e-17,3.67415339043736e-05,0.8761744776452995,1.1937476297773237e-16,0.0021377920188667835,True,True,True,Stim8hr,24
LAX1-4,LAX1,58,10,0.29835405945777893,1.9535746574401855,1.7532097101211548,2.7363409996032715,2.3182647228240967,1.1810171106773117e-24,0.0001006863248244363,0.847213385744032,7.499167761886969e-24,0.003955479751262339,True,True,True,Stim8hr,24
FGR-4,FGR,128,11,0.0023380094207823277,2.3860435485839844,1.634681224822998,3.06304669380188,2.2885549068450928,2.6303587402918555e-50,0.00015679343904285287,0.7471498594768462,7.063609200492087e-49,0.005112006779828186,True,True,False,Stim8hr,24
ARHGAP23-4,ARHGAP23,89,10,0.009855625219643116,1.8041478395462036,1.4081255197525024,3.4527010917663574,2.2863717079162598,1.470125682930075e-39,0.0003063161722526025,0.6621979856201747,2.2831228979480322e-38,0.007474114602963501,True,True,False,Stim8hr,24
TMPRSS6-1,TMPRSS6,101,13,0.006885650102049112,2.68566632270813,2.379730224609375,2.932394027709961,2.2795212268829346,1.5889323573911592e-38,4.114849312451295e-05,0.7773584331922527,2.3274247825877324e-37,0.0022696785167771235,True,True,False,Stim8hr,24
EVI2A-2,EVI2A,19,11,0.47725459933280945,2.508143663406372,2.2922658920288086,2.0075743198394775,2.277047634124756,1.1480341437432298e-06,4.595935287267012e-05,1.1342283130553419,2.3206733057266443e-06,0.0023488955751951135,True,True,True,Stim8hr,24
ARL2BP-3,ARL2BP,86,10,0.6861198544502258,3.1956698894500732,2.716482639312744,2.865438222885132,2.27595591545105,6.800750167648938e-36,0.00014807336449594642,0.7942784797361472,8.679373233761863e-35,0.004895746898340695,True,True,False,Stim8hr,24
FGFBP2-3,FGFBP2,62,14,0.01118086650967598,3.273070812225342,2.886852264404297,2.790308952331543,2.2327895164489746,3.208309613102236e-23,2.544064192825459e-05,0.8001943708001535,1.8628428339138657e-22,0.0015773197995517846,True,True,True,Stim8hr,24
GABRP-3,GABRP,126,11,2.0585526726790704e-05,2.8129353523254395,2.494098424911499,2.4320147037506104,2.204658031463623,1.2990693731717531e-39,0.00020943387186976513,0.906515091402876,2.0504086800225183e-38,0.006005773376369642,True,True,True,Stim8hr,24
GLRX-1,GLRX,69,10,0.3588699400424957,2.1265814304351807,1.8066320419311523,1.7179361581802368,2.2012486457824707,1.607563215071937e-16,0.00013603845702752718,1.2813332063015623,6.228904762207596e-16,0.004693881316839807,True,True,True,Stim8hr,24
TNFAIP8L3-4,TNFAIP8L3,71,12,0.005216982215642929,2.484074354171753,1.4951332807540894,3.125774621963501,2.194478988647461,3.570311073599931e-29,0.00011041613535999895,0.7020592506023249,3.0079287410917067e-28,0.00417593823931516,True,True,False,Stim8hr,24
PSD4-2,PSD4,118,13,1.2724140882492065,2.9053196907043457,2.8728599548339844,2.5257675647735596,2.171701192855835,3.4344523691597545e-50,1.0104642953190263e-05,0.8598183075688252,9.159329180372946e-49,0.0007961616593534495,True,True,True,Stim8hr,24
CYP1B1-4,CYP1B1,55,11,0.5194536447525024,3.025871753692627,2.845327854156494,2.925157308578491,2.1696176528930664,1.0941415433617812e-26,7.665855715656781e-05,0.7417097352440896,7.908495977906557e-26,0.0032900077449489924,True,True,False,Stim8hr,24
HSPB1-3,HSPB1,87,11,0.4343690872192383,3.94785737991333,3.4251303672790527,2.9170870780944824,2.158216953277588,1.1568373818696913e-34,0.00018842715884951784,0.7398534550046383,1.3597234515775368e-33,0.0058412419243350526,True,True,False,Stim8hr,24
FAM129A-2,NIBAN1,105,14,0.21646498143672943,2.000976085662842,1.7690942287445068,3.1303274631500244,2.1551265716552734,1.821954603851012e-47,1.6922019859516448e-05,0.6884668128255778,4.376085995709232e-46,0.0011851681316424297,True,True,False,Stim8hr,24
WDR45-2,WDR45,85,11,0.21964436769485474,2.012892723083496,2.0250370502471924,2.2841196060180664,2.146763801574707,3.8815414143516865e-27,0.00017600988715818307,0.9398648809451737,2.9202180251552474e-26,0.005641266044341088,True,True,True,Stim8hr,24
IFI27-1,IFI27,36,11,0.48063743114471436,3.2637088298797607,2.8115975856781006,2.381401777267456,2.1459414958953857,1.0231481682578888e-13,8.059811162275469e-05,0.9011253440642638,3.25639009601091e-13,0.003386911757302869,True,True,True,Stim8hr,24
CDA-4,CDA,59,10,0.001145674497820437,3.007566213607788,2.297095775604248,4.345129013061523,2.1303293704986572,9.775644965978949e-32,0.0005116194727354294,0.4902798890654006,9.692927970112972e-31,0.010183920241502073,True,True,False,Stim8hr,24
LUM-1,LUM,116,13,0.00018908412312157452,2.902113199234009,2.2377309799194336,2.6795814037323,2.1258695125579834,2.472709670261276e-40,7.742218120054478e-05,0.793358809550227,4.103849053605303e-39,0.0032900077449489924,True,True,False,Stim8hr,24
KCNIP2-3,KCNIP2,36,13,0.01729501038789749,1.4141247272491455,1.3939969539642334,1.7430323362350464,2.096611976623535,5.3296145789701075e-09,8.190176291762857e-05,1.2028531731959842,1.2597566978531421e-08,0.0034038732676315523,True,True,True,Stim8hr,24
IL26-2,IL26,151,12,0.1998925805091858,2.775179862976074,2.1929931640625,4.148416042327881,2.079429864883423,1.242852669046759e-86,0.00010144937490017104,0.5012587560327127,1.335030908667727e-84,0.003955479751262339,True,True,False,Stim8hr,24
RAB3IP-2,RAB3IP,115,10,0.4534221291542053,2.4873907566070557,1.8436237573623657,2.7912280559539795,2.071423292160034,2.48536393110293e-47,0.00019176980866999043,0.7421189708026448,5.896259092990816e-46,0.005846646857186597,True,True,False,Stim8hr,24
SERPINE1-1,SERPINE1,42,11,0.002026190049946308,2.435798406600952,2.11972713470459,1.9749817848205566,2.0606915950775146,1.2491102721609457e-11,0.0003433088305579168,1.0433977725342645,3.4926315418990433e-11,0.008270025459681791,True,True,True,Stim8hr,24
PLEKHH1-1,PLEKHH1,69,14,0.02951228804886341,1.2753303050994873,1.044586420059204,2.665480852127075,2.0585103034973145,3.9444267355150637e-25,4.529409108613729e-05,0.7722847837584752,2.5506853154242058e-24,0.0023466061984626194,True,True,False,Stim8hr,24
CRHBP-1,CRHBP,129,10,0.002233813749626279,4.049298286437988,3.212339401245117,3.1358067989349365,2.0517172813415527,9.576154053115997e-52,0.0006558459309610134,0.6542868910286214,2.683404907492722e-50,0.011483376439326632,True,True,False,Stim8hr,24
PRKD1-3,PRKD1,119,20,0.0002701011544559151,1.2098827362060547,1.0913090705871582,2.427734613418579,2.0501105785369873,1.8909700724066306e-37,1.6305769731358735e-06,0.8444541537636002,2.6209251863786526e-36,0.00022840155971851384,True,True,True,Stim8hr,24
CBFB-3,CBFB,72,11,1.7794421911239624,3.4261422157287598,3.312908887863159,2.3685531616210938,2.0498435497283936,1.0537291334123826e-28,7.6255377587466e-05,0.8654412250242389,8.596562360560514e-28,0.0032900077449489924,True,True,True,Stim8hr,24
SYNE2-3,SYNE2,63,10,0.9136321544647217,2.7115840911865234,2.5246341228485107,2.3972063064575195,2.0497968196868896,4.1179200142675844e-26,0.00012751751539690382,0.8550773515676189,2.8691885937248195e-25,0.004549728709727266,True,True,True,Stim8hr,24
CYBRD1-4,CYBRD1,26,14,0.07169045507907867,3.110947608947754,2.3027687072753906,4.095430374145508,2.046281099319458,1.9902412364888685e-14,5.254969613479991e-05,0.49964983222218856,6.733388330273363e-14,0.0026150388260764903,True,True,False,Stim8hr,24
C19orf38-4,C19orf38,78,15,0.024096926674246788,1.4899678230285645,1.6074265241622925,1.7441684007644653,2.0447301864624023,1.0833396529236406e-17,3.0307887858498595e-05,1.1723238338489572,4.5834512449187286e-17,0.001819435426680027,True,True,True,Stim8hr,24
SLC35F3-1,SLC35F3,46,10,0.5538497567176819,2.0201213359832764,1.6917479038238525,2.1206960678100586,2.043736457824707,1.2127560430553665e-16,4.43185215439937e-05,0.9637102123432406,4.756316043098481e-16,0.00233153175564753,True,True,True,Stim8hr,24
PLAGL1-1,PLAGL1,88,11,0.2884705364704132,2.014692783355713,1.8889434337615967,1.9929343461990356,2.0377144813537598,1.1313394936998407e-24,0.0001951160749388984,1.0224694482485737,7.195542470620532e-24,0.005856579328721538,True,True,True,Stim8hr,24
BTK-3,BTK,50,10,0.0017042466206476092,2.9464199542999268,2.032524347305298,4.446849346160889,2.0359981060028076,1.4442790850143631e-27,0.0006889695009211675,0.45785182890455955,1.1192439322145375e-26,0.011905425724904438,True,True,False,Stim8hr,24
BCAM-4,BCAM,87,10,0.005274030379951,2.591162919998169,2.062150716781616,2.1387767791748047,2.0310046672821045,2.0554521961551664e-24,0.0006961795931731587,0.9496103974280656,1.2799410052386519e-23,0.011905425724904438,True,True,True,Stim8hr,24
ACY1-1,ACY1,41,11,0.20422875881195068,2.1860759258270264,1.5240212678909302,2.7460906505584717,2.0266871452331543,1.4876434055012673e-16,0.00021205585791755753,0.738026308352562,5.804961704413118e-16,0.006030039508603026,True,True,False,Stim8hr,24
CHD5-1,CHD5,74,10,0.0013771492522209883,1.9467417001724243,1.2077518701553345,2.849395513534546,2.0217692852020264,6.723846655170164e-28,0.0007195209524695676,0.7095432261329397,5.2633836063852276e-27,0.011947556586513674,True,True,False,Stim8hr,24
ADAP2-3,ADAP2,255,10,0.0045098355039954185,2.620929479598999,1.9336458444595337,3.1343801021575928,2.019118070602417,1.286086234495435e-100,0.0007234242354076234,0.644184178304517,1.7149294719978782e-98,0.011947556586513674,True,True,False,Stim8hr,24
CHMP4C-3,CHMP4C,46,10,0.014292687177658081,2.424478530883789,1.4543817043304443,3.7387959957122803,2.0147249698638916,1.5749751005628806e-22,0.0007152712634634145,0.538869992418526,8.813934462918465e-22,0.011947556586513674,True,True,False,Stim8hr,24
TSC22D3-4,TSC22D3,50,14,0.021140582859516144,1.7086330652236938,1.456286072731018,2.564046859741211,2.0138144493103027,9.083935734364696e-18,6.245946838244849e-05,0.7854046979131875,3.864420185345245e-17,0.0029163174002767925,True,True,False,Stim8hr,24
KYNU-4,KYNU,96,16,0.00020437678904272616,1.528488278388977,0.965133786201477,2.0482254028320312,2.0120551586151123,1.660863884568791e-25,2.135550430190613e-05,0.9823406915240348,1.1073380416599164e-24,0.0014279051922969218,True,True,True,Stim8hr,24
SIK2-3,SIK2,143,10,0.1988164186477661,1.4666547775268555,1.144359827041626,1.896845817565918,2.0047149658203125,3.6053347391969987e-37,0.00024184024267219864,1.0568676416688496,4.9090948719981665e-36,0.0064452950057066255,True,True,True,Stim8hr,24
GNB2L1-1,RACK1,82,10,0.6432812809944153,1.100974678993225,1.5409553050994873,0.808461606502533,2.003952980041504,3.553294118922167e-10,6.826915270014187e-06,2.4787237438655354,9.045811953832799e-10,0.0005737643011376368,True,True,True,Stim8hr,24
CLIC2-1,CLIC2,52,12,0.005470065865665674,1.6673766374588013,1.488319754600525,2.362980604171753,2.00089430809021,7.142119462293456e-17,0.00023196249844489078,0.8467671315446714,2.847275872235958e-16,0.006425355793440501,True,True,True,Stim8hr,24
NTRK3-1,NTRK3,90,10,0.03485686704516411,1.637477159500122,1.0354468822479248,2.240265130996704,1.9977827072143555,7.022700817283801e-27,0.0006341554290276644,0.8917617292581494,5.143330314476602e-26,0.01137217855527184,True,True,True,Stim8hr,24
ABCD3-2,ABCD3,216,15,0.4250665605068207,2.927072525024414,2.286574125289917,4.513228416442871,1.9967015981674194,1.153054608232849e-136,1.9928825348377112e-05,0.44241093379916546,2.9725747800242842e-134,0.0013703784994102226,True,True,False,Stim8hr,24
ADAM22-4,ADAM22,92,11,0.029856130480766296,1.4580832719802856,1.6737918853759766,2.534585952758789,1.9965441226959229,3.5432380456623423e-31,0.00040727861422559374,0.7877200299807428,3.3831361784138955e-30,0.008957408760112131,True,True,False,Stim8hr,24
WISP1-4,CCN4,86,18,6.81824940329534e-06,2.5695085525512695,1.835827350616455,3.212559461593628,1.9942498207092285,8.570531601067997e-36,7.417821974694883e-06,0.6207666642596422,1.0866310066009819e-34,0.0006098739719194793,True,True,False,Stim8hr,24
PRDM4-3,PRDM4,64,10,0.4143786132335663,2.1789326667785645,1.9134479761123657,3.2734732627868652,1.9924598932266235,2.0905980033134684e-33,0.00037947005109737576,0.608668448854336,2.251905982956318e-32,0.00870075092557542,True,True,False,Stim8hr,24
SH3RF1-4,SH3RF1,36,10,0.016743667423725128,1.5073212385177612,1.2598541975021362,2.630375385284424,1.9917166233062744,1.6990494006938478e-13,0.0007557406907954135,0.7571986243670347,5.337306281464752e-13,0.012111064799102771,True,True,False,Stim8hr,24
OGN-4,OGN,51,11,0.0006906372145749629,2.8926165103912354,2.02908992767334,5.169355869293213,1.9855899810791016,4.20447575765297e-31,0.0004489740960750165,0.38410781367826086,3.9849773908931456e-30,0.009572906019430782,True,True,False,Stim8hr,24
GZF1-3,GZF1,29,12,0.16510355472564697,1.0925519466400146,1.3145952224731445,1.9215662479400635,1.9786863327026367,2.251335686218576e-09,0.00012921989501414315,1.0297257952068042,5.45483402168373e-09,0.004567379840593359,True,True,True,Stim8hr,24
RDH11-2,RDH11,336,29,0.7340108752250671,2.22204327583313,2.191514015197754,1.9138967990875244,1.9703634977340698,2.689278294305687e-94,4.670877479701824e-10,1.0295035232168561,3.354657794864546e-92,4.416314657058075e-07,True,True,True,Stim8hr,24
SAMHD1-4,SAMHD1,91,10,0.7787624001502991,2.486741542816162,2.4436392784118652,1.964413046836853,1.9661349058151245,4.611149481059389e-27,0.0003140893603068193,1.000876525932794,3.4357061740378916e-26,0.007614653594105068,True,True,True,Stim8hr,24
CAVIN1-3,CAVIN1,113,10,0.041583336889743805,3.103397846221924,2.4532012939453125,2.6703920364379883,1.9647332429885864,1.85608060711944e-39,0.000836542213126925,0.7357471173443605,2.836942176968725e-38,0.012816148330792093,True,True,False,Stim8hr,24
FAM81A-2,FAM81A,277,19,0.009922850877046585,2.0387728214263916,1.5672756433486938,2.9332275390625,1.9578901529312134,8.000390923050088e-103,5.066367128139982e-06,0.6674866258609389,1.1049111321226675e-100,0.0004790250119656353,True,True,False,Stim8hr,24
COL19A1-3,COL19A1,162,14,0.0004354866105131805,2.1110005378723145,1.481886625289917,3.9328951835632324,1.9564002752304077,3.552676651362453e-78,8.908657309560165e-05,0.4974453129101433,3.194930374608978e-76,0.0035843129728464406,True,True,False,Stim8hr,24
ATP6V1H-2,ATP6V1H,77,10,0.5531742572784424,2.4588491916656494,1.841888427734375,2.5420877933502197,1.9558433294296265,1.3673449162798633e-29,0.00025647611696673155,0.7693846508943811,1.185543226738617e-28,0.006626358866322244,True,True,False,Stim8hr,24
TRIM62-3,TRIM62,79,10,0.036767616868019104,0.8399500846862793,0.8118699193000793,1.5607348680496216,1.9482455253601074,4.942780709900705e-16,0.0006988377871308262,1.2482873069881113,1.8684000982586536e-15,0.011905425724904438,True,True,True,Stim8hr,24
OGG1-1,OGG1,70,18,0.4238520562648773,2.2190604209899902,1.832844614982605,3.2186217308044434,1.9456371068954468,1.0378950301540148e-35,2.13428159056102e-06,0.6044938702409014,1.3030974290927193e-34,0.00027845042849861985,True,True,False,Stim8hr,24
TBC1D17-3,TBC1D17,177,12,0.2517549395561218,2.031371831893921,1.751145362854004,2.3914408683776855,1.9431555271148682,1.7578349192535822e-58,0.00016812807014543633,0.8125459227570503,7.007781064694435e-57,0.005434703942649916,True,True,True,Stim8hr,24
PVRL3-2,NECTIN3,75,11,0.11273790150880814,2.304823160171509,1.5651224851608276,3.833892822265625,1.9379563331604004,2.534237765866363e-38,0.0004039170825048388,0.5054800493914622,3.6430845504108646e-37,0.008957408760112131,True,True,False,Stim8hr,24
BPIFC-4,BPIFC,104,10,0.00013067621330264956,3.0835306644439697,2.180534601211548,3.9919018745422363,1.9366984367370605,2.2953527074342875e-51,0.0009515543542148348,0.48515682439191915,6.295126893367652e-50,0.013948754138141494,True,True,False,Stim8hr,24
IL17RB-1,IL17RB,44,13,0.004458333365619183,1.8740901947021484,1.4752094745635986,2.3632185459136963,1.917736291885376,1.6145724834265785e-14,0.00018279305945834393,0.8114934165531937,5.496084325185369e-14,0.005809439923289552,True,True,True,Stim8hr,24
PLEK-2,PLEK,78,11,0.012690386734902859,2.0024802684783936,1.998231053352356,1.9000904560089111,1.9124476909637451,1.9487753423126525e-19,0.0005712655832944126,1.0065034982496517,9.201360499051314e-19,0.010802632180097343,True,True,True,Stim8hr,24
SERPINE2-3,SERPINE2,92,11,0.15944325923919678,3.352248191833496,3.0731165409088135,2.639627695083618,1.9111837148666382,1.6238709978187542e-32,0.0005368752605614396,0.7240353321137948,1.6880400937003016e-31,0.010560325399966037,True,True,False,Stim8hr,24
MTTP-1,MTTP,73,10,0.0007963410462252796,2.6126227378845215,1.990599274635315,2.5205905437469482,1.9104310274124146,1.6151494880056572e-24,0.0010359303696236147,0.7579299351700695,1.0139258230710837e-23,0.014728904729009439,True,True,False,Stim8hr,24
TMBIM1-4,TMBIM1,67,13,0.767077624797821,2.9798965454101562,2.375481605529785,3.4307820796966553,1.9096664190292358,1.3506520724181364e-36,5.9170773960631225e-05,0.5566271405959092,1.78868889179484e-35,0.0027972983389888415,True,True,False,Stim8hr,24
TSPAN9-4,TSPAN9,40,14,0.005665245931595564,1.424318790435791,0.9256708025932312,3.0380663871765137,1.9033784866333008,9.644740938440824e-17,0.00010949551354824574,0.6265098401625919,3.8135187330215403e-16,0.00417593823931516,True,True,False,Stim8hr,24
MET-4,MET,133,14,0.030230343341827393,1.7979737520217896,1.386461853981018,3.30218768119812,1.902590036392212,8.391382526058528e-57,0.00010309280929555614,0.5761604790742549,3.0326613297447034e-55,0.003978540864855034,True,True,False,Stim8hr,24
HFE-3,HFE,114,13,0.0024083638563752174,2.0516622066497803,1.302628993988037,2.8564019203186035,1.8978462219238281,3.411687924230556e-42,0.00020145415096496926,0.6644184799148091,6.59649860149978e-41,0.005945177150059868,True,True,False,Stim8hr,24
CAND2-1,CAND2,103,10,0.008445546962320805,0.8341149091720581,1.048804759979248,1.4350353479385376,1.8876607418060303,6.915307179574101e-18,0.0010821912902567138,1.315410623520668,2.967979230123535e-17,0.015310483946083234,True,True,True,Stim8hr,24
LEPREL1-2,P3H2,74,10,0.00030837711528874934,1.4873919486999512,1.4522079229354858,2.209665536880493,1.8861784934997559,9.826919767807155e-22,0.0011229571968264186,0.8536036164833245,5.227056223123833e-21,0.015729718957027836,True,True,True,Stim8hr,24
TMC8-3,TMC8,120,10,0.8528414964675903,2.0545809268951416,2.0521998405456543,1.833412528038025,1.884032130241394,1.2352903609004058e-38,0.00012159958828688653,1.0276094994602978,1.8332116241561578e-37,0.004422015797125047,True,True,True,Stim8hr,24
ACOT13-1,ACOT13,88,10,0.6045834422111511,1.7579238414764404,1.7799100875854492,1.651900053024292,1.883503794670105,1.2811084235937068e-22,0.00023445243244177394,1.1402044519714094,7.232184341659656e-22,0.006425355793440501,True,True,True,Stim8hr,24
SELENBP1-2,SELENBP1,67,10,0.0002837224747054279,2.55928111076355,2.0876057147979736,2.308627128601074,1.8735086917877197,9.598188348511369e-21,0.0011710079765866314,0.8115250265308036,4.82028497970045e-20,0.015940502255262883,True,True,True,Stim8hr,24
MLPH-3,MLPH,110,10,0.0001862430217443034,1.993491768836975,1.3273755311965942,3.201430559158325,1.8711684942245483,3.451884814565959e-45,0.0011803281035555077,0.5844788633230544,7.760720103445676e-44,0.015940502255262883,True,True,False,Stim8hr,24
STAMBPL1-1,STAMBPL1,68,11,0.5487890243530273,2.3944828510284424,2.307994842529297,2.5529274940490723,1.863618016242981,4.077353060484009e-27,0.00036900072606113534,0.7299925362498989,3.0615775310469254e-26,0.008561722367872476,True,True,False,Stim8hr,24
TMEM62-4,TMEM62,47,10,0.13146673142910004,1.673568606376648,1.1173073053359985,2.737562656402588,1.8604867458343506,7.986247945535726e-19,0.0007201922402887685,0.6796143063549834,3.654771692945166e-18,0.011947556586513674,True,True,False,Stim8hr,24
BCAP31-3,BCAP31,25,11,0.9765085577964783,2.0615382194519043,2.0183331966400146,2.0467686653137207,1.8598746061325073,2.5985119916157984e-11,4.438664368234325e-05,0.9086882350954073,7.091352061805429e-11,0.00233153175564753,True,True,True,Stim8hr,24
CCPG1-1,CCPG1,46,22,0.2408987283706665,2.13454270362854,1.9062286615371704,2.0121352672576904,1.8412543535232544,1.905118459086933e-13,1.1627813154102128e-06,0.9150748379022614,5.970091637997707e-13,0.00017590555739525698,True,True,True,Stim8hr,24
NHSL1-4,NHSL1,89,13,0.0030766536947339773,1.8562906980514526,1.1535686254501343,2.8739075660705566,1.8390920162200928,1.632362649543407e-33,0.0002591195356921776,0.6399273372367543,1.783148690899535e-32,0.006626358866322244,True,True,False,Stim8hr,24
KCNQ4-2,KCNQ4,68,13,0.012747320346534252,1.9463772773742676,1.5859084129333496,2.6863975524902344,1.8329012393951416,1.7030870670916973e-24,0.000262315139535982,0.6822896475974229,1.0622318852328376e-23,0.00662650663589577,True,True,False,Stim8hr,24
PCGF6-2,PCGF6,66,10,0.3627329468727112,1.5940210819244385,1.4013314247131348,1.7952133417129517,1.8208059072494507,6.061235524767477e-18,0.00039890408832617217,1.0142560023044833,2.6072077613210047e-17,0.008957408760112131,True,True,True,Stim8hr,24
RTCA-3,RTCA,56,12,0.661198079586029,2.0407583713531494,1.7446637153625488,2.3562369346618652,1.8173102140426636,4.7555546474844636e-23,6.382100373802448e-05,0.7712765160874872,2.7365669377711935e-22,0.0029435492211854707,True,True,False,Stim8hr,24
ST6GALNAC3-4,ST6GALNAC3,140,18,0.0011166465701535344,0.9475831389427185,0.7926841378211975,1.7785594463348389,1.8134756088256836,6.950359197936448e-31,2.1737538567968307e-05,1.0196317095629264,6.445333097942504e-30,0.0014279051922969218,True,True,True,Stim8hr,24
ATRNL1-4,ATRNL1,68,10,0.0030074724927544594,2.8562824726104736,1.8528461456298828,5.030467987060547,1.8009347915649414,2.6514880310882735e-40,0.001488240491343043,0.35800541742782893,4.3817539385548516e-39,0.017956575880005092,True,True,False,Stim8hr,24
SHISA8-1,SHISA8,75,11,0.009789903648197651,1.3798648118972778,0.920711874961853,2.32194447517395,1.8003052473068237,2.689256978866995e-23,0.0008370144467756867,0.7753437976469926,1.5685304279455008e-22,0.012816148330792093,True,True,False,Stim8hr,24
PCP4-3,PCP4,97,11,0.00044687362969852984,4.124910354614258,2.524820566177368,3.464034080505371,1.8001492023468018,7.746283148937974e-43,0.0008830797305296078,0.5196684445102735,1.544065821491915e-41,0.013359230163451906,True,True,False,Stim8hr,24
WDR74-1,WDR74,110,10,1.0699235200881958,2.186784267425537,2.27907657623291,1.6946637630462646,1.7965203523635864,1.900145830684575e-32,0.0002468848110792814,1.0601043059622801,1.9699367097204425e-31,0.00648415524654057,True,True,True,Stim8hr,24
S100A1-2,S100A1,71,11,0.0008984642336145043,4.13184118270874,2.704014778137207,3.5941455364227295,1.796069622039795,9.3839487817731e-33,0.0008963921960428994,0.4997208943930055,9.941843818936049e-32,0.013506594762686237,True,True,False,Stim8hr,24
SYNDIG1-4,SYNDIG1,36,10,1.1498144885990769e-05,1.5517725944519043,1.1636905670166016,2.7133724689483643,1.789786696434021,9.406983402662537e-14,0.0015503001534692756,0.6596170326470873,2.998912186157958e-13,0.018208804908139132,True,True,False,Stim8hr,24
TBC1D8B-3,TBC1D8B,48,10,0.004451422486454248,2.1257131099700928,1.375524878501892,3.621429920196533,1.7896941900253296,8.305839458523321e-23,0.0015374971656181523,0.4941954502679438,4.737268611520602e-22,0.01811468623167555,True,True,False,Stim8hr,24
RBMS2-3,RBMS2,24,10,0.05112761631608009,1.1237095594406128,0.7463737726211548,2.1138806343078613,1.7892329692840576,5.003255640026375e-08,0.00102501974645318,0.8464210042162094,1.1137322008491453e-07,0.014705929851609161,True,True,True,Stim8hr,24
TMSB15A-2,TMSB15A,54,11,0.002024398185312748,3.4250433444976807,2.22471022605896,4.516700744628906,1.7876008749008179,5.5138647182283114e-30,0.0009241028716273717,0.3957758053877195,4.890393317749743e-29,0.013687516686558364,True,True,False,Stim8hr,24
PADI4-4,PADI4,47,12,3.989000470028259e-05,2.3867909908294678,2.727915048599243,2.1903207302093506,1.7823821306228638,2.9195488494155474e-14,0.0005625559696110428,0.8137539429910358,9.674289117986222e-14,0.010745387257924061,True,True,True,Stim8hr,24
KLHL7-2,KLHL7,146,16,0.23129966855049133,2.053131580352783,1.6292678117752075,2.671231508255005,1.777103304862976,2.6082420080990294e-54,4.1195262269507335e-05,0.6652749113549793,8.13392890751528e-53,0.0022696785167771235,True,True,False,Stim8hr,24
IFI30-4,IFI30,34,11,0.25635236501693726,1.813432216644287,1.9908931255340576,1.5363860130310059,1.7737613916397095,8.585263748777093e-08,0.0007322021038101829,1.1545024340207353,1.8831091841475335e-07,0.011987828383593559,True,True,True,Stim8hr,24
P2RY14-1,P2RY14,129,13,0.01765230856835842,2.043863534927368,1.4778231382369995,3.557328224182129,1.7565690279006958,2.366426134870194e-58,0.0003589709480714159,0.49378885421925084,9.337724350554122e-57,0.00843247282985152,True,True,False,Stim8hr,24
HMGCS2-3,HMGCS2,45,10,0.00022424179769586772,2.731161594390869,1.678632378578186,2.505901575088501,1.756408929824829,1.246025581867996e-15,0.001735367919511631,0.7009089851275575,4.602083023002426e-15,0.019303121126998855,True,True,False,Stim8hr,24
PSD3-4,PSD3,62,10,0.09935799986124039,1.0704385042190552,1.1527087688446045,1.8309197425842285,1.7532745599746704,2.1423987476248547e-16,0.0012380006488016879,0.9575922522415063,8.251649359626806e-16,0.016371043544643298,True,True,True,Stim8hr,24
SLC48A1-3,SLC48A1,119,12,0.13720062375068665,1.8987300395965576,1.4634455442428589,2.4167964458465576,1.7532482147216797,4.64790225812709e-39,0.0004645349045014352,0.7254430623376519,7.04840707144214e-38,0.009666252244097867,True,True,False,Stim8hr,24
BACE2-4,BACE2,42,12,0.012537328526377678,1.64276123046875,1.582830786705017,2.443222999572754,1.7518986463546753,2.05120761368973e-14,0.0006244890031840458,0.7170441038992469,6.927528246408895e-14,0.01137217855527184,True,True,False,Stim8hr,24
FAM129A-4,NIBAN1,169,11,0.21646498143672943,1.54412043094635,1.2475765943527222,1.9366925954818726,1.750550389289856,3.826721202764202e-45,0.00045963065433914986,0.9038865503868454,8.553717278086225e-44,0.00965735074839258,True,True,True,Stim8hr,24
EPAS1-2,EPAS1,177,20,0.06752897053956985,1.7553625106811523,1.166565179824829,2.494004964828491,1.7482837438583374,6.060766694302065e-59,6.620048781661819e-06,0.7009944921976384,2.467051032301693e-57,0.0005690232839146591,True,True,False,Stim8hr,24
PLCD3-1,PLCD3,90,11,0.03285988047719002,2.163205146789551,1.3373591899871826,3.522376298904419,1.7443138360977173,5.449277065103406e-41,0.0010117059446883253,0.4952093950439819,9.407301076229853e-40,0.014705929851609161,True,True,False,Stim8hr,24
SEMA3G-4,SEMA3G,67,12,0.0168769508600235,2.574176788330078,2.133082628250122,2.839271068572998,1.741328239440918,2.0721785854548383e-25,0.0006551697671912682,0.6133011598346966,1.3697631777698906e-24,0.011483376439326632,True,True,False,Stim8hr,24
C8G-4,C8G,77,15,0.002091536531224847,1.8849798440933228,1.3160400390625,2.932723045349121,1.7412264347076416,9.440653313313835e-30,0.00014886591573484397,0.5937234467021962,8.278232735279953e-29,0.004895746898340695,True,True,False,Stim8hr,24
TRIM22-3,TRIM22,59,15,1.0076311826705933,3.203112840652466,2.6846535205841064,2.5051379203796387,1.7377015352249146,3.1541176263316135e-25,2.2319644936368512e-05,0.6936550363508833,2.053362434515884e-24,0.0014307270703278936,True,True,False,Stim8hr,24
CDC73-4,CDC73,136,10,0.970349907875061,1.88613760471344,1.9696143865585327,1.7738966941833496,1.7348439693450928,5.484046195905911e-50,0.0002043556397429357,0.9779847806434774,1.4525210027101478e-48,0.005945177150059868,True,True,True,Stim8hr,24
BTK-4,BTK,85,11,0.0017042466206476092,2.0119032859802246,1.4570368528366089,3.0213167667388916,1.7216025590896606,1.4919383428015765e-33,0.001182003868972766,0.5698186228079292,1.6343698503154945e-32,0.015940502255262883,True,True,False,Stim8hr,24
MOGAT2-1,MOGAT2,131,14,7.418594032060355e-05,2.0114567279815674,1.3240948915481567,2.2753539085388184,1.712114691734314,2.427075192593525e-38,0.0002827370522981213,0.7524608305148432,3.52838337208991e-37,0.0070349442881019394,True,True,False,Stim8hr,24
KLRC1-4,KLRC1,59,10,0.00015000785060692579,1.9960570335388184,1.4006351232528687,3.7385551929473877,1.7116553783416748,2.411979142012849e-28,0.0020213664877982195,0.457838734485085,1.9270915996205963e-27,0.02198263090754605,True,True,False,Stim8hr,24
GPC3-1,GPC3,25,12,0.0036733977030962706,1.9890743494033813,1.5755596160888672,2.4804935455322266,1.711373209953308,2.9305509585296204e-09,0.0007486179940649963,0.6899325390448084,7.043157586472369e-09,0.01209945834852058,True,True,False,Stim8hr,24
MT1E-1,MT1E,62,10,0.021976696327328682,0.8631689548492432,0.5576463341712952,1.4969148635864258,1.7100712060928345,3.876008446595881e-12,0.0015907384054133116,1.1423971046661345,1.1235775609434988e-11,0.018247809124493232,True,True,True,Stim8hr,24
CDKL2-2,CDKL2,59,11,0.004710756707936525,1.9312663078308105,1.7084139585494995,2.705742835998535,1.7031623125076294,1.5061598969226024e-21,0.0012635794652226704,0.6294620057190651,7.924245335237692e-21,0.016540781147504485,True,True,False,Stim8hr,24
CMAS-1,CMAS,141,17,0.7905027270317078,2.257580518722534,1.8223141431808472,2.2274205684661865,1.7016016244888306,4.3779979591470204e-51,2.844270352276663e-06,0.7639336946863889,1.1838963711903167e-49,0.0003134533447481097,True,True,False,Stim8hr,24
DPEP1-3,DPEP1,119,10,0.0001598793751327321,2.0308289527893066,1.0247199535369873,2.101682186126709,1.6986639499664307,4.168580404561493e-32,0.0021124533010778318,0.8082401617044583,4.242079059062972e-31,0.022505065872327774,True,True,True,Stim8hr,24
RGCC-2,RGCC,62,12,0.8988198637962341,2.3644120693206787,2.3651340007781982,1.3284986019134521,1.6984326839447021,4.203183567692373e-13,4.003469392681637e-05,1.2784602719930827,1.288954072661888e-12,0.0022696785167771235,True,True,True,Stim8hr,24
DEPDC7-4,DEPDC7,81,10,0.012083057314157486,1.2224160432815552,1.3126288652420044,2.031421184539795,1.694606900215149,9.674260541372652e-22,0.0020962934668686886,0.8341977100130769,5.1529429081939456e-21,0.022395994044342882,True,True,True,Stim8hr,24
UQCRQ-1,UQCRQ,91,11,1.2179254293441772,2.4888596534729004,2.3880977630615234,1.8729580640792847,1.6874500513076782,3.1553016600901833e-28,0.0002995544598564004,0.9009545294529597,2.500317934337856e-27,0.007356590695953937,True,True,True,Stim8hr,24
ADAM22-2,ADAM22,30,15,0.029856130480766296,1.5998740196228027,1.7227046489715576,1.908675193786621,1.6827808618545532,1.6236638137813027e-08,0.0001932392536087585,0.8816486258806999,3.728448912050058e-08,0.005846646857186597,True,True,True,Stim8hr,24
ENPP3-3,ENPP3,104,16,0.006872374098747969,1.8854420185089111,1.414042592048645,2.3371644020080566,1.6825172901153564,9.557719268926073e-32,0.00012446173297449783,0.7198968496481304,9.501208332374582e-31,0.0044829930867576265,True,True,False,Stim8hr,24
SNCG-4,SNCG,84,11,0.00033035612432286143,1.902620553970337,1.402166485786438,2.4808454513549805,1.6822972297668457,1.5932900575063771e-27,0.0013746763595242216,0.6781144826446217,1.2297909485782755e-26,0.017272511600400685,True,True,False,Stim8hr,24
ABCB4-4,ABCB4,144,12,0.00010521234798943624,1.1507269144058228,0.7058692574501038,2.0857479572296143,1.679004430770874,3.7608411497038865e-38,0.0008602741899215197,0.8049891286965489,5.3664844007029255e-37,0.013066493920816012,True,True,True,Stim8hr,24
FAM159B-3,SHISAL2B,72,11,3.63907493010629e-05,2.1909916400909424,1.7617549896240234,2.5975544452667236,1.6781668663024902,6.472074259231431e-25,0.0013972233411566454,0.6460564741426129,4.150499363258365e-24,0.017382561435047475,True,True,False,Stim8hr,24
TRMT10C-4,TRMT10C,108,10,0.7847037315368652,2.164436101913452,1.8312616348266602,2.239318609237671,1.6752748489379883,1.0321196424021815e-41,0.0004019123680692165,0.7481181293394871,1.8915671360991636e-40,0.008957408760112131,True,True,False,Stim8hr,24
DNAJC15-4,DNAJC15,90,20,1.0325591564178467,2.481245279312134,2.075204849243164,2.1538329124450684,1.674692988395691,3.3147122280221036e-32,5.027256664026921e-07,0.7775408104868035,3.391003223746422e-31,9.867087872942797e-05,True,True,False,Stim8hr,24
LRP8-4,LRP8,119,14,1.05305016040802,2.1147589683532715,2.193607807159424,1.4106849431991577,1.6740505695343018,3.1035269777536646e-26,2.5419050720852785e-05,1.186693441086769,2.182061604176986e-25,0.0015773197995517846,True,True,True,Stim8hr,24
JAKMIP2-2,JAKMIP2,66,10,0.00770203722640872,1.3824809789657593,0.9146045446395874,2.012057304382324,1.671209454536438,8.938474052892972e-18,0.0022577103343432003,0.8305973447657237,3.806726780015102e-17,0.02335574727707632,True,True,True,Stim8hr,24
SLC25A15-3,SLC25A15,165,20,0.490229070186615,2.2890117168426514,1.8187987804412842,2.348329544067383,1.6671977043151855,2.4593449397069584e-56,5.345539427206699e-06,0.7099504873696496,8.645715347133462e-55,0.0004930934174072131,True,True,False,Stim8hr,24
CPE-1,CPE,57,12,0.002454122994095087,3.1172945499420166,1.9230400323867798,2.7755138874053955,1.6667900085449219,2.447800427893053e-21,0.0009035899904779647,0.6005338384752489,1.2774148791717188e-20,0.013561021206300247,True,True,False,Stim8hr,24
LSP1-4,LSP1,70,11,1.3112815618515015,3.1938083171844482,2.680220365524292,2.1050052642822266,1.6648310422897339,1.886817306181382e-25,0.00014805437939537802,0.7908916288897809,1.2515132972561584e-24,0.004895746898340695,True,True,False,Stim8hr,24
WNT3-4,WNT3,104,10,0.0021589023526757956,1.9264461994171143,1.256929636001587,3.034813165664673,1.663955569267273,7.299631812657681e-41,0.0023716880840261435,0.5482892944096083,1.2435099656188217e-39,0.024050153243031322,True,True,False,Stim8hr,24
MYH10-2,MYH10,68,10,0.15574952960014343,1.749982237815857,1.0261290073394775,2.2699084281921387,1.654482126235962,5.293419126223416e-22,0.001230067053650576,0.7288761545123954,2.8469613019618846e-21,0.016323205603180627,True,True,False,Stim8hr,24
PROS1-1,PROS1,52,14,0.008655963465571404,2.3743557929992676,1.315954566001892,3.7657418251037598,1.6534626483917236,2.2689015659425317e-25,0.0003687955193357052,0.4390801932753754,1.4972427227815308e-24,0.008561722367872476,True,True,False,Stim8hr,24
SLC30A4-1,SLC30A4,61,11,0.0811927393078804,1.730864405632019,1.2780394554138184,3.169365644454956,1.6487183570861816,8.786345025999195e-27,0.0013093168059192305,0.5202045273541532,6.398643355092069e-26,0.016753894430581777,True,True,False,Stim8hr,24
KDELR2-1,KDELR2,53,12,0.3851841986179352,0.8232604265213013,1.2529351711273193,0.7146787047386169,1.6441354751586914,3.724435881124582e-05,0.00018683411612597183,2.3005239476948027,6.661606638440684e-05,0.00583972419163988,True,True,True,Stim8hr,24
ESCO1-4,ESCO1,106,10,0.38553157448768616,1.0281070470809937,1.2972816228866577,0.8813583850860596,1.6390043497085571,5.2142878816886086e-11,0.000710681686214524,1.8596343751225761,1.392517350724437e-10,0.011947556586513674,True,True,True,Stim8hr,24
SHC1-4,SHC1,52,10,0.3836156129837036,2.3606767654418945,2.217759847640991,1.8788350820541382,1.6374790668487549,5.112465953637215e-14,0.0020306528019922885,0.8715395419690015,1.659941716432839e-13,0.02198263090754605,True,True,True,Stim8hr,24
TNC-1,TNC,75,11,0.012027845717966557,2.6877923011779785,1.6199727058410645,2.5987250804901123,1.637404441833496,5.629204499457661e-26,0.0015970451666333315,0.6300799011508698,3.8527670441420843e-25,0.018247809124493232,True,True,False,Stim8hr,24
PTGIS-1,PTGIS,61,11,0.4024328589439392,2.435626268386841,2.0547611713409424,2.7977945804595947,1.6367162466049194,9.346778099769413e-28,0.0008364285937191236,0.5850022936051493,7.27243277903588e-27,0.012816148330792093,True,True,False,Stim8hr,24
THOC2-3,THOC2,71,11,0.5728579163551331,1.1798633337020874,1.5045608282089233,0.9817579984664917,1.6358875036239624,2.0510638489407668e-10,0.0002628175556278068,1.6662838562855842,5.308878115029414e-10,0.00662650663589577,True,True,True,Stim8hr,24
EMP3-2,EMP3,341,27,1.909569501876831,3.891735553741455,3.309882164001465,3.665090560913086,1.6305352449417114,1.2672299249200915e-231,1.02189703536484e-07,0.4448826619267752,8.167296866109989e-229,3.2206788231248545e-05,True,True,False,Stim8hr,24
TRAF3IP2-3,TRAF3IP2,245,11,0.19157524406909943,2.33257794380188,1.5394959449768066,3.8750998973846436,1.6259692907333374,7.955072976692921e-127,0.0012639570998489677,0.4195941611287817,1.619066694782712e-124,0.016540781147504485,True,True,False,Stim8hr,24
LIM2-3,LIM2,124,12,0.0009867380140349269,2.895224094390869,2.4358725547790527,2.5617306232452393,1.6176247596740723,3.948136556530525e-41,0.001111742498043684,0.6314577906809111,6.971435645709379e-40,0.015630520920450607,True,True,False,Stim8hr,24
SDE2-3,SDE2,34,10,0.6409612894058228,1.78702974319458,1.5986425876617432,1.945651650428772,1.6170614957809448,2.6818683855999036e-12,0.0005679034419597981,0.8311156292672358,7.827007582728172e-12,0.010793019183376665,True,True,True,Stim8hr,24
CCR2-1,CCR2,49,11,0.06959462910890579,1.5603723526000977,1.078520655632019,1.8259857892990112,1.6144542694091797,1.0778229736207e-12,0.001218393222153991,0.8841548925903538,3.2110488744154445e-12,0.016280860157780012,True,True,True,Stim8hr,24
C15orf48-3,C15orf48,139,10,0.029376309365034103,2.4052865505218506,1.6449769735336304,2.089942216873169,1.6126854419708252,3.5547525754066833e-37,0.002745838135108405,0.7716411625885125,4.857324455511535e-36,0.025798850613434416,True,True,False,Stim8hr,24
TPGS2-4,TPGS2,105,19,0.5533130168914795,1.5748645067214966,1.4959781169891357,1.3875113725662231,1.6088751554489136,5.337759298933454e-21,2.135130202659962e-06,1.1595401574786914,2.741183958695308e-20,0.00027845042849861985,True,True,True,Stim8hr,24
ARHGAP20-1,ARHGAP20,143,29,0.0009411456412635744,1.329461693763733,1.188209891319275,1.9517736434936523,1.6087640523910522,3.7557440896130685e-35,6.487132166492448e-07,0.8242574940767122,4.524443113561912e-34,0.00010667101675510625,True,True,True,Stim8hr,24
GAP43-4,GAP43,127,13,0.0005391581798903644,2.892796277999878,1.348342776298523,3.314391613006592,1.6045849323272705,1.6276861868577426e-53,0.0007472080967632705,0.4841265365355241,4.841740372752993e-52,0.01209945834852058,True,True,False,Stim8hr,24
VKORC1-1,VKORC1,90,12,0.7334722876548767,2.9067883491516113,2.151442766189575,3.0646116733551025,1.6038424968719482,5.1525032387877477e-42,0.0005389060820183621,0.5233428139742349,9.815137943050356e-41,0.010560325399966037,True,True,False,Stim8hr,24
ADH7-1,ADH7,76,10,4.674721822084393e-06,2.5740773677825928,1.3195215463638306,2.8813254833221436,1.5945708751678467,6.868424428559735e-29,0.0030330755715755452,0.5534157402201296,5.651105801114999e-28,0.02705446182004413,True,True,False,Stim8hr,24
ADAM23-2,ADAM23,37,13,0.004248477518558502,1.4512313604354858,0.9173131585121155,2.42757248878479,1.588646650314331,9.051467990919414e-13,0.0007895902259897116,0.6544178011794762,2.7112336731901915e-12,0.012503589941869423,True,True,False,Stim8hr,24
CRABP1-1,CRABP1,441,66,0.001939662266522646,3.12986421585083,1.8872106075286865,2.481266975402832,1.5839483737945557,6.880684744007907e-137,1.64298622680515e-13,0.6383627354478463,1.900543421791327e-134,3.106886954888539e-10,True,True,False,Stim8hr,24
FMO3-2,FMO3,167,13,6.927167851245031e-05,2.6245839595794678,1.8142688274383545,2.8443291187286377,1.5826401710510254,1.0579580747984986e-60,0.0008271419087426793,0.5564194947167141,4.5967683991525775e-59,0.012816148330792093,True,True,False,Stim8hr,24
NT5C1A-3,NT5C1A,186,14,0.0016335577238351107,1.5083320140838623,1.1319010257720947,2.9792819023132324,1.582273244857788,1.6585631700009524e-70,0.0005305475736511581,0.53109215466628,1.1452971032845863e-68,0.01050539750549047,True,True,False,Stim8hr,24
RNF150-1,RNF150,97,15,0.0006570618716068566,1.5974400043487549,0.9542120695114136,2.750178813934326,1.5790371894836426,7.142134583012695e-35,0.0003488354360126933,0.5741580080113837,8.44606557569116e-34,0.008297456723270478,True,True,False,Stim8hr,24
F5-2,F5,65,11,0.8829655647277832,3.1747655868530273,2.448110342025757,3.0063579082489014,1.5755388736724854,7.587877327189854e-37,0.0005094871368580904,0.5240689637615974,1.0223805443987166e-35,0.010183920241502073,True,True,False,Stim8hr,24
PKNOX2-3,PKNOX2,85,10,0.0001590595202287659,1.4847067594528198,1.0636557340621948,2.9324705600738525,1.5755269527435303,1.2101813524662814e-32,0.0032409440270976413,0.5372694867579,1.2716769809747583e-31,0.028373264607600184,True,True,False,Stim8hr,24
MPI-1,MPI,41,10,0.4752700626850128,1.1323399543762207,1.3148540258407593,1.123043417930603,1.5734460353851318,6.635200718394818e-08,0.0005531564502102182,1.4010553913262513,1.4653524373519566e-07,0.010619480683731196,True,True,True,Stim8hr,24
TMEM71-1,TMEM71,67,10,0.10483461618423462,1.346982479095459,1.2244720458984375,1.9977644681930542,1.5645588636398315,7.794780890522218e-19,0.0027191686130234446,0.7831548155699004,3.571376505171732e-18,0.025774174672818714,True,True,False,Stim8hr,24
KCTD17-3,KCTD17,90,10,0.44715335965156555,1.0536869764328003,1.349454641342163,0.8964335918426514,1.5632678270339966,2.4487931624700464e-10,0.0009128964346745802,1.7438746620601795,6.300387996854071e-10,0.013592812267477411,True,True,True,Stim8hr,24
LEPROTL1-4,LEPROTL1,82,11,1.3427679538726807,2.8700196743011475,2.4949216842651367,2.3007755279541016,1.5631479024887085,5.071044519841839e-32,0.0005989231774465542,0.6794004384594149,5.13343695241581e-31,0.011213502262885486,True,True,False,Stim8hr,24
SRPRB-3,SRPRB,60,14,1.0805931091308594,2.1984505653381348,1.9694730043411255,1.834108591079712,1.5628377199172974,1.0261027519261991e-20,1.5807218105342373e-05,0.8520966138636745,5.139817800127736e-20,0.0011415958695659974,True,True,True,Stim8hr,24
CEP164-2,CEP164,59,11,0.31092679500579834,1.9758542776107788,1.60703706741333,2.1657631397247314,1.5615391731262207,6.952511953067006e-19,0.0013851113736085448,0.7210110581735601,3.204453363827189e-18,0.017338787362741966,True,True,False,Stim8hr,24
CTNNA1-3,CTNNA1,33,10,0.7484005093574524,2.0860462188720703,1.83268141746521,1.6278831958770752,1.5610913038253784,1.7875058509811515e-09,0.0005495031739422203,0.9589700955075524,4.3528243864887355e-09,0.01060316838698713,True,True,True,Stim8hr,24
LRRC58-2,LRRC58,20,10,0.7807000875473022,1.8501005172729492,1.854982614517212,1.4209307432174683,1.5584042072296143,1.744420202406855e-05,0.0009264950480589479,1.096748884256568,3.204595212687557e-05,0.013687516686558364,True,True,True,Stim8hr,24
CCL4L2-4,CCL4,93,14,0.5586858987808228,4.3946990966796875,3.1600840091705322,2.91046404838562,1.5556013584136963,3.245957411118874e-43,0.00020961451234288546,0.5344856808234959,6.57178916690926e-42,0.006005773376369642,True,True,False,Stim8hr,24
EPB41L3-3,EPB41L3,25,11,0.011122753843665123,1.5776699781417847,1.3071058988571167,2.372725248336792,1.554942011833191,6.135872654972236e-09,0.0021998247270388904,0.6553401043475884,1.4476766050504964e-08,0.023046363206817407,True,True,False,Stim8hr,24
FHL2-3,FHL2,87,14,0.06371046602725983,1.9512417316436768,1.3681503534317017,3.02897047996521,1.5517123937606812,2.5750293969190464e-35,0.0005451052067101407,0.5122903653318218,3.131332917574199e-34,0.010572245598860266,True,True,False,Stim8hr,24
APOA1-3,APOA1,165,10,0.007950132712721825,4.798078536987305,3.1021463871002197,3.2659668922424316,1.5509339570999146,3.6795350801274594e-68,0.0035273015808419033,0.47487742780975783,2.3325839598119485e-66,0.030387823641786056,True,True,False,Stim8hr,24
LPPR1-4,PLPPR1,109,12,3.051852036151104e-05,2.1058082580566406,1.2274287939071655,3.841670036315918,1.5506318807601929,3.679501320193226e-52,0.0014760008680207326,0.4036348426860774,1.0462229121461179e-50,0.017956575880005092,True,True,False,Stim8hr,24
TF-4,TF,123,10,0.00033978925785049796,3.7408456802368164,2.4395911693573,3.532200336456299,1.548158049583435,9.043888921112974e-55,0.003568806640846091,0.43829848313095227,2.9388839040288966e-53,0.03053671202642515,True,True,False,Stim8hr,24
CRABP1-2,CRABP1,33,12,0.001939662266522646,3.0656261444091797,1.785973072052002,2.408008098602295,1.54734206199646,1.9313150247616208e-11,0.0014942783472517707,0.6425817516538254,5.323161226481246e-11,0.017956575880005092,True,True,False,Stim8hr,24
BHMT-1,BHMT,141,12,0.00018553461995907128,3.07102108001709,1.332268238067627,3.5571916103363037,1.544328212738037,6.651689464545385e-63,0.0015152979677406234,0.434142543305963,3.255959893594558e-61,0.017956575880005092,True,True,False,Stim8hr,24
UROC1-3,UROC1,52,12,3.7542857171501964e-05,0.9315319061279297,1.0982261896133423,1.5890140533447266,1.543807029724121,5.022887573387728e-11,0.001519329529773038,0.9715502682147783,1.3441872834803007e-10,0.017956575880005092,True,True,True,Stim8hr,24
ADAMTSL4-2,ADAMTSL4,64,10,0.006356353871524334,2.0695018768310547,1.2693766355514526,3.1719601154327393,1.5437698364257812,7.849825013619135e-27,0.003582521094333758,0.4866927011202883,5.727410061823621e-26,0.03058486406042951,True,True,False,Stim8hr,24
ACACA-2,ACACA,78,11,0.7341597676277161,2.000304698944092,1.8597792387008667,1.8230557441711426,1.5426762104034424,5.051389309399608e-23,0.0007530381185013579,0.8462035323581532,2.9024847636624496e-22,0.012111064799102771,True,True,True,Stim8hr,24
LRRN1-3,LRRN1,182,14,0.0003187798138242215,0.9945231080055237,0.975494384765625,1.5287405252456665,1.542462706565857,1.1415343714710947e-32,0.0006485825265161242,1.00897613499059,1.202810194680851e-31,0.011483376439326632,True,True,True,Stim8hr,24
GLI2-1,GLI2,229,12,0.001498426659964025,1.2830133438110352,0.8945285677909851,2.7236435413360596,1.5358223915100098,2.8354427242526416e-79,0.0015604889277713834,0.5638852398271712,2.6106326225440393e-77,0.018215336805035096,True,True,False,Stim8hr,24
TSPAN13-4,TSPAN13,27,10,0.047628022730350494,2.5636067390441895,1.5404541492462158,2.8613345623016357,1.533409595489502,2.8489194002129263e-11,0.003561875086531379,0.5359071307816724,7.752829923028421e-11,0.03053671202642515,True,True,False,Stim8hr,24
SHISA4-2,SHISA4,68,10,0.02318382076919079,2.4541711807250977,1.2290217876434326,3.7357335090637207,1.5283106565475464,1.1064663943845563e-32,0.003685266156385345,0.4091059099476782,1.1690452314440107e-31,0.031003074513510354,True,True,False,Stim8hr,24
ACVR1C-1,ACVR1C,63,10,0.01734563335776329,1.484239101409912,1.2350139617919922,2.3731882572174072,1.527169942855835,2.5590805265018685e-20,0.0037421685608406787,0.6435098177362721,1.2526537210104715e-19,0.03127644152378662,True,True,False,Stim8hr,24
PPP2R2B-1,PPP2R2B,172,10,0.0018527881475165486,2.0703980922698975,1.0726699829101562,3.4348714351654053,1.5264849662780762,3.6081686321318065e-74,0.003840698510056164,0.4444081809439161,2.847507775602795e-72,0.03176721650394973,True,True,False,Stim8hr,24
PKIB-4,PKIB,102,11,0.0010049338452517986,2.4378364086151123,1.4303244352340698,2.710489511489868,1.5263618230819702,4.513770208592244e-36,0.0025044171079666323,0.5631314257486201,5.779718343253711e-35,0.024601832473583902,True,True,False,Stim8hr,24
NRN1-2,NRN1,52,10,0.07995346188545227,1.886326551437378,1.4795043468475342,2.0133180618286133,1.5253187417984009,1.2739985033528467e-14,0.0034775039045022065,0.7576143932335346,4.375268394729536e-14,0.030095926239879507,True,True,False,Stim8hr,24
ZFP57-2,ZFP57,66,10,0.08841681480407715,1.428045630455017,1.1068964004516602,2.102747678756714,1.523582100868225,2.119067080081792e-19,0.0031681282252842067,0.7245672489668706,9.981038244429099e-19,0.028126434150293124,True,True,False,Stim8hr,24
PMCH-3,PMCH,93,14,0.00817176979035139,1.6734399795532227,1.7368593215942383,1.8429268598556519,1.5163397789001465,4.734542733561128e-22,0.0007292173567369621,0.8227889081929787,2.549927124050262e-21,0.011987828383593559,True,True,True,Stim8hr,24
GREM2-1,GREM2,85,10,7.129218283807859e-05,0.7442643642425537,0.6101329326629639,1.6357382535934448,1.5159437656402588,1.3755367431318833e-17,0.003999095666615172,0.9267642682501204,5.756710590574667e-17,0.03252597808847007,True,True,True,Stim8hr,24
KCNH6-1,KCNH6,36,11,6.868328637210652e-05,1.4224388599395752,0.973292887210846,2.2500200271606445,1.5084693431854248,1.4074107486317605e-11,0.0026879533995748796,0.6704248517685415,3.915436953207926e-11,0.025606649262448853,True,True,False,Stim8hr,24
PLD3-4,PLD3,10,16,0.5368683338165283,2.1252377033233643,1.5518527030944824,1.3532027006149292,1.5071252584457397,0.005410687200445272,5.603483068799743e-05,1.1137468597726448,0.008025748908370491,0.002752256229376705,True,True,True,Stim8hr,24
ZNF286A-3,ZNF286A,56,11,0.08953264355659485,0.45650872588157654,0.7516396045684814,0.8276345133781433,1.5034818649291992,7.520934467798433e-06,0.0016640245685825917,1.8166012178400583,1.4166319331211174e-05,0.018786092293669735,True,True,True,Stim8hr,24
PERP-1,PERP,84,11,0.16415496170520782,2.3414692878723145,1.6430777311325073,2.8175971508026123,1.5023337602615356,1.374602669313149e-32,0.0022969862718738732,0.5331967913985096,1.4405388949143488e-31,0.023478924541154023,True,True,False,Stim8hr,24
RASGRF1-1,RASGRF1,56,11,0.000476058223284781,2.4920413494110107,1.033249855041504,3.6921842098236084,1.5008034706115723,1.0155624027296625e-26,0.0027668474072468567,0.40648120064498955,7.366839900744497e-26,0.025901526965860424,True,True,False,Stim8hr,24
DIXDC1-3,DIXDC1,61,12,0.10481029003858566,1.7634522914886475,1.5037078857421875,2.097123146057129,1.499640941619873,7.711388877596716e-18,0.0015767035765791,0.7150943636473605,3.295021081731105e-17,0.018231124385845485,True,True,False,Stim8hr,24
LAIR1-4,LAIR1,56,10,0.015188531018793583,2.5708422660827637,1.4677305221557617,4.440840244293213,1.496485948562622,7.182718778849619e-31,0.004210958895891349,0.336982612802996,6.64487404732332e-30,0.033812837673590404,True,True,False,Stim8hr,24
DDN-1,DDN,73,17,0.007668847218155861,2.818779945373535,1.8973335027694702,2.5173656940460205,1.493627905845642,1.6440992127841817e-24,0.00024370100100900248,0.5933297293191511,1.0279169093914732e-23,0.0064452950057066255,True,True,False,Stim8hr,24
TMEM45B-1,TMEM45B,40,11,0.0009274128242395818,1.972416877746582,1.2082743644714355,2.3625478744506836,1.4928855895996094,2.612457571506324e-13,0.002853209792885103,0.6318964393247356,8.140510418223171e-13,0.02629112760462139,True,True,False,Stim8hr,24
PSPH-1,PSPH,84,10,0.4332897365093231,2.8183977603912354,1.9069063663482666,2.512667655944824,1.4924204349517822,6.670244112824358e-30,0.003028151913008067,0.5939585489632117,5.902479172606818e-29,0.02705446182004413,True,True,False,Stim8hr,24
SH3TC1-3,SH3TC1,165,14,0.0502026304602623,1.7586334943771362,0.9401026964187622,3.3572781085968018,1.4887579679489136,4.903536902943883e-72,0.0006955514609589359,0.44344195499822636,3.51147725994148e-70,0.011905425724904438,True,True,False,Stim8hr,24
HBD-3,HBD,102,10,0.00012981142208445817,3.546093702316284,1.5578304529190063,3.426910400390625,1.485144019126892,1.4894322671463722e-44,0.004463404413452481,0.4333769622215988,3.2725196460539893e-43,0.035236621438225445,True,True,False,Stim8hr,24
PNMA2-1,PNMA2,98,14,0.001997587503865361,1.1444557905197144,0.8059419989585876,2.291046142578125,1.4849960803985596,2.260462602608909e-29,0.0008574041074171282,0.648173798336286,1.9253764062309803e-28,0.013066493920816012,True,True,False,Stim8hr,24
TMED3-3,TMED3,41,10,0.7668593525886536,2.6110894680023193,2.152883291244507,2.533205509185791,1.4835435152053833,5.78628884495419e-17,0.0026080866544339796,0.5856388318380911,2.321118149734217e-16,0.02509868632842064,True,True,False,Stim8hr,24
RNF180-2,RNF180,78,10,0.0008008877048268914,2.2228922843933105,1.5778446197509766,3.789440393447876,1.4806782007217407,2.1818839336086144e-37,0.004531968824693328,0.39073795784778786,3.002613939951784e-36,0.03541302912188051,True,True,False,Stim8hr,24
STN1-3,STN1,49,12,0.3741028606891632,1.5739188194274902,1.3261665105819702,1.7359867095947266,1.479732632637024,2.686176373975138e-13,0.0007208910829918152,0.8523870744278185,8.350035400451655e-13,0.011947556586513674,True,True,True,Stim8hr,24
CCR3-2,CCR3,29,17,0.0008268141536973417,0.7323072552680969,0.5739791989326477,1.4133226871490479,1.4774839878082275,4.843705128815245e-06,0.000268357930614912,1.04539748865746,9.286369723911033e-06,0.006721388699242365,True,True,True,Stim8hr,24
SLC5A7-2,SLC5A7,293,15,6.534450221806765e-05,1.9805253744125366,1.1621878147125244,2.0276107788085938,1.4739845991134644,3.027867330213034e-73,0.000612242616111009,0.7269563836011785,2.2516851857565004e-71,0.011244307935288097,True,True,False,Stim8hr,24
AMPD2-4,AMPD2,153,10,0.5026074647903442,2.2285850048065186,1.8191497325897217,2.6268022060394287,1.4739018678665161,3.3498067834812995e-61,0.002864078417002647,0.5611011991987007,1.5062445153165333e-59,0.02629112760462139,True,True,False,Stim8hr,24
TTLL5-3,TTLL5,27,10,0.4101136028766632,2.166287660598755,1.667123794555664,2.277225971221924,1.4731403589248657,4.0937988788564815e-10,0.0028571624280500658,0.6469012638804579,1.038080017346755e-09,0.02629112760462139,True,True,False,Stim8hr,24
NDST1-2,NDST1,40,11,0.11654456704854965,1.8774402141571045,1.2534226179122925,2.7432520389556885,1.47237229347229,5.191162201279957e-16,0.002492160704615376,0.536725124984432,1.9546469554381295e-15,0.024601832473583902,True,True,False,Stim8hr,24
GPC5-1,GPC5,77,10,0.00029091365286149085,0.496961772441864,0.3504597544670105,1.1507503986358643,1.4671177864074707,2.3687992933284214e-10,0.00473983816607901,1.2749226836216074,6.098633067444078e-10,0.03648768195958443,True,True,True,Stim8hr,24
RRAS2-4,RRAS2,167,13,0.9912762641906738,2.3794734477996826,1.8830593824386597,1.9170454740524292,1.4636805057525635,2.0006772922863133e-51,8.38528808186263e-05,0.7635084955280166,5.526156492336552e-50,0.0034470825571309206,True,True,False,Stim8hr,24
SAV1-3,SAV1,109,12,0.14525891840457916,1.5126235485076904,1.1354734897613525,2.1058149337768555,1.4624820947647095,1.226817261113751e-31,0.0015039464198957693,0.6944969718405857,1.210230191001754e-30,0.017956575880005092,True,True,False,Stim8hr,24
OAF-4,OAF,92,13,0.07109580188989639,2.886510133743286,1.6983752250671387,2.9265341758728027,1.4577587842941284,1.358715928951886e-35,0.0013691319189101448,0.4981178064867019,1.6948885475022396e-34,0.017260189724393894,True,True,False,Stim8hr,24
C15orf27-2,TMEM266,73,11,0.00045461574336513877,0.75653475522995,0.8400415778160095,1.8983831405639648,1.454450249671936,3.1909777670168397e-18,0.0033187459487821007,0.7661521104953836,1.3927213346562212e-17,0.02898729140483581,True,True,False,Stim8hr,24
CTSD-2,CTSD,151,12,0.3479962646961212,2.3744006156921387,1.651193618774414,2.1256766319274902,1.4539011716842651,1.3694481657138556e-43,0.0014277477047112592,0.6839710000320781,2.801934421595492e-42,0.017649235226555832,True,True,False,Stim8hr,24
TRAT1-4,TRAT1,82,11,1.2099153995513916,2.401050090789795,2.2888336181640625,1.4621347188949585,1.453829288482666,3.1492469430514994e-20,0.0003795938399576796,0.994319654471669,1.5357046568449116e-19,0.00870075092557542,True,True,True,Stim8hr,24
ASS1-4,ASS1,86,11,0.0063556800596416,2.597351312637329,2.1049764156341553,2.4135148525238037,1.452870488166809,2.123430008884834e-27,0.003333221053658886,0.6019728806091861,1.6260007612589413e-26,0.029046640610456004,True,True,False,Stim8hr,24
STAC-2,STAC,60,10,0.00014230547822080553,1.287276029586792,0.592779278755188,2.5637059211730957,1.4508992433547974,9.012820899635945e-21,0.005041045993944661,0.5659382503165175,4.561855813991126e-20,0.03741668679586509,True,True,False,Stim8hr,24
PLOD2-3,PLOD2,62,13,0.005288371816277504,2.276728630065918,1.0811707973480225,2.3064749240875244,1.450484275817871,2.574768230045244e-19,0.001505919895696432,0.6288749384048492,1.2068640903739346e-18,0.017956575880005092,True,True,False,Stim8hr,24
CD9-2,CD9,87,10,0.22025270760059357,2.466785430908203,1.9094066619873047,2.3828365802764893,1.4500383138656616,4.284224484949382e-29,0.004089970955170987,0.6085345196846895,3.585951533181658e-28,0.03312263415943613,True,True,False,Stim8hr,24
MARCKS-4,MARCKS,76,12,0.011766941286623478,2.129692554473877,1.4265702962875366,3.015547752380371,1.4456136226654053,3.048138562290701e-30,0.0022738672728755223,0.4793867454177394,2.7285073658282737e-29,0.02343260497551832,True,True,False,Stim8hr,24
CERS6-1,CERS6,94,10,0.6949974298477173,1.6693204641342163,1.4933173656463623,1.4267927408218384,1.44423508644104,7.124840591053179e-21,0.000632308159524628,1.0122248628831365,3.625231390210874e-20,0.01137217855527184,True,True,True,Stim8hr,24
LOXL4-4,LOXL4,103,10,7.400836329907179e-05,1.7599996328353882,1.4511911869049072,1.6768954992294312,1.4422550201416016,1.3667114011450194e-21,0.005202729758556051,0.8600744773925079,7.200371918566471e-21,0.03803295485270369,True,True,True,Stim8hr,24
LY86-2,LY86,62,10,0.007041843608021736,0.8518149256706238,1.1802594661712646,1.353760004043579,1.4419066905975342,1.243072082041242e-10,0.005155722451826159,1.0651124913505108,3.2567477921771567e-10,0.03786202390836219,True,True,True,Stim8hr,24
GMPS-4,GMPS,178,16,0.7215133905410767,1.705553412437439,1.7987916469573975,1.4412002563476562,1.4409931898117065,1.704294478550034e-38,0.00011555621726593428,0.9998563235504312,2.4869836786992385e-37,0.004284643271566309,True,True,True,Stim8hr,24
FERMT1-4,FERMT1,118,15,0.020699284970760345,2.104881525039673,1.0834628343582153,4.4768218994140625,1.4403668642044067,2.8353115084570533e-64,0.0006885780964635155,0.3217387013749476,1.4816418382707332e-62,0.011905425724904438,True,True,False,Stim8hr,24
ST8SIA1-4,ST8SIA1,96,10,0.0008713487186469138,0.7543017864227295,0.7870434522628784,1.3354055881500244,1.439280390739441,3.163086399294007e-15,0.005235384110851871,1.077785208861764,1.1410126031781647e-14,0.038077351360080336,True,True,True,Stim8hr,24
BMP8B-3,BMP8B,28,10,0.004617198836058378,1.7286107540130615,1.0935732126235962,2.731900215148926,1.4378198385238647,4.227287007363994e-11,0.005246704045938098,0.5263075973825362,1.1367815617160336e-10,0.03808643896686735,True,True,False,Stim8hr,24
CD28-2,CD28,101,13,0.9869622588157654,2.7292635440826416,2.4081053733825684,2.5051534175872803,1.434213638305664,2.6968011252114773e-51,0.00043040707774546697,0.5725053117453217,7.344035176896325e-50,0.009301711817333464,True,True,False,Stim8hr,24
TMEM145-4,TMEM145,104,12,0.0014932489721104503,2.009716033935547,1.218658447265625,2.495300531387329,1.4319798946380615,6.955138325201885e-34,0.002445904918355716,0.5738707128162691,7.795802870595853e-33,0.024343190529529785,True,True,False,Stim8hr,24
ADGRB2-3,ADGRB2,54,11,0.001385824871249497,1.0221247673034668,0.8926478028297424,1.5656938552856445,1.4280312061309814,3.342528306985793e-11,0.0036756851361606493,0.9120756278822159,9.057853513044191e-11,0.031003074513510354,True,True,True,Stim8hr,24
ALDH1A1-4,ALDH1A1,44,11,0.00014472295879386365,3.965336561203003,1.830020785331726,4.009088516235352,1.4279955625534058,1.1479697117309797e-22,0.003688890410121539,0.35618958193877304,6.490056835180845e-22,0.031003074513510354,True,True,False,Stim8hr,24
CMPK1-4,CMPK1,82,10,1.1778912544250488,2.371269941329956,2.0719759464263916,1.7416422367095947,1.4268789291381836,1.9523868992400497e-23,0.001143536797618238,0.8192721209115374,1.1579570765891522e-22,0.015908565239772,True,True,True,Stim8hr,24
SCAMP1-4,SCAMP1,70,12,0.0971837118268013,0.8011170625686646,0.7806857228279114,1.3640491962432861,1.4267234802246094,7.941977898123893e-13,0.001559693932444438,1.0459472313417535,2.388151518821547e-12,0.018215336805035096,True,True,True,Stim8hr,24
PROKR1-3,PROKR1,125,15,0.0020898154471069574,2.1994733810424805,1.3537859916687012,2.747631072998047,1.425319790840149,2.032340613018985e-44,0.0007925929542467613,0.5187449672000277,4.415202893564278e-43,0.012503589941869423,True,True,False,Stim8hr,24
ISL2-1,ISL2,199,10,0.009904728271067142,1.5567978620529175,0.7016547918319702,2.5944836139678955,1.4245667457580566,4.2369107081428474e-66,0.005324006250470696,0.5490752526200708,2.4453930908042376e-64,0.03832024273060086,True,True,False,Stim8hr,24
IL2RG-2,IL2RG,62,13,2.1383354663848877,3.9272351264953613,3.2195849418640137,3.216052293777466,1.4219262599945068,8.6536639549435e-36,0.0004975756952560478,0.44213406067609695,1.0935855723453108e-34,0.010063268874108947,True,True,False,Stim8hr,24
DHRS7-1,DHRS7,110,11,0.26013731956481934,2.6539032459259033,1.668224811553955,3.9260427951812744,1.4199981689453125,1.060956646548697e-58,0.002990512278169738,0.36168687990059156,4.27366599187897e-57,0.0268874592465543,True,True,False,Stim8hr,24
RASAL1-1,RASAL1,107,15,0.005304974038153887,1.0938705205917358,0.7570695877075195,1.8481550216674805,1.4194552898406982,3.488228227135423e-25,0.0008011275205971849,0.7680390839508734,2.263251435290718e-24,0.012572050966384038,True,True,False,Stim8hr,24
RAB21-4,RAB21,87,13,1.1867177486419678,2.8252556324005127,2.182497501373291,2.035646677017212,1.4131371974945068,4.144264836892758e-27,0.0004117525980882148,0.6941957135533685,3.099781842217466e-26,0.008970714449345264,True,True,False,Stim8hr,24
PTGIR-2,PTGIR,36,11,0.18538129329681396,1.3399789333343506,1.4367413520812988,1.353399395942688,1.4123460054397583,2.798776477419071e-07,0.0028363621100292815,1.0435544819022267,5.907679387652591e-07,0.02629112760462139,True,True,True,Stim8hr,24
LCAT-2,LCAT,86,10,0.028869440779089928,0.8583012819290161,0.7478200197219849,1.4018516540527344,1.4108469486236572,5.8929209658243685e-15,0.005268159102704389,1.0064167235847798,2.0716295795311667e-14,0.038168922847563215,True,True,True,Stim8hr,24
IL36G-3,IL36G,42,12,0.00025349031784571707,3.1431407928466797,2.083289384841919,4.314079761505127,1.4062975645065308,7.045374964023177e-23,0.0027388209532268545,0.3259785730099463,4.0302462996860393e-22,0.025798850613434416,True,True,False,Stim8hr,24
RIIAD1-3,RIIAD1,20,10,0.00018494660616852343,0.8716164827346802,0.7003801465034485,2.507943868637085,1.4062175750732422,9.485504125095781e-08,0.005917181051731265,0.5607053621329395,2.0723414944488918e-07,0.0406886886139048,True,True,False,Stim8hr,24
PDE8B-3,PDE8B,156,10,0.0018425878370180726,1.5945318937301636,0.9083788990974426,2.9684717655181885,1.4039709568023682,3.204916228074985e-59,0.005944093882445739,0.4729608592242363,1.3184479844644648e-57,0.04079956998803954,True,True,False,Stim8hr,24
RFWD2-4,COP1,87,14,0.3322604298591614,1.0721412897109985,0.9828514456748962,1.46129310131073,1.4021493196487427,1.7323369572761254e-20,0.00014109761386002883,0.9595264073929197,8.62155342829701e-20,0.0048074880686362976,True,True,True,Stim8hr,24
SYN2-4,SYN2,114,11,0.002303476445376873,1.0523606538772583,1.08720064163208,1.658027172088623,1.3994609117507935,2.0542197007684905e-23,0.004114078788711202,0.8440518559101099,1.2146280707754975e-22,0.03317579099979908,True,True,True,Stim8hr,24
MINPP1-4,MINPP1,102,12,0.49879613518714905,2.668252468109131,1.740983486175537,2.793903112411499,1.3993595838546753,1.3469780730919614e-41,0.0015811234263768692,0.5008618865980815,2.434001966657297e-40,0.018231124385845485,True,True,False,Stim8hr,24
PSMD8-3,PSMD8,72,10,0.8824873566627502,2.1806721687316895,1.7965309619903564,2.2392094135284424,1.3989601135253906,5.629214841462541e-29,0.0017404453475162902,0.6247562666865419,4.661279184568661e-28,0.019303121126998855,True,True,False,Stim8hr,24
HUNK-1,HUNK,166,14,0.0010489303385838866,1.807633876800537,1.063795804977417,3.2354161739349365,1.3986079692840576,5.479883220843974e-68,0.0013307242835713217,0.43228070025472504,3.41785619596833e-66,0.01683210448316635,True,True,False,Stim8hr,24
CASP9-3,CASP9,385,34,0.19668132066726685,1.822924017906189,1.3165035247802734,2.9085774421691895,1.395053744316101,2.985043793249708e-156,4.090625485103393e-07,0.47963438211763176,1.0493785771360566e-153,9.100438579212372e-05,True,True,False,Stim8hr,24
TMPRSS6-2,TMPRSS6,70,10,0.006885650102049112,1.863154411315918,1.635785698890686,1.6109141111373901,1.3915022611618042,1.5687019843990627e-14,0.006214513166534091,0.863796680121779,5.3540781762322826e-14,0.04204523934853655,True,True,True,Stim8hr,24
NUP210-2,NUP210,40,10,1.0074056386947632,1.9262988567352295,1.968540906906128,1.4462716579437256,1.390967845916748,2.6282797894035803e-11,0.0014851042835367237,0.9617611174752555,7.167530286053346e-11,0.017956575880005092,True,True,True,Stim8hr,24
CD79A-4,CD79A,24,10,0.014919332228600979,3.2613747119903564,1.4661028385162354,2.5291149616241455,1.3899747133255005,4.213991918524847e-09,0.006190692328389188,0.5495893758949129,1.0028004153191127e-08,0.0419591368924156,True,True,False,Stim8hr,24
IL24-3,IL24,97,16,0.05759831517934799,3.5282485485076904,1.7957788705825806,3.8658783435821533,1.3898582458496094,1.3474755538294072e-47,0.0006124609821970777,0.35951939567807395,3.2979037763660235e-46,0.011244307935288097,True,True,False,Stim8hr,24
NDRG1-4,NDRG1,68,10,0.09132514148950577,1.219286322593689,1.36225163936615,1.3413028717041016,1.3892713785171509,1.194065661991453e-11,0.00571160522047351,1.0357626214220403,3.345979648493441e-11,0.03992844906438228,True,True,True,Stim8hr,24
SRC-3,SRC,81,10,0.09040218591690063,2.1779592037200928,1.476355791091919,3.169563055038452,1.3882780075073242,1.2492233582759745e-34,0.005780638955628518,0.438002962364313,1.4596197326315005e-33,0.039968532002546846,True,True,False,Stim8hr,24
GDF10-2,GDF10,97,11,0.0009325463906861842,2.7976627349853516,1.7038631439208984,3.9284214973449707,1.3792668581008911,1.9689860701522074e-47,0.004472125407284033,0.35109950880603585,4.700042674863325e-46,0.035236621438225445,True,True,False,Stim8hr,24
SPTLC2-3,SPTLC2,85,11,0.3920389711856842,1.1607521772384644,1.3159606456756592,1.1242122650146484,1.378906488418579,6.133638000868293e-13,0.002034352410798815,1.226553500019511,1.8617565266371814e-12,0.02198263090754605,True,True,True,Stim8hr,24
NPW-2,NPW,221,11,0.05357319489121437,1.5485517978668213,1.2743442058563232,1.388907790184021,1.3787457942962646,5.550364002947712e-35,0.004133395631746098,0.99268346253108,6.604079261353478e-34,0.033260643147369665,True,True,True,Stim8hr,24
TTC39C-4,TTC39C,62,12,0.8162266612052917,2.5282957553863525,2.23534893989563,2.3777971267700195,1.3761874437332153,6.625136543994835e-25,0.0016460328938060253,0.5787657105981188,4.241623015832455e-24,0.01867930473453203,True,True,False,Stim8hr,24
DGKQ-2,DGKQ,65,10,0.1329505294561386,1.3001649379730225,1.2984868288040161,1.9590073823928833,1.3748506307601929,2.8407559514493205e-18,0.005623164481727787,0.7018098263013404,1.2454878984415558e-17,0.03952938302954367,True,True,False,Stim8hr,24
MMP19-2,MMP19,47,11,0.0005913167260587215,1.526344656944275,1.0865994691848755,1.5069339275360107,1.3745243549346924,1.5866712618828387e-09,0.004555412444864647,0.912133126621005,3.8833277023423656e-09,0.03552282446696514,True,True,True,Stim8hr,24
COX6A1-4,COX6A1,120,11,1.3163516521453857,3.1542153358459473,2.1076509952545166,3.0349700450897217,1.3735312223434448,2.5773343311755073e-59,0.0006344605169651925,0.45256829620631056,1.0716722428662028e-57,0.01137217855527184,True,True,False,Stim8hr,24
EEF1A2-2,EEF1A2,157,16,0.001961268251761794,2.270829200744629,1.2623865604400635,2.2082114219665527,1.3711340427398682,3.7237035678802075e-44,0.0007400746758613208,0.6209251655436082,7.91184708625976e-43,0.012064493207359979,True,True,False,Stim8hr,24
PIK3R2-4,PIK3R2,51,10,0.3976880609989166,1.0220577716827393,1.0829100608825684,0.9727993607521057,1.3699663877487183,2.2069540897852648e-07,0.0011593074408931129,1.4082722943912593,4.694329738833674e-07,0.015940502255262883,True,True,True,Stim8hr,24
JPH1-1,JPH1,68,10,0.006754616741091013,1.1965525150299072,0.8054424524307251,2.072038173675537,1.3687067031860352,7.240299607804878e-19,0.00665147646653238,0.6605605633018432,3.3255892221766614e-18,0.04405583887289923,True,True,False,Stim8hr,24
ACOXL-4,ACOXL,77,12,0.0036323124077171087,1.407910704612732,0.88861483335495,1.9256246089935303,1.3682681322097778,1.8539801375824312e-19,0.003193054150457948,0.710558083761161,8.764475784879293e-19,0.02821525887157,True,True,False,Stim8hr,24
ARFGEF3-3,ARFGEF3,36,14,0.0007352062966674566,0.6797568798065186,0.7150365114212036,1.5581315755844116,1.3652899265289307,6.037277490507116e-08,0.0015739211920519577,0.8762353243607482,1.3355922228713397e-07,0.018231124385845485,True,True,True,Stim8hr,24
RYR1-2,RYR1,37,11,0.004578870255500078,1.182019829750061,0.8481737375259399,1.9452416896820068,1.3639553785324097,2.728289354743309e-10,0.004694944717662513,0.7011752759398132,6.98695028794197e-10,0.03631141292883359,True,True,False,Stim8hr,24
LRRC58-3,LRRC58,76,13,0.7807000875473022,2.4793589115142822,1.7882332801818848,2.6595470905303955,1.3621699810028076,4.330796040131504e-34,0.0006341715503570439,0.5121811852299818,4.940173536043813e-33,0.01137217855527184,True,True,False,Stim8hr,24
CLEC2B-1,CLEC2B,92,10,0.5603614449501038,2.339970111846924,2.166572093963623,1.7690563201904297,1.3617920875549316,2.6092186506684945e-23,0.004834193438349767,0.7697844732316617,1.5241463024373214e-22,0.03656583916767764,True,True,False,Stim8hr,24
SH2D1B-3,SH2D1B,394,37,0.0003405033203307539,2.7028236389160156,1.2754257917404175,4.348687648773193,1.3604891300201416,6.418062362673506e-203,5.478816640185054e-07,0.3128505056931253,3.102330894557306e-200,9.867087872942797e-05,True,True,False,Stim8hr,24
SMPD2-3,SMPD2,102,14,0.1890704482793808,1.0977721214294434,0.991569995880127,1.5049846172332764,1.3600564002990723,5.400821185196322e-21,0.0008059986151608189,0.9037011971586552,2.76989065293822e-20,0.012596226291480236,True,True,True,Stim8hr,24
PICALM-3,PICALM,26,10,1.3722079992294312,2.619908332824707,2.237471103668213,2.1075141429901123,1.3579111099243164,4.3065152259999925e-12,0.0009373273951179846,0.6443188599426102,1.2437113053728134e-11,0.013793666180296567,True,True,False,Stim8hr,24
RNF128-3,RNF128,77,13,5.8750767493620515e-05,1.611173152923584,1.0692377090454102,2.5870554447174072,1.3563567399978638,1.9830803300502648e-26,0.00236678719184884,0.524285918482131,1.407077364459518e-25,0.024050153243031322,True,True,False,Stim8hr,24
CRISP3-2,CRISP3,63,10,0.00016935155144892633,3.22499942779541,1.6794612407684326,2.9640231132507324,1.3546265363693237,7.635670883053471e-25,0.007133557969543697,0.45702293288923257,4.880518893350045e-24,0.046242621592352005,True,True,False,Stim8hr,24
PGRMC1-4,PGRMC1,71,15,0.7366513609886169,2.533982038497925,1.973339319229126,2.764167308807373,1.3537877798080444,2.839469192904817e-32,0.0005070712129139315,0.48976332781829673,2.92027323642631e-31,0.010183920241502073,True,True,False,Stim8hr,24
AAED1-2,PRXL2C,26,10,0.1555418074131012,1.4517455101013184,0.9098169207572937,2.626831531524658,1.3529399633407593,3.932968846694976e-11,0.004453969119215524,0.5150463389464073,1.061325228902266e-10,0.035236621438225445,True,True,False,Stim8hr,24
RNF146-3,RNF146,138,15,0.21927446126937866,1.0809887647628784,1.1082097291946411,1.5709272623062134,1.3523741960525513,1.166383073299969e-30,0.000608564026342856,0.8608763935175373,1.0688159584007063e-29,0.011244307935288097,True,True,True,Stim8hr,24
WNK4-1,WNK4,164,15,0.0005606445483863354,1.8542826175689697,1.0199592113494873,3.0015993118286133,1.3514721393585205,9.407271650093845e-63,0.0011843683589975859,0.45025068270527624,4.5472399338641126e-61,0.015940502255262883,True,True,False,Stim8hr,24
APOA1-2,APOA1,197,13,0.007950132712721825,3.6721646785736084,1.8677496910095215,2.151522159576416,1.3503185510635376,2.204247136408807e-53,0.002421463386069112,0.627610803380888,6.506735630910578e-52,0.024227445836278786,True,True,False,Stim8hr,24
SYK-3,SYK,527,52,0.007305532693862915,2.17087459564209,0.9272789359092712,4.207054138183594,1.3489068746566772,5.197147406691075e-265,3.941603060074773e-09,0.3206297875784102,6.699123007224796e-262,2.1295918247432556e-06,True,True,False,Stim8hr,24
CKAP4-3,CKAP4,69,13,0.11966925859451294,2.5451087951660156,0.925999104976654,3.7781476974487305,1.3465592861175537,9.91401985726021e-35,0.0015763965556723808,0.356407264603987,1.168826670366623e-33,0.018231124385845485,True,True,False,Stim8hr,24
GALNT5-2,GALNT5,129,13,0.00019767522462643683,1.9284632205963135,1.070698618888855,2.4177849292755127,1.3416435718536377,2.8467132687638467e-40,0.0025357586539254805,0.5549060859832806,4.6843575363020404e-39,0.024784479485042994,True,True,False,Stim8hr,24
WIPI2-1,WIPI2,56,10,0.4788849651813507,2.163177967071533,1.4612019062042236,2.6956536769866943,1.3408881425857544,5.232368172782378e-24,0.0039341921097411445,0.49742596908244197,3.2167834219633474e-23,0.03217092578773407,True,True,False,Stim8hr,24
PBX3-2,PBX3,98,11,0.1821957379579544,0.9424441456794739,0.9091653823852539,1.3128345012664795,1.3391450643539429,2.7119135633513565e-17,0.0026971605817728544,1.0200410356843013,1.1180138325671318e-16,0.025629802312223456,True,True,True,Stim8hr,24
MIOS-4,MIOS,78,13,0.4355233609676361,1.5761502981185913,1.265521764755249,1.86142897605896,1.3379725217819214,2.4858392355504709e-23,0.0007198338738170648,0.7187878447098707,1.454272363672265e-22,0.011947556586513674,True,True,False,Stim8hr,24
PRPF19-3,PRPF19,46,13,1.5068867206573486,2.088294267654419,2.3774335384368896,0.8790162205696106,1.337706208229065,1.527634525730097e-06,0.0004682259387547804,1.5218219834011926,3.0513237143586187e-06,0.009676669400932128,True,True,True,Stim8hr,24
APBB1IP-4,APBB1IP,99,14,1.0698622465133667,2.770664930343628,2.1624367237091064,2.5573527812957764,1.3340297937393188,5.649210738193508e-44,0.0004894032788885233,0.5216448053222379,1.1872553219888204e-42,0.009951200004066641,True,True,False,Stim8hr,24
TTC24-1,TTC24,107,12,0.010929322801530361,1.1923414468765259,0.9829459190368652,2.170121431350708,1.3285083770751953,2.7879888416034266e-30,0.0037627659686205483,0.6121815848103563,2.507244848948942e-29,0.03127644152378662,True,True,False,Stim8hr,24
GNAQ-4,GNAQ,84,10,0.22527992725372314,1.0974371433258057,1.2558648586273193,1.3686195611953735,1.3269920349121094,9.869675270954648e-16,0.0057913155836582944,0.9695842968612066,3.676881914526168e-15,0.039968532002546846,True,True,True,Stim8hr,24
CCDC178-3,CCDC178,108,10,2.339772618142888e-05,1.273131251335144,0.6709428429603577,2.2409920692443848,1.3251372575759888,2.089991350996516e-31,0.007939375019191407,0.5913172455013628,2.0255630461913602e-30,0.050211900204986455,True,False,False,Stim8hr,24
FCER2-4,FCER2,78,10,0.0009208295377902687,2.5235819816589355,1.4707565307617188,2.3198304176330566,1.3250724077224731,5.332949732887259e-24,0.007936486042167214,0.5711936517646218,3.2734153360436553e-23,0.050211900204986455,True,False,False,Stim8hr,24
SEPT5-2,SEPTIN5,57,11,0.020846139639616013,1.2690536975860596,0.8316036462783813,1.7823827266693115,1.3225274085998535,1.0043323915443209e-13,0.00529825759093478,0.7419996776288464,3.1991378567560864e-13,0.03824047749793003,True,True,False,Stim8hr,24
CLEC4C-4,CLEC4C,86,12,0.00014397218183148652,3.4250690937042236,1.8326663970947266,4.20956563949585,1.322127103805542,1.6663286896287645e-44,0.00394693536898694,0.3140768471219002,3.6405045439516565e-43,0.03217092578773407,True,True,False,Stim8hr,24
SENP6-3,SENP6,82,12,1.0952496528625488,2.748399019241333,2.311840534210205,2.637143611907959,1.3201059103012085,8.157662748908204e-37,0.0020290793652212318,0.5005817295426391,1.0915460847760561e-35,0.02198263090754605,True,True,False,Stim8hr,24
FCER1G-1,FCER1G,80,14,0.058542609214782715,3.9642720222473145,1.8097823858261108,3.641326427459717,1.3189986944198608,1.6223411853203565e-37,0.0018769267519444818,0.3622302808320396,2.2566882602999346e-36,0.020695443078291634,True,True,False,Stim8hr,24
POLR2D-2,POLR2D,84,16,0.789743959903717,1.79177725315094,1.5944805145263672,1.8714159727096558,1.3182212114334106,2.5889544908923967e-31,8.639500510603886e-05,0.7043977558472664,2.4842399544121335e-30,0.003513396874312247,True,True,False,Stim8hr,24
EEF2K-1,EEF2K,56,11,0.4912053942680359,1.9611660242080688,1.5171090364456177,2.3092145919799805,1.317050814628601,3.885842242149991e-21,0.002956316907032443,0.5703457873524554,2.0008724301456743e-20,0.02681244734387698,True,True,False,Stim8hr,24
TLDC2-2,TLDC2,118,10,2.1131518224137835e-05,1.4465008974075317,0.9177572131156921,2.594041585922241,1.3169001340866089,1.0409812630412431e-39,0.008180724123012115,0.5076634627730614,1.6634192331324328e-38,0.050980811864589706,True,False,False,Stim8hr,24
IFI44L-3,IFI44L,112,14,1.0358999967575073,3.2700297832489014,2.5551178455352783,2.663971185684204,1.3168554306030273,1.1857155781410303e-53,0.0006388847792957352,0.49432044823893667,3.554389256334391e-52,0.011397463374039955,True,True,False,Stim8hr,24
NKAIN1-4,NKAIN1,48,13,0.004235002677887678,2.0071094036102295,1.083070158958435,2.6870994567871094,1.3157645463943481,9.837818422943224e-18,0.0028178362743192303,0.4896597865296625,4.175943341550104e-17,0.0262489083484614,True,True,False,Stim8hr,24
FLNC-3,FLNC,106,10,0.0003788411268033087,2.3659515380859375,1.277545690536499,2.057900905609131,1.3127039670944214,3.9552359670429306e-28,0.00830335233500004,0.6378849260994256,3.115050404186357e-27,0.05139652787392823,True,False,False,Stim8hr,24
ABCB1-2,ABCB1,151,15,0.031479813158512115,2.9162323474884033,1.4801926612854004,3.3385932445526123,1.31118643283844,4.0657174790533815e-64,0.001427992062222656,0.39273620258407527,2.0962839321999236e-62,0.017649235226555832,True,True,False,Stim8hr,24
CDYL2-3,CDYL2,146,12,0.33392632007598877,1.4661288261413574,1.071058988571167,1.7727833986282349,1.310975432395935,1.0310109936426341e-38,0.0010171560100573653,0.739501189716892,1.5393511630950062e-37,0.014705929851609161,True,True,False,Stim8hr,24
ACAA1-1,ACAA1,63,14,0.4668838679790497,2.4755308628082275,1.6997349262237549,2.3767452239990234,1.3059613704681396,3.8787563525808406e-22,0.0012766168450915173,0.5494747006457753,2.100721402721304e-21,0.01660701078382245,True,True,False,Stim8hr,24
RAB19-4,RAB19,59,10,0.013259824365377426,0.5698887705802917,0.6876815557479858,1.3346043825149536,1.305554986000061,3.776199574709101e-10,0.008165794182536138,0.9782337021401418,9.594325726281269e-10,0.050980811864589706,True,False,False,Stim8hr,24
MMP28-2,MMP28,121,14,0.0019974415190517902,2.3863871097564697,1.2978309392929077,2.995288848876953,1.3044686317443848,1.107499352694219e-46,0.002142963640693739,0.435506790015754,2.564491016088949e-45,0.022765978901976743,True,True,False,Stim8hr,24
SLAMF1-3,SLAMF1,103,12,0.6619658470153809,2.344289779663086,1.957448959350586,2.156306028366089,1.302552580833435,3.61029407424458e-35,0.0022358375247297827,0.6040666601578935,4.362814745344934e-34,0.023230597578373733,True,True,False,Stim8hr,24
AADACL2-2,AADACL2,52,11,0.0,1.167269229888916,1.080565333366394,1.4571881294250488,1.302452802658081,5.698906447207135e-10,0.006078772106348363,0.8938123886391934,1.4338107502504873e-09,0.041392997279783114,True,True,True,Stim8hr,24
GPR157-4,GPR157,40,13,0.013934031128883362,1.6421582698822021,1.0786675214767456,3.131113290786743,1.3016740083694458,3.1232550678280375e-17,0.0029931560147152493,0.4157224244167732,1.27805580394614e-16,0.0268874592465543,True,True,False,Stim8hr,24
PLK5-2,PLK5,12,11,0.00017140581621788442,1.1209765672683716,1.0932412147521973,2.066009044647217,1.3009225130081177,0.0001827604213203868,0.006114376457821427,0.6296790018314067,0.0003099712935289192,0.04151628682851102,True,True,False,Stim8hr,24
ERBB2IP-1,ERBIN,177,10,0.48803672194480896,2.2198619842529297,1.7407054901123047,2.574869394302368,1.2989996671676636,1.9923739176417026e-68,0.006085274058053784,0.5044914783025773,1.2840849899200774e-66,0.041392997279783114,True,True,False,Stim8hr,24
EGFR-3,EGFR,70,10,3.9289614505833015e-05,1.0315252542495728,0.8449574708938599,1.801503300666809,1.298581600189209,1.5790430018027414e-16,0.008744061869191279,0.7208322070287362,6.142361235958848e-16,0.05316727007923057,True,False,False,Stim8hr,24
B3GNT3-4,B3GNT3,138,14,0.00021956556884106249,1.7573744058609009,0.9723783731460571,2.658219814300537,1.2981473207473755,2.783453904622427e-47,0.0022167416542967933,0.4883521346743703,6.563180639740808e-46,0.023159439051244398,True,True,False,Stim8hr,24
PIGT-1,PIGT,47,10,0.5698637962341309,2.6195619106292725,1.5852470397949219,3.5249998569488525,1.2978991270065308,9.228413174283981e-27,0.004514895185092146,0.3681983488447453,6.707946192660932e-26,0.03535265753627018,True,True,False,Stim8hr,24
DNAL1-2,DNAL1,73,11,0.09682829678058624,0.8744572401046753,1.094924807548523,1.2798793315887451,1.2972592115402222,4.8478312880305155e-12,0.005329573684901125,1.0135793113635978,1.3917270668755755e-11,0.03832024273060086,True,True,True,Stim8hr,24
P2RY14-3,P2RY14,340,17,0.01765230856835842,2.0120177268981934,0.9612032771110535,3.3022239208221436,1.293961763381958,2.5918576817434864e-141,0.0007800202610652857,0.39184555451339736,7.70977973484774e-139,0.012447411929742238,True,True,False,Stim8hr,24
KCNH2-4,KCNH2,61,10,0.0007345469202846289,1.7485042810440063,0.9935321807861328,2.5958216190338135,1.2927888631820679,2.394457424898021e-21,0.00892123275598687,0.498026849650499,1.2529589799838494e-20,0.05389792696987594,True,False,False,Stim8hr,24
C20orf202-1,C20orf202,79,12,0.0002570133947301656,1.7719078063964844,1.182478904724121,2.0858747959136963,1.2914812564849854,1.0278808047273738e-21,0.004509707226161367,0.6191556938197075,5.45242122343039e-21,0.03535265753627018,True,True,False,Stim8hr,24
ARHGAP5-2,ARHGAP5,22,10,0.26507070660591125,1.187375545501709,1.1567713022232056,1.4088718891143799,1.2904345989227295,1.7957550511744332e-05,0.005574295702963956,0.9159346629691786,3.2973337050767014e-05,0.03952094623725292,True,True,True,Stim8hr,24
CCDC88A-4,CCDC88A,43,13,0.08919684588909149,1.724835753440857,1.199033498764038,1.960902214050293,1.2881766557693481,4.508279666329683e-12,0.0028456312440075875,0.6569305937538755,1.2990698561622121e-11,0.02629112760462139,True,True,False,Stim8hr,24
AGPAT4-3,AGPAT4,118,13,0.07360542565584183,1.1811641454696655,0.9982853531837463,1.6655313968658447,1.286500096321106,3.0921973735529184e-25,0.0027851885287249294,0.7724262050790575,2.01644641543493e-24,0.02600884695219181,True,True,False,Stim8hr,24
HECTD2-4,HECTD2,36,10,0.22968685626983643,1.8069405555725098,1.0334208011627197,2.565412998199463,1.2858761548995972,1.073513133238958e-14,0.00486472430854834,0.5012355343182912,3.703189372198975e-14,0.03664345689521221,True,True,False,Stim8hr,24
C15orf48-2,C15orf48,148,16,0.029376309365034103,3.3461718559265137,1.6469037532806396,4.038228511810303,1.2854427099227905,1.3218285419764595e-73,0.0011835540926633048,0.31831846716037815,1.0022570532986214e-71,0.015940502255262883,True,True,False,Stim8hr,24
IL10-4,IL10,55,10,0.11636053770780563,2.1351981163024902,2.2288122177124023,1.5027573108673096,1.2853305339813232,2.5748019672866905e-11,0.008182272025860908,0.8553147768347908,7.031609609814712e-11,0.050980811864589706,True,False,False,Stim8hr,24
MMP9-3,MMP9,194,19,0.0020050453022122383,5.1889119148254395,2.301802158355713,4.603617191314697,1.2847657203674316,3.4977230084786496e-105,0.00045857587423432276,0.2790774443173302,5.2021903360719e-103,0.00965735074839258,True,True,False,Stim8hr,24
CCDC25-2,CCDC25,83,11,0.4774210751056671,1.3443386554718018,1.2433332204818726,1.3501883745193481,1.2822195291519165,7.41740883900358e-17,0.0020456648713723315,0.94965973144923,2.947905445059285e-16,0.022041893286410704,True,True,True,Stim8hr,24
SELENON-2,SELENON,120,16,0.09717557579278946,2.095853328704834,1.1892198324203491,1.5954316854476929,1.2821675539016724,1.0054179561172373e-23,0.0010232336609877662,0.8036492979277169,6.05599881044448e-23,0.014705929851609161,True,True,True,Stim8hr,24
NIT2-4,NIT2,134,11,0.6996572613716125,1.8760895729064941,1.6254855394363403,1.7364623546600342,1.281733512878418,2.5036974909073752e-36,0.0025519006972647357,0.7381291678674812,3.259864712908694e-35,0.024810510120964604,True,True,False,Stim8hr,24
IGSF3-3,IGSF3,57,10,0.049579109996557236,1.8980902433395386,1.086879849433899,2.9773871898651123,1.2808703184127808,3.3335487963940356e-23,0.008728384342388163,0.4301994455987464,1.9326586500233486e-22,0.053160829692889496,True,False,False,Stim8hr,24
ADGRE3-1,ADGRE3,58,12,0.0,1.2306755781173706,0.7781974673271179,1.987949013710022,1.277003526687622,1.4567242340688542e-15,0.004805876278822337,0.6423723736779378,5.36490725061358e-15,0.03648768195958443,True,True,False,Stim8hr,24
TPD52-2,TPD52,273,31,0.36934012174606323,1.499813199043274,1.3341858386993408,1.6146414279937744,1.2757339477539062,8.748789597537482e-60,2.5637634002447897e-06,0.7901035645660549,3.677344497138852e-58,0.0003134533447481097,True,True,False,Stim8hr,24
PLXNB2-4,PLXNB2,114,14,0.05066946893930435,0.9299247860908508,0.9302601218223572,1.447229266166687,1.2726702690124512,1.9503306703344713e-20,0.0021894475481989066,0.879384005537288,9.656758901643278e-20,0.02300136285357851,True,True,True,Stim8hr,24
COL4A6-1,COL4A6,128,22,5.637977665173821e-05,1.3379079103469849,0.9716193675994873,1.6237013339996338,1.272580862045288,2.2727980394423236e-25,0.0001916237754524237,0.7837530433694742,1.4972589469375582e-24,0.005846646857186597,True,True,False,Stim8hr,24
HECW1-1,HECW1,21,10,1.433795659977477e-05,1.276054859161377,0.6911681294441223,1.8987691402435303,1.2717336416244507,2.5939151246921073e-06,0.009643125891470232,0.6697673849182856,5.094296489174393e-06,0.05708908089083559,True,False,False,Stim8hr,24
P2RY1-1,P2RY1,81,10,0.01545668300241232,1.3342269659042358,0.5700991749763489,2.411466121673584,1.2693498134613037,4.203983647977226e-26,0.00907065254063675,0.5263809439629867,2.9146385779247627e-25,0.05453928125387628,True,False,False,Stim8hr,24
KLF12-3,KLF12,120,10,0.18894712626934052,0.9486821293830872,0.8689745664596558,1.399327039718628,1.2665075063705444,2.100179896485041e-23,0.005055506862159455,0.9050832796207594,1.238017631052996e-22,0.03741668679586509,True,True,True,Stim8hr,24
SEMA5A-4,SEMA5A,84,14,0.0,0.8596810102462769,0.5512495040893555,1.7588340044021606,1.2631564140319824,5.811630800698498e-19,0.002650831404577481,0.7181782992996759,2.6914462642276757e-18,0.025316778717454632,True,True,False,Stim8hr,24
LGMN-4,LGMN,153,18,0.04064050316810608,1.6925888061523438,1.0042012929916382,1.453110694885254,1.2610598802566528,2.4522974209367585e-26,0.0006091906043980291,0.8678346974496898,1.733644264490392e-25,0.011244307935288097,True,True,True,Stim8hr,24
ANXA7-3,ANXA7,112,11,1.1348059177398682,1.8103879690170288,1.8037399053573608,1.1579546928405762,1.258751630783081,2.281300171690087e-22,0.0004818318194155218,1.0870473936205916,1.2584575982775417e-21,0.009903738809942953,True,True,True,Stim8hr,24
OSBPL10-1,OSBPL10,67,11,0.014191575348377228,1.380228042602539,0.8982463479042053,2.0929179191589355,1.25836980342865,7.241132984413626e-19,0.007044525133684654,0.6012513877918065,3.3255892221766614e-18,0.04577730937387519,True,True,False,Stim8hr,24
TTC24-3,TTC24,66,10,0.010929322801530361,1.4063336849212646,0.5375847816467285,2.2824811935424805,1.258178472518921,2.5259765340575985e-20,0.009645669669287135,0.5512327882825573,1.2380166358936292e-19,0.05708908089083559,True,False,False,Stim8hr,24
CD151-4,CD151,127,15,0.5409546494483948,1.4672037363052368,1.3466488122940063,1.2156614065170288,1.257896900177002,9.158594011599754e-21,0.0004024846628632307,1.0347428103200063,4.6235356452814943e-20,0.008957408760112131,True,True,True,Stim8hr,24
FURIN-1,FURIN,150,15,1.833255648612976,3.327390193939209,2.910581350326538,1.979722499847412,1.2575081586837769,2.069963797691062e-48,0.0005443713565451331,0.6351941541204384,5.266151319520617e-47,0.010572245598860266,True,True,False,Stim8hr,24
KLHL13-3,KLHL13,73,15,0.0072976103983819485,1.2295284271240234,0.8851500153541565,2.4584293365478516,1.2556873559951782,4.849369338513655e-24,0.001960863963104142,0.5107681304187598,2.990831137485216e-23,0.021433489908843542,True,True,False,Stim8hr,24
PAOX-4,PAOX,67,12,0.036500733345746994,0.9011580348014832,0.7900471687316895,1.8254854679107666,1.2552522420883179,1.0976330398848743e-16,0.004766747518360528,0.6876265323135824,4.326755316243434e-16,0.03648768195958443,True,True,False,Stim8hr,24
VASP-1,VASP,137,13,1.5905067920684814,3.721133232116699,2.7594985961914062,2.766756534576416,1.2542144060134888,1.0448006633569968e-60,0.001465080340468768,0.45331578342346124,4.591186551365349e-59,0.017956575880005092,True,True,False,Stim8hr,24
ADGRL3-2,ADGRL3,114,13,0.0,1.0326759815216064,0.6414592266082764,1.667027235031128,1.2513079643249512,1.5398896710206084e-23,0.0038861598824588483,0.7506223881828696,9.147086571177715e-23,0.031950992772737746,True,True,False,Stim8hr,24
KLHL4-4,KLHL4,60,16,0.00013857199519407004,1.1964439153671265,0.6245433688163757,2.076624870300293,1.2506378889083862,8.28086859050206e-17,0.001491939413303588,0.6022454545329298,3.287691872635674e-16,0.017956575880005092,True,True,False,Stim8hr,24
CAMK2D-4,CAMK2D,61,10,0.5195848941802979,1.604190707206726,1.424529790878296,1.7110203504562378,1.2505797147750854,1.3485717895349803e-17,0.004714547346398351,0.7308970430665086,5.656103156325129e-17,0.03638860829403789,True,True,False,Stim8hr,24
IL16-3,IL16,115,15,0.9854183793067932,2.757510185241699,2.0795860290527344,2.1606974601745605,1.2499544620513916,2.4460362793070312e-45,0.0002173061821058659,0.578495826042397,5.531475024608357e-44,0.00613322373674914,True,True,False,Stim8hr,24
ITGB5-1,ITGB5,85,10,0.016368864104151726,1.9249064922332764,1.2632993459701538,3.0778636932373047,1.249061942100525,2.325612954680147e-34,0.01031419186329304,0.40582107155848685,2.6925584717808767e-33,0.05910344488935497,True,False,False,Stim8hr,24
SIX4-3,SIX4,127,14,0.0017744952347129583,1.0691453218460083,0.7323532700538635,1.7822166681289673,1.2485802173614502,2.9489990991389512e-28,0.00283689623598137,0.7005771181975606,2.346456690611178e-27,0.02629112760462139,True,True,False,Stim8hr,24
CPA4-3,CPA4,72,12,9.758198575582355e-05,2.364352226257324,1.7404037714004517,1.9817274808883667,1.2474558353424072,7.345960744070771e-19,0.005468267145657247,0.6294790012112054,3.369730747013247e-18,0.0390944921453227,True,True,False,Stim8hr,24
MATN3-4,MATN3,181,14,0.000345648848451674,3.1158506870269775,1.493178367614746,3.134077310562134,1.2467114925384521,7.537265207057768e-72,0.002881443706554901,0.3977921949585984,5.299382646489526e-70,0.026386489341865948,True,True,False,Stim8hr,24
BCL2A1-2,BCL2A1,129,12,1.063915491104126,1.9727845191955566,1.9254239797592163,1.1139689683914185,1.2446022033691406,9.574249184360459e-23,0.0002569960754898004,1.117268289049701,5.436655153586181e-22,0.006626358866322244,True,True,True,Stim8hr,24
HEXB-1,HEXB,116,12,0.39539018273353577,1.7103943824768066,1.2015855312347412,1.6857935190200806,1.237368106842041,3.062318702105507e-27,0.00245329894698647,0.7339974278470944,2.3219581217729403e-26,0.024352694534128166,True,True,False,Stim8hr,24
MYBPH-3,MYBPH,50,11,0.0001008970575639978,2.0561482906341553,1.2067017555236816,1.6010222434997559,1.233642339706421,9.37877164829924e-11,0.008009336417434116,0.7705341663522047,2.47223653469483e-10,0.050485517217893044,True,False,False,Stim8hr,24
PTPN14-4,PTPN14,55,13,0.044514186680316925,1.620566725730896,0.9055686593055725,2.411743402481079,1.2335293292999268,1.8217370048280804e-18,0.0037762702036910154,0.511467898297528,8.13470784950368e-18,0.031319855066577675,True,True,False,Stim8hr,24
GPX4-2,GPX4,40,10,1.0046124458312988,2.142033576965332,2.029169797897339,1.3973902463912964,1.2321357727050781,1.8891678598943984e-09,0.004628565547828768,0.8817406418049781,4.5974903173138064e-09,0.03601900185573745,True,True,True,Stim8hr,24
EDAR-1,EDAR,97,12,0.0017472633626312017,0.9660080075263977,0.6694390177726746,1.762637972831726,1.2320796251296997,1.0103958825320815e-21,0.005805799357999832,0.6989975503309566,5.3670341727356575e-21,0.03999550668844329,True,True,False,Stim8hr,24
FRMPD1-2,FRMPD1,175,13,0.00032024167012423277,0.8813668489456177,0.7742361426353455,1.835214376449585,1.2320681810379028,1.3281461408814666e-39,0.004251862368844105,0.6713483704402252,2.0877809458490371e-38,0.034068948048661875,True,True,False,Stim8hr,24
ABCG2-1,ABCG2,264,13,0.056879620999097824,1.5988543033599854,0.7716318368911743,2.0264227390289307,1.2313586473464966,1.5319094819660544e-67,0.0035472151384009503,0.607651416276827,9.403006296448782e-66,0.03048992648507362,True,True,False,Stim8hr,24
IL27-3,IL27,208,15,4.413548231241293e-05,1.2464849948883057,0.8558647632598877,1.8652797937393188,1.2306019067764282,1.2586286160298344e-47,0.0022882409506491718,0.6597411878404824,3.1000744319664773e-46,0.023452919445406957,True,True,False,Stim8hr,24
CHST4-1,CHST4,55,11,0.0004638568207155913,1.3799704313278198,0.857997715473175,2.422098398208618,1.228104591369629,3.694670423182391e-18,0.008181320369975162,0.5070415769557232,1.608929113338548e-17,0.050980811864589706,True,False,False,Stim8hr,24
CYP27C1-4,CYP27C1,56,10,0.00018968408403452486,1.9904378652572632,0.49710813164711,2.6462323665618896,1.2277470827102661,4.410561492852215e-20,0.011311622194225086,0.4639604209457287,2.1399800869334397e-19,0.062733792671193,True,False,False,Stim8hr,24
TRIM29-3,TRIM29,155,16,0.00044880242785438895,3.518263339996338,1.869955062866211,3.9066269397735596,1.2252613306045532,1.7491740765388843e-74,0.0017281931072195774,0.31363663577141393,1.4091783654116387e-72,0.01928031366225499,True,True,False,Stim8hr,24
ACAP1-4,ACAP1,92,10,0.6577107310295105,2.1650197505950928,1.680952787399292,2.103034496307373,1.2247227430343628,6.843442721182309e-31,0.006000227047059783,0.5823597973237244,6.361440625675959e-30,0.04103591083540705,True,True,False,Stim8hr,24
TMEM71-4,TMEM71,14,13,0.10483461618423462,0.7384617924690247,0.6938272714614868,1.0778117179870605,1.2223974466323853,0.004906446270961269,0.0026013408891202,1.1341474825634252,0.0073114557725654054,0.02509868632842064,True,True,True,Stim8hr,24
HAP1-1,HAP1,125,11,0.0010049027623608708,2.541508197784424,1.5514798164367676,2.242098569869995,1.2220474481582642,4.242612610459405e-36,0.008387450092881554,0.5450462636123633,5.450559124467282e-35,0.05166341409002938,True,False,False,Stim8hr,24
THOC5-4,THOC5,96,13,0.6261731386184692,1.8367904424667358,1.5924358367919922,1.6520200967788696,1.2194187641143799,8.82324641305167e-24,0.002069612291085694,0.7381379721057986,5.347883053177243e-23,0.022230073471236733,True,True,False,Stim8hr,24
ZAP70-4,ZAP70,171,14,1.2881782054901123,2.5165603160858154,2.426969289779663,1.5938265323638916,1.217611312866211,9.34764037418446e-43,0.001311251388538394,0.7639547266541641,1.844251292192414e-41,0.016753894430581777,True,True,False,Stim8hr,24
WWTR1-3,WWTR1,34,15,0.01103156991302967,1.2044533491134644,0.7756401896476746,1.9308849573135376,1.2153167724609375,1.5578329036469563e-09,0.0024050668371789186,0.629409208382783,3.8151613922753514e-09,0.024191390367581566,True,True,False,Stim8hr,24
MRAS-3,MRAS,52,10,0.006100270431488752,1.3974347114562988,1.1381909847259521,1.6424416303634644,1.2150934934616089,1.8055691161915003e-11,0.011792278326540319,0.7398092394873811,4.983680065890458e-11,0.06439970037066524,True,False,False,Stim8hr,24
TNFSF9-2,TNFSF9,106,10,0.02627660520374775,2.5569162368774414,0.9549095034599304,2.8712658882141113,1.2149467468261719,8.021254474179436e-40,0.011288304747297046,0.4231397558175472,1.2924246271521617e-38,0.062733792671193,True,False,False,Stim8hr,24
CYSTM1-4,CYSTM1,38,11,0.11652235686779022,1.525858998298645,0.8968915343284607,2.285728693008423,1.2146108150482178,5.528846323979599e-13,0.006714452494068497,0.5313888821378776,1.6834684043172527e-12,0.044240521485308465,True,True,False,Stim8hr,24
INHA-4,INHA,45,10,3.918516813428141e-05,1.6947286128997803,1.098695993423462,1.6916930675506592,1.214081048965454,1.860244207827573e-10,0.011904915974443722,0.7176721783953858,4.834384644938995e-10,0.06470311023361715,True,False,False,Stim8hr,24
EPPK1-2,EPPK1,126,10,0.0009079067967832088,2.4487650394439697,0.9093620181083679,2.513640880584717,1.2128227949142456,5.612059173651786e-41,0.011942745272132732,0.4824964473971007,9.645259033116204e-40,0.06470311023361715,True,False,False,Stim8hr,24
LMO3-1,LMO3,90,11,7.559479854535311e-05,2.111703395843506,1.1373625993728638,3.1400954723358154,1.2122375965118408,1.2059044671556108e-36,0.008728946387965198,0.38605119086079775,1.6024854207871981e-35,0.053160829692889496,True,False,False,Stim8hr,24
COL4A5-1,COL4A5,104,15,0.00016603482072241604,0.8009639382362366,0.6941441297531128,1.55540931224823,1.2116434574127197,7.350881738932247e-20,0.002536116753228884,0.7789868865201649,3.535554687120771e-19,0.024784479485042994,True,True,False,Stim8hr,24
AREL1-1,AREL1,201,19,0.40558433532714844,0.8057802319526672,0.9359339475631714,0.7745053768157959,1.2102911472320557,6.797404368848163e-20,1.1100479458720543e-05,1.562663324827898,3.2734200117479265e-19,0.0008567757818955325,True,True,True,Stim8hr,24
AFAP1L1-3,AFAP1L1,37,10,0.001251325709745288,1.5026286840438843,0.8929808735847473,2.0583157539367676,1.2100697755813599,7.154113869527915e-11,0.012055420398022355,0.5878931710389725,1.8987617250147182e-10,0.06494814807025719,True,False,False,Stim8hr,24
IFIT5-3,IFIT5,44,12,0.2673373520374298,1.4705089330673218,1.1952155828475952,1.3745726346969604,1.2090568542480469,7.810532229863296e-09,0.0037455898064145633,0.879587461389115,1.828288627898388e-08,0.03127644152378662,True,True,True,Stim8hr,24
EGLN1-3,EGLN1,91,12,0.547044575214386,2.3278064727783203,1.5946391820907593,2.6563403606414795,1.2079582214355469,7.64062268768432e-38,0.003617318455073402,0.4547452726064958,1.0822816092774822e-36,0.030773028912994018,True,True,False,Stim8hr,24
PPP2R2D-1,PPP2R2D,47,13,0.39589402079582214,1.1554429531097412,1.0201435089111328,1.2027298212051392,1.2054965496063232,8.109066738412451e-09,0.0009082866386967217,1.0023003739928988,1.8958743093978807e-08,0.01357762872549803,True,True,True,Stim8hr,24
ITGA5-2,ITGA5,46,10,0.2669580578804016,1.9644253253936768,1.2824853658676147,2.1984901428222656,1.204603910446167,3.2342937875501972e-15,0.009058172059698794,0.5479232710590105,1.1656117499027599e-14,0.05453928125387628,True,False,False,Stim8hr,24
DOCK9-2,DOCK9,71,16,0.5664570331573486,1.0977094173431396,1.3800997734069824,0.7512063384056091,1.2031309604644775,4.929084771680259e-07,0.00041271927926654574,1.6015985208778345,1.0231224268431328e-06,0.008970714449345264,True,True,True,Stim8hr,24
RAPH1-1,RAPH1,125,17,0.03417433053255081,1.0224294662475586,0.6287704706192017,1.53705894947052,1.201073408126831,1.1699967875708962e-23,0.0011913422274811402,0.781410113477152,7.014538879901791e-23,0.01597750462529671,True,True,False,Stim8hr,24
CARTPT-4,CARTPT,84,11,0.0003650655271485448,3.0537526607513428,1.3742483854293823,1.5291584730148315,1.2006566524505615,4.962995222547812e-16,0.009143929575173392,0.785174770070359,1.8723807342041353e-15,0.05488675340572237,True,False,False,Stim8hr,24
WDR72-3,WDR72,41,10,1.3979629329696763e-05,2.656776189804077,1.1297407150268555,5.008105754852295,1.1999012231826782,9.571120128060722e-25,0.012539869511743431,0.239591830108641,6.097450005800793e-24,0.06642267015884265,True,False,False,Stim8hr,24
GPR65-3,GPR65,78,14,0.1763077825307846,1.3782352209091187,0.8750676512718201,1.9015371799468994,1.19984769821167,2.9863148980887767e-21,0.0019273236429402298,0.6309882924535695,1.545927672143146e-20,0.021189354702325434,True,True,False,Stim8hr,24
NAPRT-4,NAPRT,79,14,0.13550791144371033,1.9635446071624756,1.145847201347351,2.428724527359009,1.1995160579681396,1.553451018468512e-26,0.002973354190619876,0.4938872418242062,1.114507437554311e-25,0.026867410573176376,True,True,False,Stim8hr,24
KIAA1755-1,KIAA1755,61,10,0.0,1.798409104347229,0.9623359441757202,2.749607801437378,1.19887113571167,1.6015412781942284e-22,0.012587407472097788,0.4360153237436085,8.949653356614279e-22,0.06658122385940396,True,False,False,Stim8hr,24
PTK7-4,PTK7,68,10,0.03084888681769371,1.0574398040771484,0.5570907592773438,2.0767853260040283,1.196028232574463,2.5160634199874483e-19,0.01108520688655752,0.5759036418442717,1.180778791880032e-18,0.06220215496284947,True,False,False,Stim8hr,24
TLR7-1,TLR7,58,13,0.008402922190725803,1.9527614116668701,1.1399527788162231,2.1149206161499023,1.195359230041504,1.168177414552268e-16,0.0049978084243241985,0.5652028832257497,4.586134073171188e-16,0.03735516098971169,True,True,False,Stim8hr,24
ATL1-3,ATL1,151,12,0.03818930685520172,2.6515119075775146,0.9128789901733398,3.6541361808776855,1.1947503089904785,1.4230375702747046e-69,0.0064129262481276254,0.32695834250586464,9.654186463600495e-68,0.043131542085808765,True,True,False,Stim8hr,24
B4GALNT1-1,B4GALNT1,73,12,0.005272781942039728,2.073925733566284,1.2106034755706787,2.5298805236816406,1.1945956945419312,1.239136889269135e-24,0.006860989477948709,0.47219451011998015,7.842458839285998e-24,0.04486436596298304,True,True,False,Stim8hr,24
S100A1-4,S100A1,126,14,0.0008984642336145043,4.500932693481445,1.8655377626419067,4.300938129425049,1.1945269107818604,1.5919229606901317e-65,0.003757862427199236,0.2777363623553323,8.921689984041651e-64,0.03127644152378662,True,True,False,Stim8hr,24
ACAD8-2,ACAD8,110,14,0.20241433382034302,0.8184760212898254,0.9681481719017029,0.9786837697029114,1.1941603422164917,1.116970399181533e-12,0.00222324744994756,1.2201697618618834,3.3225573335653757e-12,0.02316342109008725,True,True,True,Stim8hr,24
MYCL-4,MYCL,45,13,0.0022671737242490053,0.8683496117591858,0.5222361087799072,1.5469448566436768,1.1897087097167969,1.7465580137267353e-09,0.0051083163829072475,0.7690698893417856,4.255790698853992e-09,0.037657835922819495,True,True,False,Stim8hr,24
INSR-3,INSR,74,10,0.00862052571028471,1.7406067848205566,0.9342641830444336,2.7402985095977783,1.189603567123413,5.419270385108163e-27,0.012878115154520585,0.434114591150153,4.0069442790082726e-26,0.0677399603816368,True,False,False,Stim8hr,24
TNS1-1,TNS1,205,26,0.010840182192623615,1.643164038658142,0.8666051030158997,2.1674342155456543,1.188232660293579,3.824137020899409e-56,0.00011348377323977,0.548220864915358,1.3086670672405322e-54,0.004249461687057526,True,True,False,Stim8hr,24
ESCO1-3,ESCO1,74,12,0.38553157448768616,1.5282918214797974,1.135628581047058,1.8979268074035645,1.1881613731384277,2.9190345793904606e-22,0.0029469435644386226,0.6260311875587433,1.6033958406964363e-21,0.026791684040160746,True,True,False,Stim8hr,24
GNAI3-1,GNAI3,114,11,1.1399405002593994,2.1306774616241455,1.817639946937561,1.3047266006469727,1.18784761428833,1.2983869987253195e-21,0.0011653354747709062,0.9104187909553726,6.859101808839905e-21,0.015940502255262883,True,True,True,Stim8hr,24
MICU1-3,MICU1,87,10,0.5239664912223816,1.380812406539917,1.166621446609497,1.2426276206970215,1.1867153644561768,8.90358887635932e-16,0.0027371005272108233,0.9550048177671424,3.323376272671958e-15,0.025798850613434416,True,True,True,Stim8hr,24
GIP-3,GIP,37,10,5.0322996685281396e-05,2.188154458999634,1.6355273723602295,1.596251130104065,1.1862598657608032,2.463207582118667e-08,0.013181910781997727,0.7431536575848607,5.616287570785899e-08,0.06885909748275608,True,False,False,Stim8hr,24
LCORL-1,LCORL,85,11,0.17132684588432312,0.8051947951316833,0.6593679785728455,1.2528777122497559,1.1847162246704102,9.327348854177903e-15,0.0033837657348243406,0.9455960570509709,3.223311708588557e-14,0.029419314963461278,True,True,True,Stim8hr,24
KRIT1-4,KRIT1,78,10,0.6459646224975586,1.3793909549713135,1.3090355396270752,1.2410602569580078,1.1847121715545654,2.579313157883249e-16,0.0026248412129956547,0.9545968174490105,9.895043632474725e-16,0.02513202396847991,True,True,True,Stim8hr,24
ZNF527-2,ZNF527,108,14,0.05384819582104683,0.6309648156166077,0.5491348505020142,1.1815911531448364,1.1845000982284546,3.45194965743779e-15,0.002749057852251208,1.0024618880023568,1.239432620734627e-14,0.025798850613434416,True,True,True,Stim8hr,24
ZAP70-3,ZAP70,75,10,1.2881782054901123,2.565307140350342,2.0316758155822754,1.8229584693908691,1.1836881637573242,2.8231025316591418e-24,0.00174559462453511,0.6493226168519608,1.7495092131291507e-23,0.019303622426876568,True,True,False,Stim8hr,24
CLDN10-3,CLDN10,97,11,0.00017041846876963973,1.9766197204589844,0.8262463212013245,2.3899035453796387,1.1835219860076904,2.3760185063452348e-30,0.009794595366502653,0.49521746946472966,2.1417397585167884e-29,0.05752364527628044,True,False,False,Stim8hr,24
VSTM4-3,VSTM4,74,10,0.014065978117287159,1.0839086771011353,0.876217246055603,1.6877660751342773,1.1805977821350098,3.00148226714626e-16,0.013146686766435382,0.6995032069483221,1.1469102694717972e-15,0.06885909748275608,True,False,False,Stim8hr,24
COX20-3,COX20,100,20,0.4294034242630005,1.4687702655792236,1.139755368232727,1.6854318380355835,1.1783907413482666,4.196938224007086e-26,0.00011887432258331081,0.6991625023066569,2.9146385779247627e-25,0.0043648804661172965,True,True,False,Stim8hr,24
WDR61-1,SKIC8,123,10,0.558232307434082,2.14882230758667,1.659786581993103,2.1800148487091064,1.177849531173706,6.2894259363210854e-40,0.009490879010692004,0.5402942699547062,1.0176238533788133e-38,0.05661593756851287,True,False,False,Stim8hr,24
WFIKKN2-3,WFIKKN2,94,13,0.00011328900291118771,2.314344882965088,1.161927580833435,2.33724045753479,1.177606463432312,8.511346645013812e-29,0.005508609307457093,0.5038448053712006,6.987978232753378e-28,0.03930860452981646,True,True,False,Stim8hr,24
NEK3-1,NEK3,55,10,0.08412336558103561,0.6503834128379822,0.5928527116775513,1.2497557401657104,1.1766064167022705,1.484540766493164e-09,0.00924844438444103,0.941469103831649,3.6379715741629057e-09,0.05534433016132275,True,False,False,Stim8hr,24
AGK-4,AGK,28,11,0.8820926547050476,1.7488819360733032,1.5947372913360596,1.4610387086868286,1.1762226819992065,6.9204267987675965e-09,0.0013891201932603953,0.8050592191745469,1.626826166008164e-08,0.017338787362741966,True,True,True,Stim8hr,24
TREML1-1,TREML1,83,13,0.0,0.8854113817214966,0.7985838651657104,1.4101289510726929,1.1753413677215576,2.4478133078993346e-14,0.005568996688939378,0.8334992107122323,8.188316662324158e-14,0.03952094623725292,True,True,True,Stim8hr,24
LHX6-3,LHX6,107,11,0.0009974295971915126,1.4079043865203857,0.9721626043319702,2.1971843242645264,1.1749064922332764,1.7016281160736663e-30,0.010131783949315415,0.5347327847091564,1.548281394083969e-29,0.05862105829063579,True,False,False,Stim8hr,24
JPH1-4,JPH1,112,10,0.006754616741091013,1.2433058023452759,0.7798482179641724,2.0133681297302246,1.1748734712600708,5.110750607531879e-29,0.013565760543272942,0.5835363408764668,4.2410456221729135e-28,0.0698036821423922,True,False,False,Stim8hr,24
LRRC38-4,LRRC38,29,13,4.167048609815538e-05,0.46355628967285156,0.6566593647003174,0.9678959846496582,1.173667311668396,0.0004844055389420255,0.005611514576786043,1.2125965292574483,0.0007944004321835507,0.03952094623725292,True,True,True,Stim8hr,24
HOXA1-3,HOXA1,45,10,0.004048842471092939,0.6798371076583862,0.5433982014656067,1.3797065019607544,1.1715521812438965,2.479187945079178e-08,0.013691344025677505,0.8491314490284406,5.64939291904607e-08,0.07035416182759827,True,False,False,Stim8hr,24
B3GAT1-3,B3GAT1,139,11,0.0010633639758452773,1.1762757301330566,0.5420766472816467,2.2973287105560303,1.1715301275253296,5.030582754332195e-41,0.010238562025567461,0.5099532000545887,8.76273131126243e-40,0.058937962832109794,True,False,False,Stim8hr,24
AS3MT-3,AS3MT,26,10,0.01030218880623579,1.5071066617965698,0.6150932312011719,2.271953821182251,1.1701709032058716,6.990392356238269e-09,0.01354021170552315,0.5150504787095332,1.642275045053061e-08,0.06976713987777733,True,False,False,Stim8hr,24
ADPGK-2,ADPGK,54,12,0.8324368596076965,1.809699296951294,1.648087501525879,1.8202626705169678,1.169938325881958,2.3471557504090752e-20,0.0023752832758593984,0.642730494247672,1.153297495150177e-19,0.024050153243031322,True,True,False,Stim8hr,24
EHMT2-4,EHMT2,55,14,0.781204104423523,1.556738018989563,1.4049495458602905,1.1594281196594238,1.1688939332962036,2.0886429273862717e-10,0.00020350881509193202,1.0081642091271343,5.398918583023204e-10,0.005945177150059868,True,True,True,Stim8hr,24
AZGP1-4,AZGP1,136,13,0.0010766764171421528,3.323945999145508,1.7505393028259277,2.81973934173584,1.1681017875671387,2.2735136884896917e-49,0.0057563876219202965,0.41425878281644707,5.940322590128134e-48,0.039946161442390014,True,True,False,Stim8hr,24
HMGCS2-2,HMGCS2,175,19,0.00022424179769586772,2.6444342136383057,1.130859375,2.4862899780273438,1.1675363779067993,1.4026845635641433e-55,0.0010265376734068796,0.4695897856746133,4.6360523139337965e-54,0.014705929851609161,True,True,False,Stim8hr,24
BLK-1,BLK,109,15,3.6882069252897054e-05,1.8015248775482178,0.6880468726158142,2.368844509124756,1.1673321723937988,1.3928255551339824e-33,0.0032298208402007154,0.492785477433091,1.5388732633437456e-32,0.028341490528164977,True,True,False,Stim8hr,24
CHRDL1-1,CHRDL1,193,14,5.3135900088818744e-05,1.7036840915679932,0.9080983996391296,2.480140447616577,1.1650030612945557,5.975607263067102e-61,0.004369348756357247,0.46973269695840303,2.6560544007218945e-59,0.034862609697348335,True,True,False,Stim8hr,24
NOG-2,NOG,120,20,0.0006371020572260022,1.9970622062683105,0.9144086837768555,2.0945611000061035,1.163732647895813,3.032548980101413e-32,0.0007934589069404182,0.5555973745012365,3.110574776141158e-31,0.012503589941869423,True,True,False,Stim8hr,24
RGS12-4,RGS12,159,17,0.01460311934351921,0.49776703119277954,0.5709700584411621,1.2318062782287598,1.163407802581787,4.3727809655575715e-22,0.0016986375141424081,0.9444730256243504,2.3616681555602135e-21,0.01900664816120292,True,True,True,Stim8hr,24
MYL7-4,MYL7,68,13,0.0002579762367531657,2.703542947769165,1.2739001512527466,2.456693172454834,1.1600395441055298,2.235107639079495e-22,0.005986301253421853,0.4721955338632574,1.2347373200457726e-21,0.04101483938485769,True,True,False,Stim8hr,24
KIAA1279-2,KIFBP,96,11,0.19999706745147705,1.3489586114883423,1.0887740850448608,1.8279564380645752,1.1599068641662598,9.336265866455325e-25,0.008204053971020382,0.6345374758461746,5.957646882109363e-24,0.05103245414210376,True,False,False,Stim8hr,24
CYP20A1-3,CYP20A1,91,12,0.41902104020118713,1.387221336364746,1.2908695936203003,1.3054158687591553,1.1574455499649048,2.2015134458995147e-16,0.0043973103984286345,0.8866489045097165,8.470898005267088e-16,0.03493829396398549,True,True,True,Stim8hr,24
TSPAN12-1,TSPAN12,80,11,0.0005288737011142075,1.6511996984481812,0.7383455634117126,2.5048508644104004,1.1528210639953613,1.5094404447428867e-26,0.011075105793644882,0.46023540977028027,1.0849453903012533e-25,0.06220215496284947,True,False,False,Stim8hr,24
ST3GAL4-1,ST3GAL4,66,12,0.22633235156536102,1.7215218544006348,1.0658444166183472,2.708193063735962,1.1528071165084839,4.66042957308727e-27,0.005607070055546969,0.4256739048427302,3.464465104070832e-26,0.03952094623725292,True,True,False,Stim8hr,24
CDK8-3,CDK8,35,10,0.4389435648918152,0.9128972291946411,1.220562219619751,0.7108210325241089,1.152777910232544,0.0007373654634661365,0.0076977194421883124,1.6217554876493405,0.0011870908606259575,0.04934368632263762,True,True,True,Stim8hr,24
EZH2-1,EZH2,76,10,1.264837622642517,1.9681488275527954,2.036797523498535,0.913296103477478,1.152406096458435,1.811317190482907e-10,0.0024181075668939065,1.2618099344457057,4.715261585733275e-10,0.024227445836278786,True,True,True,Stim8hr,24
ZDHHC15-1,ZDHHC15,174,21,0.004456808790564537,0.7777637839317322,0.5916274189949036,1.6243211030960083,1.1496860980987549,5.304454005134728e-34,0.0006503838493204994,0.7077948417387524,5.9802692821737595e-33,0.011483376439326632,True,True,False,Stim8hr,24
NBEAL2-1,NBEAL2,175,15,0.5025835037231445,2.1912386417388916,1.5218647718429565,2.8055336475372314,1.1490178108215332,2.4152441819561475e-77,0.001935643827623645,0.40955410099257594,2.122670284460096e-75,0.02121914480021051,True,True,False,Stim8hr,24
ISYNA1-3,ISYNA1,112,10,0.020434681326150894,1.882499098777771,0.821367621421814,1.7897825241088867,1.147813081741333,2.5070896510661605e-25,0.014705734976030178,0.6413142749356192,1.6459958710819766e-24,0.07347039587760389,True,False,False,Stim8hr,24
ROR2-1,ROR2,136,15,0.013010542839765549,1.0732684135437012,0.6460353136062622,1.9357548952102661,1.1469216346740723,1.4432307617536309e-33,0.0033963842489063045,0.5924932115692731,1.5855037942333213e-32,0.029461296397623037,True,True,False,Stim8hr,24
TFPI2-3,TFPI2,31,14,0.0005591708468273282,1.047592043876648,0.8174437284469604,1.488515853881836,1.1463544368743896,1.0266897159637936e-06,0.004798232316965336,0.7701325006951465,2.0873865045383753e-06,0.03648768195958443,True,True,False,Stim8hr,24
RELL1-4,RELL1,76,11,0.33828145265579224,1.3848649263381958,1.1686604022979736,1.5739632844924927,1.1462349891662598,6.006043763084085e-18,0.006432096704493956,0.7282476030156261,2.5863442351721778e-17,0.043131542085808765,True,True,False,Stim8hr,24
ALDH8A1-3,ALDH8A1,64,14,0.0070801968686282635,1.5260396003723145,0.938693106174469,1.7843204736709595,1.1451467275619507,4.048859494936933e-15,0.004778800634559566,0.6417831014436498,1.445700800269725e-14,0.03648768195958443,True,True,False,Stim8hr,24
EPHA2-3,EPHA2,19,10,0.0005132296937517822,2.0899698734283447,0.9886506199836731,2.0352377891540527,1.1447705030441284,3.2332718129813794e-06,0.015340301704215062,0.5624750626903172,6.286104625841626e-06,0.07574023635162058,True,False,False,Stim8hr,24
MINDY1-2,MINDY1,16,10,0.07618675380945206,1.3013287782669067,0.943916916847229,1.9551105499267578,1.144028663635254,2.0203225396204908e-05,0.01395623419349145,0.5851478135996512,3.693894685916046e-05,0.0713276725943036,True,False,False,Stim8hr,24
EEF2K-2,EEF2K,143,16,0.4912053942680359,1.7923851013183594,1.4212223291397095,2.1020431518554688,1.1437888145446777,1.5311977829876474e-47,0.0012969278057080006,0.5441319382692301,3.723988570322788e-46,0.016740549355589277,True,True,False,Stim8hr,24
B3GALT5-4,B3GALT5,32,10,3.286557330284268e-05,1.1208494901657104,0.5437226295471191,1.9086445569992065,1.1434495449066162,6.551433653354899e-09,0.015421882235007064,0.5990898309030158,1.5438387530483483e-08,0.07594473777707905,True,False,False,Stim8hr,24
RTN4-4,RTN4,440,23,0.6258505582809448,2.470775842666626,1.5910652875900269,3.155315399169922,1.1433711051940918,9.820837895702175e-219,0.00013353700164713428,0.3623634916163632,5.42531144895433e-216,0.00467626796508761,True,True,False,Stim8hr,24
LGALS3BP-1,LGALS3BP,75,11,0.6324979662895203,3.329641342163086,2.1472864151000977,2.6805307865142822,1.1430364847183228,3.9667602049500157e-29,0.009002080645494048,0.42642169620618625,3.3346655896829807e-28,0.05429963158095453,True,False,False,Stim8hr,24
PELO-3,PELO,79,11,0.6030595898628235,0.7449548244476318,1.272801160812378,0.24629460275173187,1.1427427530288696,0.02037792678278482,0.002605731015898623,4.63973932137185,0.02847565601046404,0.02509868632842064,True,True,True,Stim8hr,24
CARD9-4,CARD9,68,11,0.010846052318811417,0.9130131006240845,0.5376421213150024,1.270094871520996,1.1407878398895264,1.2571468746983902e-10,0.011155126805366651,0.8981910449912937,3.2891657404997803e-10,0.06250176233762471,True,False,False,Stim8hr,24
BLOC1S6-3,BLOC1S6,170,18,0.31180572509765625,1.4343695640563965,0.9561946392059326,1.7912242412567139,1.1396938562393188,1.7948594910927594e-43,0.0004447928823478367,0.6362653150784267,3.6530113958187894e-42,0.009557992505906353,True,True,False,Stim8hr,24
KCNK15-4,KCNK15,45,12,0.009331813082098961,0.5473877191543579,0.4989834725856781,1.329350233078003,1.1393698453903198,4.7795008728961314e-08,0.0083782205405764,0.8570877839711218,1.0658783088517498e-07,0.05166341409002938,True,False,False,Stim8hr,24
PLXDC2-1,PLXDC2,53,11,0.0003885032201651484,0.9147432446479797,0.5726945400238037,1.3932774066925049,1.1387841701507568,1.305404780362273e-09,0.01170923511586609,0.8173420201035999,3.2132401563723166e-09,0.0640873042086911,True,False,False,Stim8hr,24
CKMT2-2,CKMT2,34,10,0.001124367117881775,1.6638433933258057,0.7366513013839722,2.0385959148406982,1.136695384979248,5.117444156071664e-10,0.015752252577912625,0.5575873946887963,1.2900362810644803e-09,0.07687099258021361,True,False,False,Stim8hr,24
AGR2-2,AGR2,76,10,7.236690726131201e-05,2.149268627166748,1.2362371683120728,1.775467038154602,1.134814977645874,1.6597525999403123e-17,0.015918662808591666,0.6391642048310772,6.901358391364718e-17,0.07740867756180578,True,False,False,Stim8hr,24
THBD-2,THBD,54,10,0.0005814427277073264,1.5507004261016846,0.7551310658454895,2.096771717071533,1.1343722343444824,1.9132059929976175e-15,0.01592910300150553,0.5410089353593577,6.9927859876387394e-15,0.07740867756180578,True,False,False,Stim8hr,24
MSANTD1-3,MSANTD1,105,17,0.008366221562027931,1.8059139251708984,0.7583476901054382,2.2070364952087402,1.1339049339294434,3.6705628333124065e-30,0.00217824933325431,0.513768094180155,3.2630037876825466e-29,0.022947462335286353,True,True,False,Stim8hr,24
CDH22-3,CDH22,43,10,0.00010138380457647145,1.6712946891784668,1.0654860734939575,2.539128065109253,1.13385808467865,3.444997860428925e-15,0.015974814726023655,0.4465541144849118,1.2380861269775701e-14,0.07740867756180578,True,False,False,Stim8hr,24
PHF21A-1,PHF21A,89,18,0.3337220847606659,1.1669095754623413,0.9705826640129089,1.4837228059768677,1.133552074432373,1.554140439393559e-20,0.000354617902601639,0.7639918115877812,7.754659456948248e-20,0.008382280672746241,True,True,False,Stim8hr,24
TXNDC11-2,TXNDC11,122,11,0.7323662638664246,1.3301018476486206,1.4742995500564575,0.8899794220924377,1.1318480968475342,1.1781025983052173e-14,0.0036329667052020405,1.2717688395383762,4.0531341171230215e-14,0.03080690600689264,True,True,True,Stim8hr,24
CHI3L1-3,CHI3L1,85,14,0.0009245051187463105,3.106968879699707,1.1146429777145386,2.2831737995147705,1.1305574178695679,1.4087390424396518e-25,0.005200679227522107,0.4951692324560831,9.424902901581546e-25,0.03803295485270369,True,True,False,Stim8hr,24
INPP1-4,INPP1,49,10,0.2542332410812378,1.2013967037200928,1.123536467552185,1.3748512268066406,1.1289007663726807,6.717115123617947e-10,0.011813760970124078,0.8211075819416275,1.6779770144076614e-09,0.06439970037066524,True,False,False,Stim8hr,24
RABL6-1,RABL6,110,13,1.0351380109786987,1.7651995420455933,1.7262442111968994,1.1286985874176025,1.1288800239562988,1.8219394270750698e-19,0.0010325484437901475,1.0001607484413633,8.62354928335287e-19,0.014728904729009439,True,True,True,Stim8hr,24
FN3K-1,FN3K,114,10,0.0060015092603862286,1.011065125465393,0.826311469078064,1.7174859046936035,1.1265302896499634,1.6454113444875148e-24,0.016261741024443003,0.655918215439989,1.0279169093914732e-23,0.07799962541037903,True,False,False,Stim8hr,24
ABHD14A-3,ABHD14A,63,11,0.13504856824874878,1.9557303190231323,0.9364842772483826,2.502234935760498,1.1241636276245117,3.6286916360197084e-22,0.01000279448157842,0.4492638207382583,1.9735795438098752e-21,0.058111472702503206,True,False,False,Stim8hr,24
PTGFRN-3,PTGFRN,79,13,0.4246917963027954,2.706449270248413,1.3532357215881348,2.300513982772827,1.124039649963379,7.440920592864769e-26,0.003939051386072937,0.4886037026423831,5.048077181159309e-25,0.03217092578773407,True,True,False,Stim8hr,24
CCDC17-3,CCDC17,104,14,0.022925475612282753,0.7258761525154114,0.7008143663406372,1.0415090322494507,1.123901128768921,7.743611596961864e-12,0.005026565777603553,1.0791083840545481,2.1985716626616393e-11,0.03741668679586509,True,True,True,Stim8hr,24
PFKFB4-2,PFKFB4,58,14,0.03752625733613968,1.2509832382202148,0.7061055302619934,1.9348599910736084,1.1210675239562988,2.1140647701017506e-15,0.004892723063557076,0.5794049849230924,7.705078667279426e-15,0.0367148385443906,True,True,False,Stim8hr,24
AP1S3-4,AP1S3,99,14,0.36732217669487,1.9771397113800049,1.1562637090682983,2.177095413208008,1.121002435684204,1.0607128519002758e-31,0.00246275696632947,0.5149073526512912,1.049047723349966e-30,0.024382583368214802,True,True,False,Stim8hr,24
CAPN7-2,CAPN7,58,10,0.2836562395095825,1.3286311626434326,1.1549742221832275,1.7546569108963013,1.1209723949432373,1.015520456438941e-15,0.012197846812230566,0.6388556007627897,3.7796127093834305e-15,0.06532240888603319,True,False,False,Stim8hr,24
CLPS-4,CLPS,81,12,0.00030452554346993566,3.9538650512695312,1.6855164766311646,2.7140557765960693,1.1202512979507446,5.085801657354429e-29,0.009545280228519035,0.4127591288325504,4.229418281503135e-28,0.0568507871248173,True,False,False,Stim8hr,24
ATIC-1,ATIC,37,10,1.4915531873703003,2.61442494392395,2.2714834213256836,2.0525810718536377,1.1164612770080566,6.415748253493264e-16,0.006421060535220874,0.543930416351256,2.4110494165460105e-15,0.043131542085808765,True,True,False,Stim8hr,24
C15orf65-3,PIERCE2,87,13,0.0037508674431592226,0.5640158653259277,0.6111133098602295,1.439795970916748,1.1155521869659424,1.9360209226856873e-15,0.0072956535399494385,0.7747987975377144,7.0694928309967446e-15,0.04708560015032214,True,True,False,Stim8hr,24
TRIM58-3,TRIM58,136,14,0.010970436967909336,2.0029642581939697,0.9418733716011047,3.320115804672241,1.1138125658035278,1.4978990632162905e-57,0.005575664973865181,0.3354740109474833,5.569591997555188e-56,0.03952094623725292,True,True,False,Stim8hr,24
SLC18A2-2,SLC18A2,162,14,0.0003532559494487941,2.5582528114318848,0.8593138456344604,2.8004987239837646,1.1112606525421143,4.467698248746211e-58,0.005736346192272541,0.39680812671870247,1.6773387502817087e-56,0.039946161442390014,True,True,False,Stim8hr,24
TRAF3IP3-1,TRAF3IP3,77,13,1.6648123264312744,2.5791714191436768,2.4294939041137695,1.2766517400741577,1.1107569932937622,4.158724528427768e-19,0.0004073702556158875,0.8700548148152298,1.9282719126415085e-18,0.008957408760112131,True,True,True,Stim8hr,24
ANKRD33B-4,ANKRD33B,23,10,0.17656449973583221,1.0698837041854858,1.05502188205719,1.3294645547866821,1.1095664501190186,3.5967512875779914e-05,0.013900702594626156,0.8345964893340484,6.442166386782814e-05,0.07113999622851978,True,False,False,Stim8hr,24
PRDX4-4,PRDX4,69,10,0.9773162603378296,1.822167992591858,1.898681640625,1.2692571878433228,1.1095495223999023,5.306525294911514e-15,0.008643919926516051,0.874172337196065,1.874003042504368e-14,0.05289855204220665,True,False,False,Stim8hr,24
AEBP2-4,AEBP2,94,12,1.0082871913909912,1.7897051572799683,1.7266510725021362,1.304608941078186,1.1081351041793823,3.8705039970271973e-22,0.0021744974270297506,0.8494002066730977,2.0991919995097014e-21,0.022947462335286353,True,True,True,Stim8hr,24
TSPAN12-3,TSPAN12,132,17,0.0005288737011142075,1.4413208961486816,0.6723288297653198,1.890474557876587,1.1077674627304077,2.1593354313107313e-31,0.002615301061405684,0.5859732193247134,2.0875375282196492e-30,0.025104235061513443,True,True,False,Stim8hr,24
SNX14-3,SNX14,55,10,0.47913944721221924,1.0962730646133423,1.0653626918792725,1.006116509437561,1.107209324836731,1.2798324350313966e-08,0.004113316718524977,1.1004782393002206,2.963540135488869e-08,0.03317579099979908,True,True,True,Stim8hr,24
AQP1-1,AQP1,132,15,0.00468873605132103,3.1975436210632324,1.5354442596435547,3.9239580631256104,1.1054909229278564,4.916135403430486e-64,0.004494670485383249,0.28172852643773744,2.4689215071513883e-62,0.03534063155035229,True,True,False,Stim8hr,24
MYO1C-2,MYO1C,23,11,0.0685228481888771,0.6211365461349487,0.6037262678146362,1.0409356355667114,1.1046414375305176,0.0006445867439547895,0.010576069578072474,1.0612005197892214,0.001044684383433852,0.060148413750782094,True,False,False,Stim8hr,24
DIAPH1-1,DIAPH1,123,12,1.8557299375534058,3.3148679733276367,2.6947011947631836,2.130850315093994,1.1035879850387573,2.996066958552542e-41,0.004658640278427749,0.5179096707175683,5.314582994826917e-40,0.03617859863041838,True,True,False,Stim8hr,24
TCF23-3,TCF23,69,13,2.8640166419791058e-05,0.8912578821182251,0.5218635201454163,1.3443344831466675,1.1014162302017212,1.6908051525861727e-11,0.007902098721854182,0.8193022227798914,4.686984605771132e-11,0.050211900204986455,True,False,False,Stim8hr,24
GXYLT1-3,GXYLT1,72,10,0.19516675174236298,1.0143283605575562,0.8427978754043579,1.4019783735275269,1.1005324125289917,3.5742697290084995e-14,0.011985146410503975,0.7849852988530308,1.1773169541802274e-13,0.06470311023361715,True,False,False,Stim8hr,24
UBAP2-4,UBAP2,55,10,0.6254867315292358,1.1837860345840454,1.3115313053131104,0.9561071395874023,1.1002897024154663,9.499288294993453e-09,0.006372837574276437,1.150801679914538,2.210213467914542e-08,0.04296269466294739,True,True,True,Stim8hr,24
RAB10-3,RAB10,52,10,1.6366541385650635,2.104212760925293,2.2453560829162598,0.7543700337409973,1.099653959274292,4.456671529081636e-06,0.003620834972575975,1.457711613783221,8.574103882068998e-06,0.030773028912994018,True,True,True,Stim8hr,24
CNTRL-2,CNTRL,103,13,1.1232343912124634,2.16886043548584,2.036491870880127,1.435897946357727,1.0993125438690186,5.358712286981626e-24,0.002935249228520437,0.7655923923127789,3.284015913432321e-23,0.026791684040160746,True,True,False,Stim8hr,24
KLHDC8B-1,KLHDC8B,51,10,0.019736560061573982,1.57465660572052,0.6942588686943054,2.111694574356079,1.0988266468048096,7.018351048398132e-15,0.017477994979951863,0.5203530189207763,2.4538845844625295e-14,0.0819118011534518,True,False,False,Stim8hr,24
RIOK3-4,RIOK3,97,14,0.7172660827636719,1.8283971548080444,1.4383429288864136,1.6838253736495972,1.0980712175369263,1.6064487625657122e-26,0.0015001600660428317,0.6521289171197833,1.148269383519706e-25,0.017956575880005092,True,True,False,Stim8hr,24
SAMD3-1,SAMD3,149,10,0.13789650797843933,1.4842489957809448,0.9003652334213257,2.347762107849121,1.0977802276611328,1.7771055926078042e-49,0.014034983529133719,0.4675858018114336,4.6748757323907336e-48,0.07134449960642973,True,False,False,Stim8hr,24
GPR124-4,ADGRA2,84,13,0.0028664390556514263,1.0542101860046387,0.4035138487815857,1.5861680507659912,1.0946067571640015,8.69633220084656e-17,0.008007080685083379,0.6900950732398088,3.4455652275280375e-16,0.050485517217893044,True,False,False,Stim8hr,24
GBP2-2,GBP2,122,15,2.0501182079315186,3.7581942081451416,2.8557889461517334,2.651090383529663,1.0925400257110596,2.295114977289572e-64,0.0004885671687695767,0.4121096860743206,1.215782139339558e-62,0.009951200004066641,True,True,False,Stim8hr,24
MPP2-3,MPP2,94,11,0.018088268116116524,0.7819982767105103,0.562213122844696,1.3157422542572021,1.0905718803405762,7.87078813460785e-15,0.01343632920727724,0.8288643743194634,2.7346215378731857e-14,0.06958368648472765,True,False,False,Stim8hr,24
CTSH-1,CTSH,50,10,0.39845505356788635,2.820645809173584,1.7324260473251343,2.393648386001587,1.0900787115097046,7.692145860077878e-18,0.014871547206062239,0.45540469430875796,3.2904345178010127e-17,0.0741004769757365,True,False,False,Stim8hr,24
RAP2A-4,RAP2A,33,10,0.34775510430336,1.7458306550979614,1.2301582098007202,2.3350930213928223,1.0886722803115845,6.188077725456741e-13,0.013238532039568207,0.46622223197867285,1.8768075736738212e-12,0.06905948713606477,True,False,False,Stim8hr,24
LRRC8A-1,LRRC8A,34,13,0.5161474943161011,1.994154930114746,1.4791457653045654,1.7642124891281128,1.0877914428710938,1.2769381676107832e-09,0.005117960778511164,0.6165875423593042,3.1471764781076472e-09,0.037657835922819495,True,True,False,Stim8hr,24
HOXC8-4,HOXC8,105,12,0.00012314895866438746,1.7343734502792358,0.7880124449729919,3.0643041133880615,1.0863701105117798,1.4627991760568076e-41,0.011069984780149582,0.35452424769636515,2.618816858246146e-40,0.06220215496284947,True,False,False,Stim8hr,24
ATP6V0A1-3,ATP6V0A1,29,10,0.13408514857292175,0.7691131234169006,0.7336869835853577,1.0940312147140503,1.086283802986145,5.5513290957328314e-05,0.013411826466578918,0.9929184728701455,9.797804478867575e-05,0.06957959903511861,True,False,False,Stim8hr,24
SPINK5-3,SPINK5,156,15,0.00011407263809815049,3.054600954055786,1.4902242422103882,2.3677680492401123,1.085038423538208,2.808604226015959e-47,0.005052899799351451,0.4582536806704649,6.582346995153766e-46,0.03741668679586509,True,True,False,Stim8hr,24
GON4L-3,GON4L,154,14,0.4503248929977417,0.5336516499519348,1.0458492040634155,0.1562168002128601,1.0843349695205688,0.03650399646540903,0.0013196278476570583,6.941218665617656,0.049582351363448095,0.016788947422377697,True,True,True,Stim8hr,24
ATP2B2-3,ATP2B2,32,12,5.5212043662322685e-05,0.6301351189613342,0.5558508634567261,1.0890878438949585,1.083923578262329,6.721951470848892e-05,0.01119007225552957,0.9952581734691297,0.00011783221367983983,0.0626048125301965,True,False,False,Stim8hr,24
RNASE1-3,RNASE1,115,10,0.0001869484840426594,4.3905205726623535,1.7201429605484009,3.9602065086364746,1.0821619033813477,2.828568590395568e-56,0.019311057492791186,0.27325895784004034,9.854121386540236e-55,0.08643126560678847,True,False,False,Stim8hr,24
PNMAL2-1,PNMA8B,94,10,0.00037071676342748106,1.286712408065796,0.8126382827758789,1.7816849946975708,1.0814623832702637,2.429731546774538e-21,0.019353250761662662,0.6069885453875278,1.2696989042401539e-20,0.0865177238541468,True,False,False,Stim8hr,24
MALSU1-4,MALSU1,66,12,1.0318483114242554,1.7967110872268677,1.891229271888733,0.942312479019165,1.0805104970932007,1.4820947957827757e-08,0.005032440233951291,1.146658376229808,3.417567427127009e-08,0.03741668679586509,True,True,True,Stim8hr,24
LIN28A-3,LIN28A,122,12,0.001676308223977685,2.1738109588623047,0.9950900673866272,2.2308874130249023,1.0776344537734985,4.309107540097212e-35,0.011484285401328578,0.4830519225137918,5.158922246921337e-34,0.0634066677194521,True,False,False,Stim8hr,24
STX17-1,STX17,70,17,0.3812215030193329,1.064084768295288,1.0876034498214722,1.331161618232727,1.0735118389129639,6.486434445359898e-16,0.0011458069487827597,0.8064474096978371,2.4352467961365755e-15,0.015908565239772,True,True,True,Stim8hr,24
MEX3A-1,MEX3A,177,11,0.015655972063541412,1.0495976209640503,0.7303158044815063,1.7775570154190063,1.0713878870010376,6.597328305987697e-39,0.014955851457873953,0.6027305328085297,9.88832114699784e-38,0.07422969844314868,True,False,False,Stim8hr,24
KIAA1804-4,MAP3K21,55,12,0.023243585601449013,1.2730261087417603,0.6367135643959045,2.596550226211548,1.0687310695648193,9.505197627012548e-20,0.011241485523303934,0.41159653249771067,4.543460967077568e-19,0.06270692957099627,True,False,False,Stim8hr,24
MAP4K1-3,MAP4K1,67,11,0.6099081635475159,2.7238218784332275,1.7078648805618286,2.775614023208618,1.0673432350158691,1.6228129532609948e-28,0.010933779545504476,0.3845431050899567,1.3101080772985942e-27,0.06162675743829796,True,False,False,Stim8hr,24
PNPLA8-3,PNPLA8,121,10,0.15607871115207672,1.032799243927002,0.7086294889450073,1.681036114692688,1.0646412372589111,2.02846876006693e-28,0.013449411639433083,0.6333244288767343,1.630787670515347e-27,0.06958368648472765,True,False,False,Stim8hr,24
GAS2L2-1,GAS2L2,67,12,0.00022996379993855953,1.611733078956604,0.9228586554527283,1.597667932510376,1.0639902353286743,7.920220249987238e-14,0.012207992335950896,0.6659645685301155,2.541700556572668e-13,0.06532240888603319,True,False,False,Stim8hr,24
IGFLR1-4,IGFLR1,126,15,0.6112394332885742,2.744096517562866,1.7323765754699707,2.935878038406372,1.0636711120605469,3.741980638308964e-58,0.003179287551849117,0.36230085110685306,1.4326969434000757e-56,0.02815940403066361,True,True,False,Stim8hr,24
TAF10-3,TAF10,132,12,0.9813562035560608,2.159822940826416,1.8445358276367188,1.801374912261963,1.0635241270065308,1.5273550265212878e-39,0.005747763805298911,0.5903957692355544,2.362512755023128e-38,0.039946161442390014,True,True,False,Stim8hr,24
MAP2-3,MAP2,50,12,0.00018215352611150593,0.9583438038825989,0.4408060610294342,1.651863694190979,1.05935537815094,3.832433631046637e-11,0.012448245615725308,0.6413091963194775,1.0349176572107084e-10,0.06602982457036902,True,False,False,Stim8hr,24
AGAP3-1,AGAP3,62,10,0.12878352403640747,1.1403175592422485,0.9786554574966431,1.798430323600769,1.0581026077270508,4.774254588001096e-16,0.018404899815671987,0.5883478463644597,1.806462083346403e-15,0.08374170291330423,True,False,False,Stim8hr,24
MTHFD2-4,MTHFD2,55,10,1.783066987991333,2.3471004962921143,2.3661117553710938,0.8368316888809204,1.0565991401672363,3.297959795001136e-07,0.0025622728136246325,1.2626184622384542,6.927327825784569e-07,0.024847476361867588,True,True,True,Stim8hr,24
WNT11-4,WNT11,49,11,0.0009019716526381671,0.7268943190574646,0.7872645854949951,1.0477744340896606,1.0562936067581177,2.1128284951613484e-06,0.016318960823407856,1.0081307315690125,4.177048972795979e-06,0.07802567614934072,True,False,False,Stim8hr,24
TTC9-1,TTC9,92,11,0.10095715522766113,1.5397388935089111,0.8208808898925781,1.8091951608657837,1.0543581247329712,4.725064857184253e-22,0.013784452813760532,0.5827774402339281,2.548371799544143e-21,0.07073650005650249,True,False,False,Stim8hr,24
UBXN2B-2,UBXN2B,22,12,0.2752215564250946,0.7867892980575562,0.917619526386261,0.8729456663131714,1.0539439916610718,0.0016162494442717083,0.006868447353931036,1.2073420286423264,0.002533456263072029,0.04486436596298304,True,True,True,Stim8hr,24
OXTR-2,OXTR,78,10,0.009303594939410686,2.222381591796875,1.0740859508514404,3.123922348022461,1.053929090499878,6.419059314714198e-32,0.02128879346031408,0.337373651802532,6.430700095854871e-31,0.09243882533514104,True,False,False,Stim8hr,24
MLF1IP-1,CENPU,54,10,0.5473924875259399,1.4792864322662354,1.1781398057937622,1.2695558071136475,1.0530595779418945,5.344014649124805e-11,0.004782781523745643,0.8294708842583611,1.425193424011422e-10,0.03648768195958443,True,True,True,Stim8hr,24
GH1-3,GH1,159,13,6.574251892743632e-05,2.003556966781616,1.4290316104888916,1.864574670791626,1.0521776676177979,7.91242698067101e-37,0.009971294463156949,0.5642990243834451,1.0624081643838472e-35,0.0580175933225532,True,False,False,Stim8hr,24
ZMAT4-3,ZMAT4,98,10,3.7356796383392066e-05,1.286643385887146,0.44800275564193726,2.0704634189605713,1.0495532751083374,2.598735977237736e-26,0.021760160097699925,0.5069170821840656,1.8338160627697675e-25,0.09351923351079673,True,False,False,Stim8hr,24
SLC44A1-4,SLC44A1,58,11,0.05393955484032631,1.3775230646133423,0.8498518466949463,2.768907070159912,1.0488322973251343,1.6649338188270686e-22,0.01567818011393903,0.3787892734386934,9.290474859169227e-22,0.07680683573953033,True,False,False,Stim8hr,24
VPS72-4,VPS72,79,11,0.7208846211433411,1.5885088443756104,1.3427064418792725,1.3727357387542725,1.0473531484603882,1.1346618542591983e-17,0.004436750968691894,0.7629677868012952,4.784882650403838e-17,0.03517776134925103,True,True,False,Stim8hr,24
EML1-3,EML1,47,14,0.003021574579179287,0.8544178605079651,0.5790005326271057,1.8019152879714966,1.0468370914459229,1.16979079819102e-11,0.00789351465787803,0.5809579942153652,3.282714816113697e-11,0.050211900204986455,True,False,False,Stim8hr,24
FMO3-1,FMO3,86,10,6.927167851245031e-05,2.2321906089782715,0.9103018045425415,2.3862712383270264,1.0440359115600586,4.667665681978028e-27,0.022206533468199677,0.43751770326495415,3.464465104070832e-26,0.09457782609992249,True,False,False,Stim8hr,24
RHOU-4,RHOU,98,10,0.14506182074546814,1.9240293502807617,0.9190828204154968,3.090296983718872,1.0437350273132324,1.2845815687532117e-42,0.01786210853835574,0.33774586481885593,2.508826730489227e-41,0.08262267442897164,True,False,False,Stim8hr,24
LRRN1-1,LRRN1,56,10,0.0003187798138242215,2.209699869155884,0.2890963852405548,2.6971042156219482,1.0436745882034302,1.931222809670705e-20,0.022171375657255958,0.3869611645550598,9.57440846794438e-20,0.09457228244372788,True,False,False,Stim8hr,24
C11orf45-4,KCNJ5-AS1,97,13,0.0010560369119048119,1.634188175201416,0.8152745366096497,2.433802843093872,1.0429288148880005,6.25795796273009e-31,0.010399725167203526,0.42851820057955886,5.831210467922231e-30,0.059503419943061624,True,False,False,Stim8hr,24
DLG1-1,DLG1,84,10,0.4895919859409332,1.0923042297363281,1.0710909366607666,1.0401053428649902,1.041998267173767,2.806262844662921e-13,0.007213912319399501,1.0018199351842216,8.69536732396756e-13,0.04663763485806652,True,True,True,Stim8hr,24
SLC4A11-1,SLC4A11,71,12,0.010948986746370792,1.4358171224594116,0.6282427906990051,1.9379216432571411,1.0405811071395874,2.9499936738485583e-18,0.013117809022466774,0.5369572659246644,1.291916821831526e-17,0.06880936716084513,True,False,False,Stim8hr,24
CYFIP1-4,CYFIP1,86,10,0.18473705649375916,1.1357115507125854,0.7109268307685852,1.787783145904541,1.0396932363510132,8.958550956493846e-23,0.012660953273459176,0.5815544456455726,5.09451713952378e-22,0.0668767112852271,True,False,False,Stim8hr,24
CTXN2-4,CTXN2,103,15,0.00014083678252063692,0.4814683496952057,0.38732728362083435,1.068505048751831,1.0387815237045288,5.290372868714821e-12,0.006484836909441546,0.9721821388845812,1.5176462821454163e-11,0.04325512026720975,True,True,True,Stim8hr,24
RALYL-1,RALYL,97,10,0.0,0.7308465838432312,0.4359568655490875,1.466820240020752,1.0379366874694824,2.566591785403811e-17,0.0227095311245538,0.7076100118817547,1.0592327037520317e-16,0.09617855175034991,True,False,False,Stim8hr,24
TRIM5-2,TRIM5,121,11,0.24306818842887878,1.2815585136413574,0.8428106307983398,1.5339726209640503,1.037349820137024,2.414264425865201e-25,0.009403746828048079,0.676250544475223,1.5877483902756347e-24,0.0561847875255574,True,False,False,Stim8hr,24
ZNF521-1,ZNF521,70,11,7.113021183613455e-06,0.7371600270271301,0.32533884048461914,1.5578415393829346,1.0371360778808594,6.036365582934296e-14,0.017655119338865762,0.6657519726246817,1.9500940442111046e-13,0.082231110024126,True,False,False,Stim8hr,24
DDX24-1,DDX24,133,10,1.2916630506515503,1.3478232622146606,1.8687593936920166,0.07784323394298553,1.0361206531524658,0.2205859445278765,0.0036885086981027436,13.310349540608094,0.2609378548453039,0.031003074513510354,False,True,True,Stim8hr,24
SYK-1,SYK,267,34,0.007305532693862915,1.6369614601135254,0.5954679846763611,3.374541759490967,1.0359382629394531,6.996427414582397e-113,7.349526971512948e-05,0.3069863515619138,1.1272993671745887e-110,0.0032701071772072905,True,True,False,Stim8hr,24
NFAT5-2,NFAT5,92,15,0.8854098320007324,1.9403237104415894,1.7280393838882446,1.4930015802383423,1.0354394912719727,2.140897870695182e-22,0.0023855858381053754,0.6935287309653587,1.1860819578765428e-21,0.02405942837257208,True,True,False,Stim8hr,24
ACADM-4,ACADM,81,11,0.750920832157135,2.22259783744812,1.7227683067321777,1.9533296823501587,1.0345405340194702,1.3993908436876379e-24,0.0116563229949568,0.5296292496690868,8.813427349413837e-24,0.06394418410186965,True,False,False,Stim8hr,24
TWIST1-4,TWIST1,94,10,0.013162297196686268,0.7973695397377014,0.48348313570022583,1.2420439720153809,1.0330461263656616,9.077835194069628e-14,0.02137252932023453,0.8317307193958741,2.8987604207652563e-13,0.09269599299211811,True,False,False,Stim8hr,24
DNAH11-1,DNAH11,79,11,0.00025780507712624967,1.1064120531082153,0.44969913363456726,2.0130393505096436,1.0322569608688354,6.816479640550052e-21,0.017984078990460128,0.5127852868884544,3.47290207773479e-20,0.08262267442897164,True,False,False,Stim8hr,24
RPP25-1,RPP25,97,10,0.2112029641866684,1.4604471921920776,1.118941307067871,1.9441484212875366,1.0321869850158691,5.22791646423206e-27,0.01919984893115582,0.5309198483582289,3.8728645531006467e-26,0.08629048100316147,True,False,False,Stim8hr,24
NSUN6-1,NSUN6,139,11,0.2898099422454834,1.6747713088989258,0.90875244140625,2.1101913452148438,1.0321495532989502,3.0236203879649034e-42,0.009699431552280726,0.4891260480427497,5.875547758924764e-41,0.05722815933030531,True,False,False,Stim8hr,24
MPZ-2,MPZ,53,11,0.01873435638844967,2.7190167903900146,1.422080636024475,2.210481643676758,1.0316524505615234,4.561600921852304e-16,0.017907569160785296,0.466709349753091,1.7310805461043041e-15,0.08262267442897164,True,False,False,Stim8hr,24
RAB44-3,RAB44,73,15,0.0007426757947541773,1.9273931980133057,0.635292649269104,2.9498276710510254,1.0311483144760132,2.0330411724531915e-28,0.006752143944069487,0.3495622217512843,1.6310726584806e-27,0.04441149286342748,True,True,False,Stim8hr,24
MARCH6-3,MARCHF6,58,11,0.5789005756378174,1.2982678413391113,1.1775068044662476,1.222724437713623,1.029999017715454,6.071603954936873e-12,0.005373731471125169,0.8423803319425374,1.736604474389119e-11,0.038564425851604155,True,True,True,Stim8hr,24
BBS5-1,BBS5,121,12,0.1024833470582962,1.4957530498504639,0.8188161253929138,2.1090922355651855,1.029245376586914,2.6178765914402784e-34,0.01192387772799976,0.48800396646052857,3.012895469970106e-33,0.06470311023361715,True,False,False,Stim8hr,24
DCHS1-1,DCHS1,99,11,0.009817860089242458,1.7708914279937744,0.7882916927337646,2.9663233757019043,1.0288386344909668,2.48056235066263e-38,0.018001344190764844,0.34683967463510906,3.592634685397899e-37,0.08262267442897164,True,False,False,Stim8hr,24
TTC39B-2,TTC39B,60,14,0.2467571347951889,1.5773996114730835,0.9700273871421814,2.2029104232788086,1.027941346168518,2.0331251719081834e-20,0.0052144086902176446,0.4666287540818531,1.0040989833676814e-19,0.03803295485270369,True,True,False,Stim8hr,24
RHOC-1,RHOC,32,11,0.5136793255805969,1.3399677276611328,1.4568755626678467,0.8722982406616211,1.0261294841766357,0.00025800694164511504,0.011302034908433288,1.1763516608704114,0.00043284722053868105,0.062733792671193,True,False,False,Stim8hr,24
CRYL1-1,CRYL1,91,11,0.09417112171649933,1.5547593832015991,0.5863462090492249,2.0700490474700928,1.0254030227661133,1.6681581074919326e-25,0.013173619111757202,0.4953520420297809,1.110286988239467e-24,0.06885909748275608,True,False,False,Stim8hr,24
PPP6R2-4,PPP6R2,92,13,0.7225258946418762,1.4678903818130493,1.3433457612991333,1.3087459802627563,1.0238258838653564,1.5244171708366553e-21,0.0023783070631659743,0.7822953417284257,8.009403803838785e-21,0.024050153243031322,True,True,False,Stim8hr,24
NDUFV2-4,NDUFV2,48,19,1.5106359720230103,2.3544921875,2.1550822257995605,1.4093178510665894,1.0236543416976929,2.667787414278548e-13,0.00022009575517559828,0.7263473892159803,8.299544594541548e-13,0.006165941822771205,True,True,False,Stim8hr,24
GPR141-4,GPR141,86,11,0.00164020957890898,0.67275071144104,0.3743416965007782,1.2571446895599365,1.0233925580978394,8.702409125111976e-13,0.018444431128181497,0.8140610755441984,2.610722737533593e-12,0.08374170291330423,True,False,False,Stim8hr,24
ANKRD44-4,ANKRD44,124,10,0.5995799899101257,1.3880078792572021,1.3527424335479736,1.2339228391647339,1.0230566263198853,1.3039947633625118e-23,0.011980969521695951,0.8291090770411641,7.793736862322772e-23,0.06470311023361715,True,False,False,Stim8hr,24
CD300LG-4,CD300LG,78,10,0.0,0.5916794538497925,0.7094335556030273,1.0836145877838135,1.022311806678772,1.1431955164859722e-09,0.02404575627704411,0.9434275047640169,2.8229483156138277e-09,0.09863454472861262,True,False,False,Stim8hr,24
PDE2A-3,PDE2A,53,10,0.000800322974100709,0.9091681838035583,0.4627739489078522,1.7051903009414673,1.022085189819336,3.775916716721204e-12,0.02400534240244034,0.5993965537189742,1.0962064522192864e-11,0.09863454472861262,True,False,False,Stim8hr,24
FAT2-1,FAT2,86,10,1.575772876094561e-05,1.0938351154327393,0.3958793878555298,1.9090200662612915,1.0201078653335571,2.7330449533409106e-21,0.02423878240214498,0.5343620443610009,1.4224340288787753e-20,0.09910386491341872,True,False,False,Stim8hr,24
CEP97-4,CEP97,51,13,0.2937714159488678,1.631845235824585,0.947330117225647,2.1241488456726074,1.0192288160324097,7.0878979396258e-17,0.006243335180848526,0.47982928225995997,2.828575988909491e-16,0.04216481009637344,True,True,False,Stim8hr,24
BRPF3-2,BRPF3,41,12,0.26431024074554443,0.978815495967865,0.823326587677002,1.2419769763946533,1.0188816785812378,5.027559085516075e-08,0.006928353055827603,0.8203708264697137,1.117974179625685e-07,0.045177640098517234,True,True,True,Stim8hr,24
DNAJC18-3,DNAJC18,140,18,0.3102509081363678,0.957646369934082,0.9457003474235535,1.0653114318847656,1.018846035003662,2.298535164948953e-19,0.0012821912080582113,0.9563832739512649,1.0813181852624818e-18,0.01660701078382245,True,True,True,Stim8hr,24
SH3TC1-4,SH3TC1,63,10,0.0502026304602623,1.1502238512039185,0.7864266633987427,1.7093271017074585,1.0184388160705566,1.5334084114147368e-14,0.022800585099719637,0.5958127119456722,5.242433536223507e-14,0.09634839424261415,True,False,False,Stim8hr,24
BST1-2,BST1,66,12,0.016666393727064133,1.478236198425293,0.8007559776306152,2.233585834503174,1.0182104110717773,6.354245397848536e-20,0.014572441568040592,0.4558635693972613,3.0676488081748174e-19,0.07314449869011214,True,False,False,Stim8hr,24
PALM3-2,PALM3,55,11,0.0005860697128809988,2.2229607105255127,0.7327706813812256,2.5062947273254395,1.0176382064819336,9.172982841437057e-19,0.019076564538773853,0.40603293594600237,4.178082997389529e-18,0.08588996081624131,True,False,False,Stim8hr,24
WDR76-2,WDR76,164,14,0.7003660798072815,2.3319597244262695,1.5331289768218994,2.080286741256714,1.0151070356369019,9.687299235540844e-55,0.0029765851481123487,0.487964959591902,3.121732178653037e-53,0.026867410573176376,True,True,False,Stim8hr,24
PTPRO-1,PTPRO,174,10,0.004772012587636709,1.571198582649231,0.8492704629898071,1.9186512231826782,1.014790654182434,1.3950617730955412e-41,0.024592997848108,0.5289083507835723,2.50916459374905e-40,0.09990410081798544,True,False,False,Stim8hr,24
IGFBP4-2,IGFBP4,62,10,0.42211058735847473,3.2866647243499756,1.5812389850616455,3.64762282371521,1.0129700899124146,2.0028395888751485e-33,0.018476676037618912,0.27770691731791364,2.1634024274246367e-32,0.08378751651591694,True,False,False,Stim8hr,24
MAN1A1-2,MAN1A1,134,15,0.7908280491828918,1.8533052206039429,1.63114333152771,1.3780603408813477,1.0126489400863647,6.56920667270875e-27,0.0030959253065499424,0.7348364291789418,4.8294909131872124e-26,0.02755009296322796,True,True,False,Stim8hr,24
PDIA3-4,PDIA3,103,11,1.051340103149414,2.866407632827759,1.9621394872665405,2.2997395992279053,1.0124731063842773,1.795264355684568e-36,0.0114677720689676,0.4402555431598414,2.369381318577551e-35,0.0634066677194521,True,False,False,Stim8hr,24
TMCO1-1,TMCO1,95,12,1.3277796506881714,2.195350170135498,2.0313169956207275,1.432260274887085,1.0123485326766968,1.1538802781075465e-23,0.0054516856242404895,0.7068188306462017,6.928656887332116e-23,0.039049763316055926,True,True,False,Stim8hr,24
NEK1-1,NEK1,99,15,0.18627391755580902,2.0039968490600586,0.9938718676567078,3.137535333633423,1.012174129486084,1.2038357349898613e-43,0.005692408859377384,0.3226016671863057,2.4761876527690393e-42,0.03992844906438228,True,True,False,Stim8hr,24
PCNX-1,PCNX1,77,12,0.6034900546073914,1.6268852949142456,1.3171356916427612,1.6544663906097412,1.010898470878601,1.6690975585474393e-21,0.0065682253677039676,0.6110117900346359,8.757666565675641e-21,0.04365734330519579,True,True,False,Stim8hr,24
FAT1-4,FAT1,136,14,0.0001818857272155583,1.9460456371307373,0.9451217651367188,3.1009771823883057,1.0094869136810303,6.605738576757574e-54,0.009614773657788797,0.32553832366594365,1.9956555528376203e-52,0.05708908089083559,True,False,False,Stim8hr,24
GALNT18-3,GALNT18,155,10,0.013311232440173626,0.8992049694061279,0.7188017964363098,1.8145030736923218,1.0084127187728882,3.0522906018756924e-35,0.02482378782832195,0.5557514525014692,3.7000651277283077e-34,0.10041023055263489,True,False,False,Stim8hr,24
TM4SF1-2,TM4SF1,143,13,0.0005313078872859478,2.7111897468566895,1.0846586227416992,3.1114485263824463,1.0081144571304321,8.965473609240252e-57,0.012258228860638763,0.3240016502225494,3.21013763397519e-55,0.06532240888603319,True,False,False,Stim8hr,24
SHPRH-4,SHPRH,132,11,0.3700719475746155,1.3067238330841064,1.0560240745544434,1.7317012548446655,1.004984974861145,1.2007093371227078e-36,0.011537145703519248,0.5803454678164408,1.6010837953977625e-35,0.0634262081471194,True,False,False,Stim8hr,24
KCTD15-1,KCTD15,89,11,0.061466801911592484,0.9856056571006775,0.5949775576591492,1.583572506904602,1.0045090913772583,1.8734640050262384e-18,0.01664563852079207,0.6343309744248876,8.346411644512055e-18,0.07918717595677435,True,False,False,Stim8hr,24
EPB41L1-2,EPB41L1,97,17,0.0073220981284976006,1.7227929830551147,0.809281587600708,1.8508297204971313,1.003825306892395,5.258436826546551e-23,0.004873521633604373,0.5423650246024623,3.0169696154681774e-22,0.03664345689521221,True,True,False,Stim8hr,24
TET1-3,TET1,50,12,0.020554637536406517,0.39494115114212036,0.40555277466773987,0.6183686852455139,1.003614068031311,0.0014991820559509977,0.014171466441672517,1.623002736034153,0.002356641061122971,0.07174897735261775,True,False,False,Stim8hr,24
NPR1-1,NPR1,88,11,0.0013016670709475875,2.0537800788879395,0.7415314316749573,3.127291679382324,1.0035877227783203,9.377448397352852e-36,0.0201597327120774,0.3209127339783478,1.1811919528522305e-34,0.08896628835131475,True,False,False,Stim8hr,24
COL4A5-3,COL4A5,61,10,0.00016603482072241604,0.6499860882759094,0.6283862590789795,1.2853959798812866,1.0026551485061646,8.459156606417823e-10,0.025830566015833164,0.780036007735737,2.104990900708991e-09,0.10326765398718923,True,False,False,Stim8hr,24
GNA15-4,GNA15,153,12,0.4250699281692505,2.6500322818756104,1.3521243333816528,2.789539098739624,1.002479910850525,2.073724776382277e-62,0.010028001616680821,0.3593711632518317,9.900115691691686e-61,0.05816856152497985,True,False,False,Stim8hr,24
PDCL3-4,PDCL3,133,11,0.6836370825767517,3.132983684539795,1.6603801250457764,2.9329302310943604,1.0018601417541504,9.153933590983109e-56,0.01432193085827728,0.3415901718808796,3.105110631257165e-54,0.07222072334133955,True,False,False,Stim8hr,24
LONRF2-2,LONRF2,101,11,0.02606493979692459,0.8295319080352783,0.613226056098938,1.5221772193908691,1.0017846822738647,3.0881377451263445e-19,0.0192111541524754,0.6581261823605202,1.4439937920681467e-18,0.08629048100316147,True,False,False,Stim8hr,24
AIDA-4,AIDA,88,13,0.34223175048828125,1.3886303901672363,1.0511434078216553,1.6871505975723267,1.0014969110488892,3.4665623238169566e-22,0.007515576428815956,0.593602558354875,1.896067398331e-21,0.048339983084663175,True,True,False,Stim8hr,24
THEM5-3,THEM5,140,12,0.0003154089208692312,3.610759735107422,1.1808198690414429,3.801072835922241,1.0004431009292603,5.806929191449579e-66,0.016103472325455854,0.2632001921864058,3.3022639975493414e-64,0.07778203363330018,True,False,False,Stim8hr,24
C1D-3,C1D,79,11,0.576148509979248,1.2724652290344238,1.0903576612472534,1.2415664196014404,1.0003992319107056,2.631491030667345e-16,0.004029821347252936,0.8057557099779222,1.0085208935174056e-15,0.032705545783928335,True,True,True,Stim8hr,24
WDR33-3,WDR33,116,10,1.1799561977386475,1.7996026277542114,1.7021770477294922,1.0193909406661987,0.9987350106239319,1.4517310405532126e-18,0.0032202669602453523,0.9797369888055237,6.512579969627927e-18,0.028335759864944427,True,True,True,Stim8hr,24
C1orf216-2,C1orf216,141,18,0.49684223532676697,1.7507336139678955,1.1972310543060303,1.5206208229064941,0.9984441995620728,2.2732303930672674e-29,0.00132287317077434,0.6566030035375026,1.9319960285694774e-28,0.016788947422377697,True,True,False,Stim8hr,24
C15orf52-2,CCDC9B,125,17,0.006116584874689579,1.573063611984253,0.7212406396865845,1.9164997339248657,0.9970546364784241,2.3298625387425685e-30,0.005071822871929717,0.5202477301870121,2.1050416909620354e-29,0.03746412910476209,True,True,False,Stim8hr,24
HSPH1-2,HSPH1,130,10,1.9214779138565063,3.1737284660339355,2.5291762351989746,1.8283573389053345,0.9928759932518005,1.6215184214415618e-39,0.006024203668458675,0.543042638397071,2.498172006260765e-38,0.04112552035038034,True,True,False,Stim8hr,24
TTC7A-1,TTC7A,75,11,0.6025843620300293,1.8866275548934937,1.417594313621521,1.7269303798675537,0.9920228719711304,4.393835466839126e-20,0.012297608441791548,0.574442886369984,2.1345429334506157e-19,0.06532240888603319,True,False,False,Stim8hr,24
TMEM72-3,TMEM72,58,11,1.2787335435859859e-05,1.1666165590286255,0.5862856507301331,1.7244040966033936,0.9907897710800171,2.640066351205173e-13,0.0212549254814781,0.5745693674885156,8.219916731167797e-13,0.09243882533514104,True,False,False,Stim8hr,24
TCN2-2,TCN2,80,12,0.034710414707660675,1.4005744457244873,0.7078580260276794,1.6846481561660767,0.9882693886756897,1.8476512759844132e-17,0.015921577999612434,0.5866325173351293,7.666166828574814e-17,0.07740867756180578,True,False,False,Stim8hr,24
EML1-1,EML1,55,10,0.003021574579179287,0.7042205929756165,0.3377076983451843,1.2278882265090942,0.9878981709480286,1.6115285619038423e-08,0.026834545400445973,0.8045505687082274,3.702781312467117e-08,0.10560692060820674,True,False,False,Stim8hr,24
PPP3CA-4,PPP3CA,66,26,0.33271661400794983,2.22969126701355,1.0578280687332153,2.7448298931121826,0.9878849983215332,3.7836427712193365e-27,0.0002593075389253549,0.35990754866103386,2.8521143462583186e-26,0.006626358866322244,True,True,False,Stim8hr,24
SERPINI1-1,SERPINI1,41,10,0.013413099572062492,1.282409906387329,0.8813060522079468,1.7894041538238525,0.9865992069244385,2.54159754002153e-10,0.02708322336270449,0.5513562739955271,6.521803375755312e-10,0.10592936343322772,True,False,False,Stim8hr,24
ARF5-3,ARF5,50,12,0.3475472033023834,1.1939136981964111,0.9533734321594238,1.263766884803772,0.9856604337692261,2.1628636806862497e-09,0.008763287308787383,0.779938488356792,5.250341401891857e-09,0.05319651653047845,True,False,False,Stim8hr,24
ARMC6-3,ARMC6,79,14,0.7135506868362427,1.2602465152740479,1.2397525310516357,0.8419935703277588,0.9847190380096436,1.7416528217369172e-09,0.0009844791429132666,1.1695089757352026,4.24651416245691e-09,0.014375676133196813,True,True,True,Stim8hr,24
AKNA-2,AKNA,36,10,1.1954153776168823,2.0933024883270264,1.801369071006775,1.0600837469100952,0.9829497933387756,2.777078380383357e-06,0.004683304330087487,0.9272378679551049,5.431948455711908e-06,0.036295608558178025,True,True,True,Stim8hr,24
HERC6-3,HERC6,147,13,0.2512873411178589,1.4818235635757446,0.9140439629554749,1.8605678081512451,0.9821714162826538,2.2543224381165177e-39,0.007716129671393388,0.5278879984807376,3.4320727827545563e-38,0.049378007474128245,True,True,False,Stim8hr,24
SIK2-1,SIK2,126,21,0.1988164186477661,1.6077853441238403,0.8456510901451111,2.3698558807373047,0.9815523624420166,1.0327678256041121e-42,0.0012786747667291026,0.4141823013037561,2.027265574421879e-41,0.01660701078382245,True,True,False,Stim8hr,24
REPS1-2,REPS1,112,13,0.8814931511878967,1.9372702836990356,1.6829414367675781,1.603582739830017,0.9783596992492676,2.2241840720233197e-29,0.0069699354635435005,0.6101086491820034,1.8986577939324895e-28,0.04537056096922809,True,True,False,Stim8hr,24
TMEM178B-2,TMEM178B,76,14,0.03892570361495018,1.2109183073043823,0.5487572550773621,2.2837698459625244,0.9776579737663269,9.636631947889858e-24,0.009816920545408758,0.42808953603390815,5.822633709764075e-23,0.05756216046935801,True,False,False,Stim8hr,24
FAM189A2-4,ENTREP1,93,12,0.0007074177847243845,1.1016029119491577,0.4606543779373169,1.4563060998916626,0.9776147603988647,1.5768180908173305e-16,0.017731473896921517,0.6712975798642822,6.140539332518244e-16,0.08239917733593514,True,False,False,Stim8hr,24
SULT1A1-4,SULT1A1,120,12,0.004871439188718796,0.6986733675003052,0.40345120429992676,1.4970142841339111,0.977423906326294,1.101012822604161e-21,0.017389178213845138,0.6529155510976148,5.832351486315467e-21,0.08179834826462974,True,False,False,Stim8hr,24
NPNT-1,NPNT,169,13,0.00017318263417109847,2.1202924251556396,0.6557867527008057,2.5250954627990723,0.977297842502594,1.3473965577114704e-54,0.014169441983211717,0.38703401788194486,4.306101230305997e-53,0.07174897735261775,True,False,False,Stim8hr,24
KLHL29-3,KLHL29,36,10,0.030721185728907585,1.1535173654556274,0.4413623809814453,1.7586719989776611,0.973171055316925,3.599721450477692e-09,0.02556974168098289,0.5533556319101243,8.608610296225872e-09,0.10255011987007136,True,False,False,Stim8hr,24
WIBG-3,PYM1,119,11,0.5059202909469604,0.9772189855575562,1.1304259300231934,0.8030318021774292,0.9718404412269592,1.2225403223002834e-12,0.010296294673240561,1.2102141392056998,3.625432075410426e-12,0.0590904195056082,True,False,False,Stim8hr,24
TNFSF8-2,TNFSF8,135,13,0.6599417924880981,1.250381350517273,1.3092727661132812,0.7623091340065002,0.9714761972427368,3.9321551945475217e-14,0.0011483443443833306,1.274386143239434,1.2918983973929708e-13,0.015908565239772,True,True,True,Stim8hr,24
SH2D1B-2,SH2D1B,761,67,0.0003405033203307539,2.5329525470733643,0.7376406192779541,3.7798593044281006,0.970788836479187,0.0,2.082191472543662e-07,0.2568320030700373,0.0,5.2498987661067525e-05,True,True,False,Stim8hr,24
PHGR1-1,PHGR1,83,13,0.0005026673898100853,2.777830123901367,1.1715341806411743,2.039039373397827,0.9696801900863647,3.572221176006811e-22,0.014680735050469755,0.47555736428497847,1.9456027165659632e-21,0.07344251317576271,True,False,False,Stim8hr,24
NIPAL2-2,NIPAL2,83,13,0.02047213539481163,0.7198732495307922,0.43234866857528687,1.4044495820999146,0.9693215489387512,1.5346353149741428e-14,0.013362511334185536,0.6901789578586611,5.242433536223507e-14,0.06951446749090742,True,False,False,Stim8hr,24
FAM135B-4,FAM135B,66,10,0.0,0.8792887330055237,0.3530915677547455,1.9399616718292236,0.9682807922363281,5.024094573866173e-17,0.029287533809796026,0.4991236715121899,2.0279930811211367e-16,0.11199742453857287,True,False,False,Stim8hr,24
VAV1-2,VAV1,139,10,0.6189321279525757,1.831790804862976,1.236297607421875,1.773711085319519,0.967662513256073,2.9080835821184725e-38,0.011666178485005304,0.5455581358571465,4.165021930389679e-37,0.06394418410186965,True,False,False,Stim8hr,24
MAPK8IP2-2,MAPK8IP2,328,23,0.0028565407264977694,1.1185306310653687,0.6054161190986633,1.6901745796203613,0.967238187789917,1.6798393618784162e-65,0.0016911658097100797,0.5722711721336936,9.279912589119765e-64,0.01900664816120292,True,True,False,Stim8hr,24
TBC1D16-4,TBC1D16,99,14,0.020918970927596092,0.8760983943939209,0.5373411774635315,2.0871963500976562,0.9660672545433044,1.819541136358316e-27,0.011218964336816111,0.4628540359885661,1.3960645980749223e-26,0.06267374168661527,True,False,False,Stim8hr,24
ATP2B4-4,ATP2B4,80,13,0.20454266667366028,1.2988379001617432,0.8397983908653259,1.62813401222229,0.9638201594352722,2.336926431850888e-18,0.009795142135886992,0.5919783950215035,1.0316089625533543e-17,0.05752364527628044,True,False,False,Stim8hr,24
FAM63A-3,MINDY1,233,14,0.07618675380945206,0.9316924810409546,0.4832579791545868,1.4870411157608032,0.9637795090675354,5.231548678556992e-42,0.008141321726053306,0.648118938240954,9.916862127441122e-41,0.050980811864589706,True,False,False,Stim8hr,24
GH1-4,GH1,101,11,6.574251892743632e-05,2.606297016143799,1.2055033445358276,2.0988199710845947,0.963268518447876,1.7984222047164257e-27,0.02372126554148612,0.4589571910496418,1.3826041084768225e-26,0.09852806593542958,True,False,False,Stim8hr,24
RETN-4,RETN,58,11,8.700878970557824e-05,1.5390441417694092,0.8806447386741638,1.8079534769058228,0.962748110294342,4.9545140712981465e-14,0.023767032495308933,0.5325071262021706,1.610008900311759e-13,0.09852806593542958,True,False,False,Stim8hr,24
ZDHHC7-3,ZDHHC7,113,10,0.2370186299085617,0.4577479660511017,0.7133134007453918,0.4891326129436493,0.9621182680130005,7.290953617563637e-06,0.01573738794647972,1.9669885886832936,1.375322811664321e-05,0.07687099258021361,True,False,False,Stim8hr,24
CMTM8-4,CMTM8,120,10,0.19427141547203064,1.5765860080718994,0.7144911289215088,2.2473065853118896,0.9618817567825317,2.523350040914675e-38,0.01895325043542377,0.42801536873930274,3.640968137394421e-37,0.08543646382213671,True,False,False,Stim8hr,24
TRIM61-3,TRIM61,43,10,0.02660437300801277,0.2756185829639435,0.49473461508750916,0.720530092716217,0.9584739208221436,0.000599884238661161,0.02835506265385742,1.3302344072944103,0.0009750955657430474,0.109315848070223,True,False,False,Stim8hr,24
TOMM70-2,TOMM70,72,11,1.2454099655151367,2.0777719020843506,1.7205722332000732,1.200235366821289,0.9581924676895142,1.570687367785686e-13,0.001257660062969005,0.7983371380125193,4.942105818736572e-13,0.016540781147504485,True,True,False,Stim8hr,24
IL12RB1-2,IL12RB1,52,11,0.3905878961086273,1.8419969081878662,0.945164144039154,1.8162035942077637,0.9559837579727173,3.124110088676308e-14,0.01016801011069727,0.5263637628631177,1.0325584370009644e-13,0.05862105829063579,True,False,False,Stim8hr,24
LTBP4-3,LTBP4,38,12,0.30419841408729553,1.468314528465271,1.2124162912368774,1.5698763132095337,0.9544499516487122,2.8339840734578295e-09,0.015505503460512396,0.6079778028482937,6.823796022454189e-09,0.07605942164417365,True,False,False,Stim8hr,24
TMEM171-1,TMEM171,56,10,4.663360596168786e-05,1.1724251508712769,0.5940178632736206,1.7971491813659668,0.9544162154197693,1.6358717655571466e-13,0.030799577806429987,0.5310723368520481,5.143021233666248e-13,0.11506996940692545,True,False,False,Stim8hr,24
B4GALT2-2,B4GALT2,115,12,0.40901172161102295,1.720028042793274,1.1369343996047974,2.15704083442688,0.9514598250389099,6.396294241395185e-39,0.01228428484998688,0.4410949527952308,9.62430732742225e-38,0.06532240888603319,True,False,False,Stim8hr,24
SLC7A6-2,SLC7A6,65,11,0.5359237790107727,1.2116236686706543,1.0602205991744995,0.9666891694068909,0.950048565864563,4.73426092536365e-09,0.005590360296331026,0.9827859832622955,1.1224639483986042e-08,0.03952094623725292,True,True,True,Stim8hr,24
ADAMTS12-4,ADAMTS12,105,13,8.986559805634897e-06,1.6720287799835205,0.6421816945075989,2.3292906284332275,0.9491930603981018,7.495867010205946e-32,0.01615926644613546,0.4075030607222107,7.470751991872781e-31,0.07795197155520958,True,False,False,Stim8hr,24
ANKRD13C-4,ANKRD13C,47,19,0.31608566641807556,0.8306815028190613,0.887223482131958,0.8744826912879944,0.9487452507019043,5.6013810383108445e-06,0.0016937246396804156,1.0849217030294005,1.0659714800761828e-05,0.01900664816120292,True,True,True,Stim8hr,24
TMEM25-3,TMEM25,44,15,0.11143684387207031,0.42386454343795776,0.6088694334030151,0.6600257754325867,0.9470482468605042,0.0007278067697773003,0.007140584613943303,1.4348655493640388,0.0011731674775860026,0.046242621592352005,True,True,True,Stim8hr,24
GSTA4-3,GSTA4,209,20,0.044770751148462296,0.7602405548095703,0.4035760462284088,1.5488312244415283,0.9466069936752319,5.97394876746962e-40,0.0024318063398211225,0.6111750452452015,9.747367039580176e-39,0.024266732393676743,True,True,False,Stim8hr,24
IQGAP3-3,IQGAP3,65,13,0.05935351550579071,0.4939817488193512,0.6456187963485718,0.9378357529640198,0.9452658891677856,2.279711184136753e-07,0.014601823508999117,1.0079226412303892,4.843759972009244e-07,0.07314449869011214,True,False,False,Stim8hr,24
PHLDB2-2,PHLDB2,141,24,0.02722083032131195,1.4207379817962646,0.9232561588287354,1.3983025550842285,0.9446467757225037,4.682192347030896e-23,0.0015939191147862281,0.6755667951029394,2.698366290010205e-22,0.018247809124493232,True,True,False,Stim8hr,24
SYT17-4,SYT17,107,12,0.0009612545254640281,0.8696783781051636,0.5363825559616089,1.5183384418487549,0.9433910250663757,8.722695867562422e-20,0.020571417538552066,0.6213311861601072,4.184946019834229e-19,0.09057171260861922,True,False,False,Stim8hr,24
COL4A2-3,COL4A2,103,10,0.00015941016317810863,1.6089539527893066,0.5884170532226562,2.164923906326294,0.9425572752952576,6.04102702250373e-29,0.03214075849575662,0.43537663034757806,4.98094914627333e-28,0.11795309250150003,True,False,False,Stim8hr,24
DEFB126-4,DEFB126,108,12,0.0,2.292232036590576,0.9863765835762024,2.583228826522827,0.9423877596855164,2.4370621957087884e-36,0.02070871772267369,0.3648100199292154,3.183824159056042e-35,0.0908607799227013,True,False,False,Stim8hr,24
PPP3CC-2,PPP3CC,69,16,0.6494176983833313,1.2118864059448242,1.2128479480743408,0.8514500856399536,0.9420085549354553,2.2072019056340096e-08,0.0016496265947471439,1.1063579308086364,5.047456989406691e-08,0.01867930473453203,True,True,True,Stim8hr,24
ITGB3-4,ITGB3,51,13,0.002825978444889188,2.932063102722168,1.1499241590499878,2.676940679550171,0.9417232871055603,1.2399701594409616e-18,0.016700236500849844,0.35179086869560594,5.601594166539951e-18,0.07934710357564587,True,False,False,Stim8hr,24
SEMA6A-4,SEMA6A,81,11,0.00010032687714556232,0.8157588839530945,0.43511849641799927,1.4411288499832153,0.9411030411720276,2.0194908069349078e-14,0.025900495498454516,0.6530318515120896,6.82637320840672e-14,0.10343788170554909,True,False,False,Stim8hr,24
PDE4A-4,PDE4A,140,13,0.11152878403663635,1.2308672666549683,0.7885364294052124,1.753434181213379,0.9408121705055237,2.0335906838823572e-32,0.013843950064239543,0.5365540267125855,2.1026457686024267e-31,0.07094555439424655,True,False,False,Stim8hr,24
TAGAP-3,TAGAP,48,11,1.6891800165176392,3.3453426361083984,2.7705342769622803,1.586341381072998,0.9405182003974915,2.916386292448255e-17,0.004845077085821468,0.5928851202011303,1.1984767048775133e-16,0.03657501305105148,True,True,False,Stim8hr,24
PIP4K2C-3,PIP4K2C,122,14,0.25048765540122986,1.1014869213104248,0.8560043573379517,1.2892299890518188,0.9380789995193481,2.260471924762019e-20,0.008449833590832958,0.7276273492592821,1.1121176759611613e-19,0.05187868610475689,True,False,False,Stim8hr,24
DSE-1,DSE,111,12,0.03156135603785515,1.3857989311218262,0.6018061637878418,1.9204869270324707,0.9375449419021606,1.5188551064186638e-27,0.019777235776165334,0.48818085075478834,1.1746825393041945e-26,0.08796855482618939,True,False,False,Stim8hr,24
TMTC2-2,TMTC2,112,14,0.03082868829369545,1.1143205165863037,0.4424815773963928,1.953616738319397,0.937463641166687,1.603429123105313e-28,0.01199282926329075,0.4798605697723199,1.2971674516837333e-27,0.06470311023361715,True,False,False,Stim8hr,24
EDC4-1,EDC4,79,11,0.7581751942634583,1.9347018003463745,1.6088494062423706,1.6680607795715332,0.9370571970939636,7.874588360584448e-21,0.01751064982094625,0.5617644204395604,3.996198581414706e-20,0.08196197725596377,True,False,False,Stim8hr,24
VSNL1-4,VSNL1,64,11,0.00018182188796345145,1.3955767154693604,0.5967686176300049,2.2857437133789062,0.9365534782409668,1.0897722804923406e-19,0.026367789549609794,0.40973687153075633,5.202653590943063e-19,0.10471842219073142,True,False,False,Stim8hr,24
STK32A-2,STK32A,73,17,0.0,0.4943171441555023,0.7019303441047668,1.0299651622772217,0.9361202716827393,1.4466455542130181e-08,0.007427163125021622,0.9088853739606161,3.3378152494879123e-08,0.04785269325184289,True,True,True,Stim8hr,24
MXRA8-2,MXRA8,134,10,0.0002371522568864748,2.0492563247680664,0.6517328023910522,1.865059494972229,0.9346524477005005,2.470817047209204e-31,0.033081111124726816,0.5011381407510636,2.3767784879497495e-30,0.12064875821959191,True,False,False,Stim8hr,24
CRMP1-4,CRMP1,117,12,0.0001873495930340141,0.8493963479995728,0.7038125395774841,1.3066104650497437,0.9343676567077637,1.2137383051787358e-17,0.0214317452897025,0.7151080461246663,5.1072100393103066e-17,0.09275529765160351,True,False,False,Stim8hr,24
PAFAH1B2-3,PAFAH1B2,66,12,0.9285588264465332,1.3194959163665771,1.416780948638916,0.7178732752799988,0.9340810179710388,3.617584244874307e-08,0.002260233607458999,1.3011781468069146,8.142723093672261e-08,0.02335574727707632,True,True,True,Stim8hr,24
BSND-2,BSND,87,11,0.0003163069486618042,2.205993890762329,0.8385429382324219,3.148653984069824,0.9326390624046326,1.4487118210053306e-35,0.026785632698039116,0.29620246210704315,1.7898302274209627e-34,0.10554276939347117,True,False,False,Stim8hr,24
ADGRG7-2,ADGRG7,53,10,1.1694611202983651e-05,0.9989842176437378,0.5310107469558716,1.6826698780059814,0.9321523308753967,5.808655894080266e-12,0.03339541965808231,0.5539721980285447,1.6626256360035815e-11,0.12132706738411846,True,False,False,Stim8hr,24
C1orf127-3,C1orf127,81,11,4.961395825375803e-05,1.5955264568328857,0.7569835186004639,2.4161486625671387,0.9315568208694458,6.630721434813754e-26,0.02690716967991884,0.38555443019788116,4.514260526131124e-25,0.10578265668342314,True,False,False,Stim8hr,24
NXPH3-2,NXPH3,134,13,0.000265476293861866,1.089127779006958,0.5072497725486755,1.5337611436843872,0.9313539862632751,1.2310062772447813e-24,0.01754071762677551,0.6072353508878083,7.803772580500934e-24,0.08200122875706425,True,False,False,Stim8hr,24
COL4A5-2,COL4A5,90,11,0.00016603482072241604,0.7681506872177124,0.5231999754905701,1.4672750234603882,0.9309019446372986,3.366945301235774e-16,0.026970041126581516,0.6344427116614311,1.2840214477197968e-15,0.10591972537978328,True,False,False,Stim8hr,24
ZNF627-3,ZNF627,138,13,0.06311662495136261,0.7349521517753601,0.5215681195259094,1.312930703163147,0.9308439493179321,6.763759938608711e-22,0.01419681470936917,0.7089817818071575,3.622639845235441e-21,0.07178122089683717,True,False,False,Stim8hr,24
GIMAP6-1,GIMAP6,51,11,0.40170928835868835,1.798912763595581,1.1657997369766235,2.0721805095672607,0.9285923838615417,5.50255017029905e-17,0.018402196361574003,0.4481233075855261,2.2118878907012917e-16,0.08374170291330423,True,False,False,Stim8hr,24
SLC12A3-3,SLC12A3,107,12,4.519897993304767e-05,1.658952236175537,0.9607579112052917,1.687827229499817,0.9279299974441528,1.5413556149378303e-22,0.022038665594023323,0.5497778334333084,8.638292989803754e-22,0.09439437517168313,True,False,False,Stim8hr,24
OTOGL-1,OTOGL,138,12,0.0001237524120369926,0.5232831239700317,0.3345349133014679,1.0076422691345215,0.9263310432434082,2.970973337833322e-14,0.022180225945950986,0.9193054634746985,9.836261898460151e-14,0.09457228244372788,True,False,False,Stim8hr,24
FDCSP-2,FDCSP,25,10,3.4512348065618426e-05,1.2715564966201782,0.928714394569397,1.228034257888794,0.926326334476471,0.00011074488875998871,0.03410798881123874,0.7543163625329055,0.00019109794057781183,0.123205743728849,True,False,False,Stim8hr,24
IL12RB1-4,IL12RB1,66,11,0.3905878961086273,1.062606930732727,1.0304182767868042,1.1360142230987549,0.9259150624275208,1.8741581239768646e-11,0.016075069912562828,0.8150558713093067,5.169307749941894e-11,0.0777441360732898,True,False,False,Stim8hr,24
ARC-4,ARC,154,11,0.005724834278225899,1.1023662090301514,0.5222168564796448,1.6306499242782593,0.9258143901824951,1.2009145137133298e-30,0.02628766057689568,0.5677579083028929,1.0978573107634623e-29,0.10454251556447894,True,False,False,Stim8hr,24
CADPS2-1,CADPS2,87,10,0.00015731398889329284,2.183126449584961,0.6009504199028015,3.106092929840088,0.9252822399139404,3.859942570938716e-35,0.034228832424827535,0.2978926454597664,4.635527304913048e-34,0.12328899450542641,True,False,False,Stim8hr,24
LRRC14B-4,LRRC14B,139,18,0.0005029027815908194,1.4656896591186523,0.6020073294639587,1.9218735694885254,0.9250404834747314,1.3335645871404026e-33,0.006475428383860031,0.4813222358434928,1.4776201313673172e-32,0.04325512026720975,True,True,False,Stim8hr,24
GLB1L2-4,GLB1L2,197,21,0.09902162849903107,1.0624815225601196,0.5940696001052856,1.651384711265564,0.9233469367027283,1.2483863908393045e-41,0.0022863668812244144,0.5591349674026637,2.2664367011153008e-40,0.023452919445406957,True,True,False,Stim8hr,24
CDK2-4,CDK2,99,17,0.47401487827301025,1.229664921760559,1.196819543838501,1.0876976251602173,0.9216687679290771,5.890545495004185e-15,0.0037551391138878395,0.847357525298739,2.0716295795311667e-14,0.03127644152378662,True,True,True,Stim8hr,24
DBF4-3,DBF4,63,12,0.45859023928642273,1.3660290241241455,1.0856043100357056,1.4478222131729126,0.9207128286361694,1.7844203254415026e-14,0.011817396101861891,0.6359294810226878,6.058255837122292e-14,0.06439970037066524,True,False,False,Stim8hr,24
CSF1R-3,CSF1R,68,14,0.0035807138774544,0.7978140711784363,0.4959987699985504,1.007548451423645,0.9196576476097107,7.120137023680136e-08,0.014910222892262156,0.9127676652276657,1.5661871371200843e-07,0.0741004769757365,True,False,False,Stim8hr,24
ARHGEF17-1,ARHGEF17,169,11,0.00039504171581938863,0.634292721748352,0.41452038288116455,1.255840539932251,0.9189997911453247,2.2200292919704224e-23,0.028244528386954872,0.7317806376874106,1.3046889471200035e-22,0.10905818841187306,True,False,False,Stim8hr,24
MINDY2-2,MINDY2,76,16,0.19607487320899963,0.8371189832687378,0.6982147097587585,1.2389451265335083,0.9185588955879211,2.355630625554219e-13,0.005219223577089692,0.741404018560525,7.358015855426628e-13,0.03803295485270369,True,True,False,Stim8hr,24
MFSD7-4,SLC49A3,105,16,0.001072511775419116,1.5729573965072632,0.49710094928741455,2.0141096115112305,0.914703905582428,3.163086219812827e-27,0.010279964007971735,0.4541480266786998,2.3936701393378086e-26,0.059086358477430254,True,False,False,Stim8hr,24
HACD4-2,HACD4,69,14,0.2502996325492859,1.3683627843856812,0.8125022649765015,1.820162296295166,0.9144802093505859,6.039437432312353e-19,0.008415821503326815,0.5024168510752898,2.793601022817209e-18,0.051753881179808156,True,False,False,Stim8hr,24
ZNF750-3,ZNF750,77,11,0.0002151556109311059,1.3481085300445557,0.7115350365638733,1.550460696220398,0.9131588339805603,4.340638232027004e-15,0.028925278627890415,0.5889596790209475,1.547027469423818e-14,0.1108362753502346,True,False,False,Stim8hr,24
ZAP70-1,ZAP70,22,10,1.2881782054901123,1.8227534294128418,1.9080766439437866,0.7679974436759949,0.9130350351333618,0.0013027976964094638,0.010444340468862529,1.1888516591450478,0.0020604984425420846,0.05966842243691553,True,False,False,Stim8hr,24
SMPDL3B-2,SMPDL3B,85,14,0.04247843846678734,1.0771900415420532,0.9519309997558594,1.4563816785812378,0.9130178093910217,1.5312985405172083e-15,0.015045203573325752,0.6269083323545073,5.6234866630389786e-15,0.07447769622292931,True,False,False,Stim8hr,24
TOM1L1-2,TOM1L1,150,14,0.00571901211515069,0.54544597864151,0.4236803650856018,0.9262726306915283,0.9100591540336609,1.2447189839063518e-13,0.015478691055115373,0.982495999427552,3.945351074398248e-13,0.07605942164417365,True,False,False,Stim8hr,24
PAPOLG-4,PAPOLG,26,11,0.3433654010295868,1.3432413339614868,0.8620639443397522,1.580622673034668,0.9096934795379639,3.741223167444478e-07,0.014588055785690179,0.5755285528021851,7.828630946162227e-07,0.07314449869011214,True,False,False,Stim8hr,24
MAL-3,MAL,110,10,1.1036039590835571,3.651191473007202,2.2426421642303467,2.1021432876586914,0.907898485660553,1.107495375408841e-35,0.02081296002916929,0.4318918177417606,1.3859820766038796e-34,0.09110487827583132,True,False,False,Stim8hr,24
ADGRG4-2,ADGRG4,73,12,4.6319000830408186e-06,0.9743764996528625,0.38894692063331604,1.2562947273254395,0.9064363241195679,4.457434522276768e-11,0.02416961672369943,0.7215156638039111,1.196176217740754e-10,0.09892801996648404,True,False,False,Stim8hr,24
FBL-3,FBL,76,10,1.4503439664840698,2.5275754928588867,2.0485262870788574,1.4393439292907715,0.9061973690986633,5.248811140216354e-17,0.014133941251613798,0.6295905729391493,2.1142867374184e-16,0.07174897735261775,True,False,False,Stim8hr,24
ASPA-3,ASPA,73,11,3.098454908467829e-05,0.611011266708374,0.5654630064964294,0.8992928862571716,0.9044992327690125,3.5799116671730036e-07,0.029947876372751984,1.005789378067372,7.495137204633463e-07,0.1130367948520439,True,False,False,Stim8hr,24
PHGR1-4,PHGR1,85,10,0.0005026673898100853,3.750852584838867,1.2337206602096558,3.2235026359558105,0.9023064970970154,1.6701338391082955e-35,0.037194560736294305,0.27991492453967537,2.056817692940057e-34,0.1306126543218803,True,False,False,Stim8hr,24
CABLES1-4,CABLES1,159,10,0.0037555901799350977,1.3337215185165405,0.5548364520072937,1.8420017957687378,0.9019796252250671,2.333026745468871e-36,0.037006107075920905,0.4896735862565414,3.0595216829941495e-35,0.13007165145086697,True,False,False,Stim8hr,24
ABCC5-3,ABCC5,76,12,0.17862571775913239,0.5942153930664062,0.5244461297988892,0.7233306765556335,0.9012255072593689,2.4594488611821153e-06,0.007777664758561426,1.2459384572915357,4.840045163456102e-06,0.049687716413647484,True,True,True,Stim8hr,24
GDF9-2,GDF9,64,10,0.0029570157639682293,2.1920342445373535,1.0916827917099,1.7796412706375122,0.8990766406059265,4.7478004869565315e-15,0.03759124111493018,0.5052010511555819,1.6828363412521454e-14,0.13151718214307673,True,False,False,Stim8hr,24
PTCH1-3,PTCH1,132,12,0.006707965862005949,0.6125601530075073,0.49984684586524963,1.0882748365402222,0.8988829255104065,2.2056758963741467e-15,0.02452940485757437,0.8259705134486808,8.023846369970674e-15,0.099865289757081,True,False,False,Stim8hr,24
CMC1-2,CMC1,48,13,0.31707024574279785,0.8278293609619141,0.7311028838157654,1.035033106803894,0.8978738188743591,3.936840325697232e-08,0.0055914655261104776,0.8674831877087752,8.835613197603711e-08,0.03952094623725292,True,True,True,Stim8hr,24
KANSL2-2,KANSL2,205,25,0.4257695972919464,1.8125723600387573,1.2234348058700562,2.1243057250976562,0.8977746367454529,8.153878249315472e-65,0.0010849311733342958,0.4226202594752134,4.3793121097365177e-63,0.015310483946083234,True,True,False,Stim8hr,24
TEX264-1,TEX264,47,10,0.350554883480072,0.3964220881462097,0.8434877395629883,0.1083717793226242,0.8976150751113892,0.2181616790434967,0.018399945134958726,8.282738188132699,0.2582281031102546,0.08374170291330423,False,False,False,Stim8hr,24
ID3-2,ID3,52,12,0.07403459399938583,0.866298258304596,0.7111465334892273,0.947079598903656,0.8962175250053406,4.26945963413458e-06,0.022084453797063665,0.9462958826721707,8.234414167181256e-06,0.09448348898246016,True,False,False,Stim8hr,24
F10-1,F10,131,12,0.0,1.356814980506897,0.7772435545921326,1.609743595123291,0.8961768746376038,1.2108831552162425e-25,0.02525490056967525,0.5567202611351065,8.129314516009045e-25,0.10171776256872272,True,False,False,Stim8hr,24
MAPRE2-3,MAPRE2,83,12,0.908966064453125,2.469432830810547,1.5876368284225464,2.3539297580718994,0.8952717781066895,5.238733207703355e-34,0.010469488561428337,0.38033071081951286,5.923444828710197e-33,0.05972187894317039,True,False,False,Stim8hr,24
DENND5A-2,DENND5A,52,11,0.2803187370300293,0.8971899747848511,0.8298213481903076,1.0007169246673584,0.8950461745262146,1.7906040567367453e-07,0.01841253061265121,0.8944049535524053,3.840413692402104e-07,0.08374170291330423,True,False,False,Stim8hr,24
WARS-4,WARS1,65,10,1.989000916481018,3.3173813819885254,2.681711196899414,1.4860279560089111,0.89476078748703,5.190032979824907e-16,0.010780673132489543,0.6021157165105611,1.9546469554381295e-15,0.06103668530999319,True,False,False,Stim8hr,24
ZNF503-4,ZNF503,78,16,0.00029465719126164913,0.7552353143692017,0.4234425723552704,1.349520206451416,0.8944693803787231,7.578035886008088e-13,0.01153813622559972,0.6628054741994149,2.2858240851164803e-12,0.0634262081471194,True,False,False,Stim8hr,24
DDX31-2,DDX31,23,11,0.43099892139434814,0.6680187582969666,1.0341086387634277,0.4234538674354553,0.8941841721534729,0.04169421997921676,0.017636429111562112,2.1116448352895687,0.05629593179456397,0.082231110024126,False,False,False,Stim8hr,24
KDM5B-2,KDM5B,138,19,0.5861828923225403,2.023862838745117,1.2699908018112183,1.6869367361068726,0.8938887119293213,1.4054865102254466e-33,0.0020748852288066015,0.5298886987263349,1.5484377022911116e-32,0.022230073471236733,True,True,False,Stim8hr,24
DPEP1-1,DPEP1,65,12,0.0001598793751327321,1.4106299877166748,0.9984068870544434,1.29031503200531,0.8923197984695435,2.1991412528349942e-10,0.025670967748256054,0.6915518895279144,5.676955423706891e-10,0.10273820108349672,True,False,False,Stim8hr,24
LRRFIP2-3,LRRFIP2,192,12,0.31283441185951233,1.7952591180801392,1.0052069425582886,2.4349746704101562,0.8921993374824524,9.502334999069615e-69,0.01841858040251885,0.36641011026704723,6.228055837525797e-67,0.08374170291330423,True,False,False,Stim8hr,24
SORT1-3,SORT1,117,10,0.06825663149356842,1.317068099975586,0.3878348767757416,1.9562216997146606,0.8919199705123901,3.601461603592739e-30,0.0271438884857205,0.45594012715557125,3.208952078592885e-29,0.10605184530268072,True,False,False,Stim8hr,24
DCUN1D5-3,DCUN1D5,104,11,1.2772531509399414,2.9551453590393066,2.280142068862915,2.7840843200683594,0.8888787627220154,2.062301373384207e-52,0.02348832632573915,0.31927149487347073,5.951432396176664e-51,0.09826642717250604,True,False,False,Stim8hr,24
IL20RB-3,IL20RB,59,10,0.014751582406461239,1.3093576431274414,0.421652227640152,1.978400468826294,0.8883967399597168,7.921541612347188e-16,0.03753615546313823,0.44904798293278164,2.9625339859716223e-15,0.1314460555199896,True,False,False,Stim8hr,24
ASB15-2,ASB15,320,15,0.0,0.9722312688827515,0.6461361050605774,1.5568335056304932,0.8879579305648804,2.344423051353997e-57,0.014521937905933788,0.570361523793947,8.552720697722553e-56,0.07313178316942955,True,False,False,Stim8hr,24
KCP-2,KCP,65,10,0.00037166575202718377,0.7024126052856445,0.401698499917984,0.9919622540473938,0.8875988721847534,1.9463592784652552e-07,0.03918913056181266,0.8947909747202396,4.162926620478508e-07,0.13462397595873185,True,False,False,Stim8hr,24
PPP1R14D-1,PPP1R14D,74,12,9.78920070338063e-05,1.8295172452926636,0.8054139018058777,1.6041476726531982,0.8871565461158752,3.582444101992677e-15,0.0262441328074487,0.5530392003427917,1.2827140131857112e-14,0.10454251556447894,True,False,False,Stim8hr,24
FAM101A-3,RFLNA,95,11,0.0009339234093204141,1.7215927839279175,0.6023260354995728,1.6414096355438232,0.8863165378570557,1.5145229293180997e-19,0.03206292737274527,0.539972788427921,7.194914210900604e-19,0.11795309250150003,True,False,False,Stim8hr,24
BICD1-4,BICD1,131,11,0.3172192871570587,1.8739237785339355,1.0871987342834473,2.130667209625244,0.8862945437431335,1.2288334216982758e-39,0.0252815168732415,0.41597042454087463,1.9474995252898494e-38,0.10171776256872272,True,False,False,Stim8hr,24
SNF8-3,SNF8,115,11,0.4965616762638092,2.070950508117676,1.2807562351226807,2.901951551437378,0.8851824998855591,1.9607745874814106e-54,0.023740032581880406,0.3050300751737621,6.16448400795985e-53,0.09852806593542958,True,False,False,Stim8hr,24
GHRH-4,GHRH,103,15,5.5170414270833135e-05,2.606403350830078,1.3767247200012207,1.7900359630584717,0.8846946358680725,2.412381616167478e-23,0.014773018943969629,0.4942328836547369,1.4134363196544906e-22,0.07370917895262948,True,False,False,Stim8hr,24
PRMT2-3,PRMT2,60,10,0.5688488483428955,1.605562686920166,1.2610642910003662,1.727421522140503,0.8840935230255127,1.8400505746020425e-18,0.02427507557791097,0.5117995299317588,8.207007580145442e-18,0.09914507109682429,True,False,False,Stim8hr,24
PPM1M-4,PPM1M,84,12,0.33041661977767944,1.1477339267730713,0.994729220867157,1.2878925800323486,0.8839384317398071,1.5294336071570928e-15,0.017836928763167736,0.6863448438514995,5.6219769571069185e-15,0.08262267442897164,True,False,False,Stim8hr,24
FGF7-4,FGF7,77,12,0.00037908906233496964,1.00819993019104,0.46139898896217346,1.2458152770996094,0.8835227489471436,1.8006966992678862e-11,0.02663607521625461,0.7091924181601614,4.9737815257635114e-11,0.10526398794971258,True,False,False,Stim8hr,24
ATXN8-1,ATXN3,70,12,0.4958727955818176,0.9920388460159302,1.017465353012085,0.8126545548439026,0.8819549083709717,5.055107708698125e-08,0.009953118766845053,1.0852765213878368,1.1228088173196813e-07,0.05800288687186232,True,False,False,Stim8hr,24
NCR3LG1-4,NCR3LG1,117,18,0.031008072197437286,0.7628723978996277,0.3798350393772125,1.3501065969467163,0.8817183971405029,6.263656820496328e-19,0.006817510507108143,0.6530731715069911,2.893854351835042e-18,0.04476358461438021,True,True,False,Stim8hr,24
CD247-3,CD247,200,22,1.3059746026992798,3.230588912963867,2.164524793624878,2.552233934402466,0.8809804320335388,4.282255626468957e-83,0.0015075478456102267,0.3451801263820261,4.475535812852826e-81,0.017956575880005092,True,True,False,Stim8hr,24
P3H4-4,P3H4,135,12,0.060850590467453,1.8579024076461792,0.6152504682540894,2.9887664318084717,0.8808395266532898,2.348757998892483e-53,0.02401220960411785,0.2947167491172279,6.880793319482752e-52,0.09863454472861262,True,False,False,Stim8hr,24
TTLL12-2,TTLL12,94,11,1.1722943782806396,1.7032321691513062,1.7825485467910767,0.77092045545578,0.8805309534072876,3.083266806721068e-10,0.011425085338765156,1.142181332945309,7.875160331301432e-10,0.06326452818625157,True,False,False,Stim8hr,24
KCNK15-1,KCNK15,89,13,0.009331813082098961,0.41991764307022095,0.4181690812110901,0.9203652143478394,0.880123496055603,9.194607946293217e-09,0.021533643592395502,0.9562763589226357,2.1406110131436404e-08,0.09296831057812761,True,False,False,Stim8hr,24
TNFRSF1B-1,TNFRSF1B,154,13,0.7847201228141785,1.9877969026565552,1.4375433921813965,1.7308681011199951,0.8799833059310913,8.519218430658802e-44,0.008336941168002284,0.5084057562570362,1.7807469011544643e-42,0.0515201168257919,True,False,False,Stim8hr,24
PTPN21-1,PTPN21,64,12,0.0025452144909650087,0.5864567756652832,0.373483270406723,1.1474881172180176,0.8783014416694641,7.296010892522624e-09,0.02699876361360585,0.7654122325892381,1.7119947889189916e-08,0.10592253525586859,True,False,False,Stim8hr,24
ARHGEF12-2,ARHGEF12,396,32,0.13725808262825012,1.381636142730713,0.7211437225341797,1.8253329992294312,0.8774675726890564,1.7224505428013487e-92,0.00040071086543686294,0.4807164353350767,2.0814738278165047e-90,0.008957408760112131,True,True,False,Stim8hr,24
SPEF2-4,SPEF2,73,10,0.07063854485750198,0.75856614112854,0.385770708322525,1.3452969789505005,0.8773236274719238,6.668322773422903e-13,0.027784174035217997,0.6521412306718668,2.0161379331373234e-12,0.10810673477489142,True,False,False,Stim8hr,24
ACVR1B-3,ACVR1B,166,15,0.1497216522693634,1.2034448385238647,0.6487859487533569,1.7005362510681152,0.8772976398468018,1.386238001085726e-37,0.009912442935967589,0.5158947004486184,1.9352282852702175e-36,0.057942595338221665,True,False,False,Stim8hr,24
TYK2-1,TYK2,77,15,0.5687319040298462,2.0917246341705322,1.2607810497283936,2.144463062286377,0.8762809634208679,6.85662347306131e-26,0.00809631942656889,0.4086248808998358,4.659852894609505e-25,0.050864252610105555,True,False,False,Stim8hr,24
PHEX-3,PHEX,70,11,0.021064961329102516,1.1950353384017944,0.5407069325447083,1.858968734741211,0.8761245012283325,2.350614826032527e-17,0.03195351653117241,0.47129598516367666,9.73214939214966e-17,0.11795309250150003,True,False,False,Stim8hr,24
CHRD-2,CHRD,49,13,7.76695305830799e-05,1.2868694067001343,0.5839222073554993,2.12837815284729,0.8759201169013977,2.2341528637303666e-14,0.022673074508184697,0.41154346361318084,7.506054842784819e-14,0.09613180245510597,True,False,False,Stim8hr,24
MMADHC-3,MMADHC,74,11,0.8470011353492737,1.685145378112793,1.6293479204177856,1.3086072206497192,0.8754938244819641,6.913499465729041e-16,0.022439068651838957,0.6690271998096452,2.593065221529991e-15,0.09535343555197183,True,False,False,Stim8hr,24
KCNG3-3,KCNG3,54,10,0.0028013563714921474,0.8612775206565857,0.3709077835083008,1.5795314311981201,0.8754059076309204,2.465274532832533e-11,0.04057521558075421,0.5542187324293381,6.751569843104395e-11,0.13862282323975827,True,False,False,Stim8hr,24
TG-3,TG,69,12,0.0038047803100198507,1.4085510969161987,0.30049026012420654,1.621813178062439,0.8741956949234009,1.840191061100574e-14,0.02708453052351433,0.5390236722381255,6.23118987152007e-14,0.10592936343322772,True,False,False,Stim8hr,24
TMX1-3,TMX1,69,13,1.0603777170181274,2.3475658893585205,1.6645896434783936,1.7003072500228882,0.8735591769218445,1.1639218630018375e-18,0.008253197691820171,0.5137654838030511,5.2827298641174946e-18,0.05116982568928506,True,False,False,Stim8hr,24
LGI3-1,LGI3,71,10,0.0002769620041362941,2.7336392402648926,0.6716064214706421,2.989030361175537,0.873548686504364,5.237878621907583e-28,0.04125139811355869,0.2922515267328404,4.108494245622033e-27,0.13967125126721486,True,False,False,Stim8hr,24
ERC1-3,ERC1,59,10,0.26888957619667053,1.5745904445648193,0.888317883014679,2.378122091293335,0.8728174567222595,3.657004392241518e-22,0.030725051061173073,0.3670196159893457,1.986184829325555e-21,0.1150516268449075,True,False,False,Stim8hr,24
MOB1A-4,MOB1A,34,10,0.7197564840316772,1.0539287328720093,1.2758281230926514,0.5469990372657776,0.8719510436058044,0.003425335184945174,0.018947822926217033,1.5940632143784528,0.005218979968551217,0.08543646382213671,True,False,False,Stim8hr,24
APBB1IP-1,APBB1IP,82,14,1.0698622465133667,2.3224101066589355,1.7783464193344116,1.596461296081543,0.8719345331192017,6.562679932168474e-21,0.00786921243726341,0.5461670353420617,3.356862870065541e-20,0.05018779331826343,True,False,False,Stim8hr,24
CLRN1-1,CLRN1,106,12,3.267412103014067e-05,1.0511704683303833,0.578615665435791,1.3933484554290771,0.8716748356819153,1.4565558057831397e-17,0.028036144802661363,0.625597159336202,6.089190595636109e-17,0.10867313776391416,True,False,False,Stim8hr,24
G6PD-4,G6PD,67,10,0.7115393877029419,1.7368452548980713,1.3762080669403076,1.2621363401412964,0.8706548810005188,2.613192151781901e-12,0.024041556656340658,0.6898263312052713,7.638105858609684e-12,0.09863454472861262,True,False,False,Stim8hr,24
TM7SF3-2,TM7SF3,56,10,0.6541829109191895,2.5030856132507324,1.3313829898834229,2.857313632965088,0.8698733448982239,3.4326719734130773e-26,0.025342151204655584,0.3044374740183982,2.4047359639834003e-25,0.10174523976221594,True,False,False,Stim8hr,24
ADGRG3-1,ADGRG3,23,10,0.00016966223483905196,2.094547748565674,0.7584919929504395,2.0924832820892334,0.8688936829566956,2.0335534070296694e-07,0.04195150241821844,0.4152452210223402,4.339818446459013e-07,0.14128279799261098,True,False,False,Stim8hr,24
P2RY12-2,P2RY12,110,13,7.554971489298623e-06,0.8368077278137207,0.4462452530860901,1.3453819751739502,0.866761326789856,2.3989489151969734e-17,0.023647780417482646,0.6442492487516704,9.911042152849034e-17,0.09852806593542958,True,False,False,Stim8hr,24
MYCL-2,MYCL,67,13,0.0022671737242490053,1.1191308498382568,0.5440908670425415,1.899717926979065,0.8643335700035095,6.747790807391039e-17,0.023764053279553377,0.4549799513541331,2.6956308938203666e-16,0.09852806593542958,True,False,False,Stim8hr,24
CSDC2-4,CSDC2,71,13,1.3621551261167042e-05,0.817438542842865,0.3953627347946167,1.4149850606918335,0.8642817139625549,1.4697294880984962e-12,0.02391705143018729,0.6108062466327232,4.351794740028243e-12,0.09863454472861262,True,False,False,Stim8hr,24
CRIP3-4,CRIP3,91,14,0.0021251162979751825,0.989856481552124,0.5320482850074768,1.7898759841918945,0.8635915517807007,7.426372340088873e-21,0.019789241026811528,0.4824868088112825,3.7736901234065275e-20,0.08796855482618939,True,False,False,Stim8hr,24
SC5D-3,SC5D,59,12,0.31722167134284973,1.1830960512161255,0.7254276275634766,1.288880705833435,0.8635603785514832,4.7489182238374804e-11,0.008671570577491483,0.6700079958083281,1.273513645740606e-10,0.0529820354185344,True,False,False,Stim8hr,24
INADL-2,PATJ,41,10,0.11094950139522552,1.2110867500305176,0.8668586611747742,1.715274453163147,0.8631550669670105,2.1398398664066672e-10,0.039191168040868266,0.5032168848403599,5.527562300196782e-10,0.13462397595873185,True,False,False,Stim8hr,24
GPR114-3,ADGRG5,59,10,0.15861740708351135,1.3451792001724243,0.9374033212661743,1.4255865812301636,0.8629742860794067,1.7170748557741e-11,0.03736368152244082,0.6053468077222859,4.756395750199459e-11,0.13096333968292048,True,False,False,Stim8hr,24
TRIM56-1,TRIM56,72,10,0.398343950510025,1.3856512308120728,1.0451973676681519,1.7535182237625122,0.8628133535385132,6.650743713543371e-21,0.029720138139313974,0.4920469840839067,3.397414258952737e-20,0.11240156244288545,True,False,False,Stim8hr,24
MOSPD3-3,MOSPD3,73,13,0.1493833065032959,1.5030030012130737,0.7407275438308716,1.7302337884902954,0.8610954284667969,3.2794758516765846e-17,0.019309471366273964,0.4976757673991214,1.3405637545912636e-16,0.08643126560678847,True,False,False,Stim8hr,24
SNX6-3,SNX6,120,11,1.195494532585144,2.328228712081909,1.7827677726745605,1.7064214944839478,0.859658420085907,6.738529586572552e-34,0.014587846086788809,0.5037784761061528,7.574969160254668e-33,0.07314449869011214,True,False,False,Stim8hr,24
EML5-1,EML5,100,12,0.029208725318312645,1.0059453248977661,0.5635086894035339,1.802192211151123,0.8586789965629578,2.0659695240540895e-23,0.0281048467076853,0.47646360429806184,1.219710557178193e-22,0.10879481089914615,True,False,False,Stim8hr,24
LINGO4-3,LINGO4,152,15,0.0004223831056151539,1.294173002243042,0.6798719763755798,1.4620593786239624,0.8582885265350342,4.9879355469182165e-26,0.01695372629412448,0.5870408131732819,3.432090170806538e-25,0.08014874105547348,True,False,False,Stim8hr,24
RIN2-4,RIN2,72,10,2.8876971555291675e-05,1.4965540170669556,0.5726895332336426,1.9261833429336548,0.8578332662582397,2.8063036174830332e-18,0.04365472028049028,0.445353901229218,1.2317793517374449e-17,0.14432071579559128,True,False,False,Stim8hr,24
GKN1-4,GKN1,111,10,0.0002299655316164717,2.7120461463928223,1.2108570337295532,1.827948808670044,0.8573537468910217,1.195687779849295e-25,0.04372763212138454,0.4690250311302779,8.041260251612564e-25,0.14432071579559128,True,False,False,Stim8hr,24
TESPA1-1,TESPA1,39,10,0.8278411030769348,1.8616313934326172,1.4632419347763062,1.5621052980422974,0.8563591837882996,9.558531900924101e-12,0.01979408782577662,0.5482083601288137,2.6980177270710584e-11,0.08796855482618939,True,False,False,Stim8hr,24
MAFK-1,MAFK,55,10,0.36387869715690613,1.0081111192703247,0.8566873669624329,1.0129166841506958,0.8548015356063843,4.410055688080878e-08,0.02297656382507412,0.8439011312397456,9.863322929906742e-08,0.09687554558130469,True,False,False,Stim8hr,24
SPRED1-1,SPRED1,44,10,0.005382391158491373,1.1472275257110596,0.4801046848297119,2.2783591747283936,0.8534766435623169,4.861918323060058e-14,0.043890455157297274,0.3746014469663507,1.5812479525040574e-13,0.14432071579559128,True,False,False,Stim8hr,24
SNX10-4,SNX10,80,18,1.101006031036377,2.380584716796875,1.8708986043930054,1.8887072801589966,0.8532952666282654,3.5125501690908745e-27,0.004276856345084004,0.4517879904377944,2.652935840600471e-26,0.0341967668014962,True,True,False,Stim8hr,24
BRK1-1,BRK1,80,10,0.49403518438339233,1.1908819675445557,1.005800485610962,1.0491231679916382,0.8528213500976562,1.0065092757923208e-11,0.02163459084843317,0.8128896359521187,2.8389287888321694e-11,0.09329763123007326,True,False,False,Stim8hr,24
SIRPB1-1,SIRPB1,44,10,0.0007277168333530426,1.221854329109192,0.31509244441986084,1.6030961275100708,0.8526896834373474,1.1427398197350935e-09,0.04434591447018618,0.5319017798151289,2.8229483156138277e-09,0.1447495619741597,True,False,False,Stim8hr,24
PLEKHJ1-2,PLEKHJ1,67,13,0.21428191661834717,0.6316954493522644,0.7512328624725342,0.8451201319694519,0.8519839644432068,1.4117608402162312e-07,0.017478271689803176,1.0081217240178146,3.04817374043337e-07,0.0819118011534518,True,False,False,Stim8hr,24
CREG2-1,CREG2,64,12,0.0005492476630024612,0.8606139421463013,0.5998084545135498,1.3677705526351929,0.8512155413627625,5.0969947120460194e-11,0.03055702111514774,0.6223379643045991,1.3621339703857606e-10,0.11464945819195312,True,False,False,Stim8hr,24
PITPNC1-3,PITPNC1,21,11,0.31032824516296387,1.368658185005188,0.8551391959190369,1.7404048442840576,0.8501166701316833,1.1133044370170884e-06,0.023088832417953023,0.4884591495614872,2.2575502139198116e-06,0.09721534601070911,True,False,False,Stim8hr,24
LTBP3-2,LTBP3,88,13,0.376278817653656,2.590940237045288,1.0680369138717651,3.0562853813171387,0.8500515818595886,5.255855780358233e-39,0.017196445635972293,0.2781322670506803,7.939216524470816e-38,0.08099247496294797,True,False,False,Stim8hr,24
UBL7-4,UBL7,103,10,0.6210620999336243,1.7344441413879395,1.379483938217163,1.5075795650482178,0.8496020436286926,8.041296353795581e-23,0.03266986464091912,0.56355370112855,4.593159970476737e-22,0.11961028854981232,True,False,False,Stim8hr,24
PRR14-3,PRR14,102,13,0.751397430896759,2.3003897666931152,1.571584701538086,1.9160432815551758,0.8484730124473572,2.828877190029536e-29,0.017469802924159866,0.4428255982603303,2.398962301281626e-28,0.0819118011534518,True,False,False,Stim8hr,24
EFHC2-2,EFHC2,320,46,0.0011511548655107617,0.8199737668037415,0.41423332691192627,1.5221052169799805,0.8480919003486633,1.0560881505473638e-55,9.359270582742253e-05,0.557183492236738,3.5512111984057875e-54,0.0037259748783085474,True,True,False,Stim8hr,24
RAI2-1,RAI2,62,15,0.006874490063637495,1.7652885913848877,0.6816930174827576,1.875078797340393,0.8476089239120483,1.5560380209445435e-15,0.01773477798822084,0.4520390956978953,5.708917482915132e-15,0.08239917733593514,True,False,False,Stim8hr,24
CWF19L1-3,CWF19L1,142,12,0.5017460584640503,1.1875115633010864,1.058297872543335,1.119101881980896,0.8461920619010925,2.230657485892863e-22,0.015964600822476045,0.756134964587199,1.2340418451999572e-21,0.07740867756180578,True,False,False,Stim8hr,24
LRFN2-4,LRFN2,53,10,0.003472174983471632,0.1669568121433258,0.18928219377994537,0.6205601096153259,0.8451331257820129,0.0010872485943313284,0.043771612444754956,1.3618876119928105,0.0017280683576980055,0.14432071579559128,True,False,False,Stim8hr,24
S1PR2-2,S1PR2,58,10,0.2158106118440628,1.1053259372711182,0.7581697702407837,1.2926796674728394,0.8450654745101929,1.8119676018618168e-10,0.03351069899937015,0.6537315436872907,4.715261585733275e-10,0.12162904377698455,True,False,False,Stim8hr,24
YTHDF3-1,YTHDF3,31,11,0.6819905042648315,0.8556233644485474,1.0974164009094238,0.3248108923435211,0.8448325395584106,0.03722627235295395,0.004753207011149429,2.6009981791648564,0.05052790283919723,0.03648768195958443,False,True,True,Stim8hr,24
SEMA3A-2,SEMA3A,42,10,0.005626942031085491,1.0251396894454956,0.43217793107032776,1.5674818754196167,0.8446055054664612,4.296995552665329e-09,0.045209641851805024,0.5388295193144478,1.0219238500711455e-08,0.14588981696546638,True,False,False,Stim8hr,24
RPA2-4,RPA2,79,14,0.5731762647628784,1.520249605178833,1.1404768228530884,1.5605394840240479,0.84324711561203,2.2204819452505083e-20,0.00962007574214195,0.5403561551916719,1.09523006151578e-19,0.05708908089083559,True,False,False,Stim8hr,24
MAP3K4-4,MAP3K4,96,15,0.46482130885124207,1.5276468992233276,1.0988636016845703,1.6718322038650513,0.8381240963935852,5.780198472702774e-25,0.010612950991508472,0.5013207033911388,3.712961377731167e-24,0.06026753851334091,True,False,False,Stim8hr,24
MSC-4,MSC,55,14,0.032231807708740234,0.7286418676376343,0.5356518030166626,1.2189968824386597,0.8372514843940735,8.800433568065417e-09,0.019936797831411786,0.6868364443386542,2.0525498557122415e-08,0.08839504032637675,True,False,False,Stim8hr,24
LRRC28-3,LRRC28,62,12,0.09433162957429886,0.7752770185470581,0.5449448227882385,1.4053843021392822,0.8368621468544006,4.5240929630942926e-12,0.026420892142196988,0.5954685459205182,1.3026558070205235e-11,0.10474194348195913,True,False,False,Stim8hr,24
TMEM200B-4,TMEM200B,112,12,0.0008106823079288006,0.5407875180244446,0.28414595127105713,0.9468002915382385,0.8365859985351562,6.637561265489314e-11,0.03238062351922747,0.8835928822708532,1.7652991343636298e-10,0.11866619975747897,True,False,False,Stim8hr,24
DSCAML1-2,DSCAML1,24,10,7.066651596687734e-05,0.21899455785751343,0.34061476588249207,0.8249496817588806,0.8362325429916382,0.004446909229897856,0.04714933359047018,1.0136770296204023,0.006662610612946536,0.15009998286124432,True,False,False,Stim8hr,24
RNF24-4,RNF24,106,14,0.15622733533382416,0.8641647696495056,0.5115185379981995,1.2423456907272339,0.8353533148765564,6.280802217755772e-17,0.010711971061248056,0.6724000583022623,2.514271446797264e-16,0.06073864250920562,True,False,False,Stim8hr,24
CECR6-3,TMEM121B,49,11,0.003317715600132942,0.37448298931121826,0.21747398376464844,0.8627500534057617,0.8352454900741577,4.36325857333464e-05,0.03803045321454322,0.9681198937942362,7.761141169772334e-05,0.13207637654490587,True,False,False,Stim8hr,24
GNRHR-3,GNRHR,169,12,1.2856467947131023e-05,1.4330614805221558,0.43942928314208984,2.0230274200439453,0.8346956372261047,6.1583394815210755e-43,0.03279187035010154,0.41259729302530807,1.2403280612001042e-41,0.11991301871991587,True,False,False,Stim8hr,24
AR-3,AR,80,20,6.587060488527641e-05,1.3871437311172485,0.40736573934555054,2.425886392593384,0.8345601558685303,1.0391137266157603e-25,0.008084694317773443,0.34402276974576174,7.012657558155576e-25,0.050864252610105555,True,False,False,Stim8hr,24
AMBRA1-4,AMBRA1,98,13,0.4454757571220398,1.4920152425765991,1.049566388130188,1.5993250608444214,0.8337830305099487,1.5265272616081582e-23,0.016427362556289463,0.5213343121564811,9.081662954828844e-23,0.07834588296076514,True,False,False,Stim8hr,24
NDRG2-1,NDRG2,92,12,0.013727352023124695,0.7113171219825745,0.30914658308029175,1.1584314107894897,0.8334048986434937,2.9151432826743542e-12,0.030665600284064353,0.7194253288379971,8.494995534364528e-12,0.11494281493987253,True,False,False,Stim8hr,24
CD40LG-4,CD40LG,40,11,2.150961399078369,3.8249542713165283,3.2395050525665283,1.7174245119094849,0.8333219885826111,7.503728944081313e-15,0.019383566165172096,0.48521607954465396,2.6141369213299494e-14,0.0865509412475571,True,False,False,Stim8hr,24
FXYD2-1,FXYD2,68,13,0.009556137025356293,1.0188093185424805,0.4010993242263794,1.240269422531128,0.8329496383666992,2.559965067644388e-10,0.02627202993726972,0.6715876592900476,6.564578857149104e-10,0.10454251556447894,True,False,False,Stim8hr,24
FLT3LG-2,FLT3LG,129,10,0.3021823763847351,1.200334906578064,0.8983863592147827,1.372334361076355,0.8324500322341919,1.5920642798906016e-24,0.033697114305574385,0.6065941769331501,1.0010589545263345e-23,0.12207134703417848,True,False,False,Stim8hr,24
TRAF3IP2-4,TRAF3IP2,369,35,0.19157524406909943,2.0205271244049072,0.9214103817939758,2.430304765701294,0.8313937187194824,2.0079626873900577e-119,0.00046516602549598405,0.3420944280128479,3.5294507782442516e-117,0.009666252244097867,True,True,False,Stim8hr,24
VASP-4,VASP,76,11,1.5905067920684814,3.7250871658325195,2.4701781272888184,3.08967661857605,0.8307993412017822,6.2257626002558205e-40,0.027064350645232334,0.2688952417242539,1.0115556292096327e-38,0.10592936343322772,True,False,False,Stim8hr,24
MAGEF1-4,MAGEF1,65,11,0.2940917909145355,1.316725730895996,0.7586583495140076,1.6334470510482788,0.8301817774772644,3.4189633493145047e-16,0.020913797630434345,0.508239172457098,1.3025745095368658e-15,0.0914404423564193,True,False,False,Stim8hr,24
CLTCL1-2,CLTCL1,70,10,0.009308329783380032,0.5540238618850708,0.5892083048820496,1.1186028718948364,0.8296283483505249,2.6758714708252267e-09,0.04779119376738768,0.7416647759407157,6.4591728949320545e-09,0.15125212956339765,True,False,False,Stim8hr,24
SLC35B2-3,SLC35B2,86,17,0.6043874025344849,1.2685656547546387,1.1220122575759888,1.0619608163833618,0.8293911814689636,8.565866881470618e-14,0.00387379178631138,0.7809997964836003,2.7420701349873243e-13,0.03191869397784235,True,True,False,Stim8hr,24
NTF4-2,NTF4,125,10,2.970374953292776e-05,0.5353648066520691,0.4473479390144348,1.1914777755737305,0.8284105658531189,1.6021690066580623e-16,0.048486706683068766,0.6952799144358489,6.214230239465122e-16,0.1515264856627201,True,False,False,Stim8hr,24
S100B-3,S100B,61,13,0.0002730601991061121,1.8474078178405762,0.4555315673351288,1.773135781288147,0.8279626369476318,2.3459890294579856e-14,0.028203403060449217,0.4669482425909503,7.86129946006415e-14,0.10905818841187306,True,False,False,Stim8hr,24
GNGT2-1,GNGT2,151,13,0.20855866372585297,1.9924530982971191,0.9435767531394958,2.838033676147461,0.8273881077766418,8.004348225026731e-60,0.023920625357561186,0.29153569061935675,3.401408196283338e-58,0.09863454472861262,True,False,False,Stim8hr,24
AOX1-1,AOX1,101,11,0.0002381108934059739,1.408775806427002,0.6265831589698792,2.0987629890441895,0.8262738585472107,1.7922899312246246e-27,0.04068101057899236,0.3936956497043571,1.3806344948298054e-26,0.13885882852865442,True,False,False,Stim8hr,24
GIT1-2,GIT1,26,10,0.7611193060874939,1.9727879762649536,1.4325110912322998,1.6975420713424683,0.8262127041816711,4.490450090425114e-08,0.031084132153764786,0.4867111797283921,1.0031525418644665e-07,0.11548152043766052,True,False,False,Stim8hr,24
SPATC1L-1,SPATC1L,99,10,0.08171525597572327,0.2452622950077057,0.6655237078666687,0.38631919026374817,0.8259621858596802,0.0019695663167039494,0.04495630520315274,2.138030433579493,0.0030748134625329725,0.14556913208760586,True,False,False,Stim8hr,24
B3GNT7-1,B3GNT7,90,11,0.0004138271324336529,0.5173893570899963,0.30904924869537354,1.1703487634658813,0.8240582346916199,4.280786811594801e-12,0.04091898026953051,0.7041133894577257,1.2372049776111432e-11,0.1391931158375993,True,False,False,Stim8hr,24
SEPT10-2,SEPTIN10,47,11,0.002356373006477952,1.0714737176895142,0.42294028401374817,2.1564831733703613,0.8230295777320862,4.5906708760307614e-14,0.04098483888359463,0.3816536052288206,1.4980695592920637e-13,0.1391931158375993,True,False,False,Stim8hr,24
CNPY4-2,CNPY4,154,19,0.10678748041391373,1.2236207723617554,0.6449891328811646,1.6058136224746704,0.8224107623100281,3.6414510014736004e-31,0.008241224198553302,0.5121458373498139,3.468347542536555e-30,0.05116982568928506,True,False,False,Stim8hr,24
WBSCR22-1,BUD23,65,10,0.6689510941505432,1.496570348739624,1.2858035564422607,1.0883153676986694,0.82094407081604,4.441198474549283e-10,0.03080174097864328,0.7543255339231242,1.1239603731074658e-09,0.11506996940692545,True,False,False,Stim8hr,24
PAOX-1,PAOX,105,15,0.036500733345746994,0.4421824812889099,0.38965409994125366,0.9887293577194214,0.82065349817276,1.3471656587658925e-11,0.017572948984095733,0.830008223954894,3.753234583896042e-11,0.08205048525660501,True,False,False,Stim8hr,24
NOL11-4,NOL11,85,12,0.9215002059936523,1.5779521465301514,1.3937784433364868,1.1620970964431763,0.8199203014373779,3.45786269293042e-18,0.007923674781588987,0.7055523191193775,1.507503385970906e-17,0.050211900204986455,True,False,False,Stim8hr,24
TAB3-4,TAB3,360,30,0.5323869585990906,1.8602603673934937,1.1242510080337524,2.2885937690734863,0.8187977075576782,4.038008837804582e-135,0.0004505492521043573,0.3577732835867853,9.759362609868949e-133,0.009572906019430782,True,True,False,Stim8hr,24
TPK1-1,TPK1,174,15,0.08504915237426758,1.5426744222640991,0.641904890537262,2.7772719860076904,0.8187882900238037,3.2703283548539507e-65,0.018042939678317594,0.2948174662578894,1.7811774293267927e-63,0.08271320953139047,True,False,False,Stim8hr,24
KAT2B-1,KAT2B,58,11,0.40334194898605347,1.5248819589614868,0.9749467968940735,1.6169400215148926,0.8168167471885681,8.78135861614639e-15,0.024574687613108832,0.5051620569223724,3.037344702024874e-14,0.09990410081798544,True,False,False,Stim8hr,24
PIGS-2,PIGS,62,11,0.6309079527854919,1.5548136234283447,1.2914267778396606,1.4089725017547607,0.8164602518081665,4.002079065371241e-14,0.02773657940549686,0.5794720981362884,1.312641199812603e-13,0.10803269136105985,True,False,False,Stim8hr,24
USP44-1,USP44,144,22,0.04255842790007591,0.7705395817756653,0.4284420907497406,1.5150446891784668,0.8161323070526123,4.200833189040675e-27,0.005297213946883864,0.5386853027386012,3.136027401934419e-26,0.03824047749793003,True,True,False,Stim8hr,24
SMPD3-4,SMPD3,72,14,0.0049667502753436565,0.5282644629478455,0.3750064969062805,0.960284411907196,0.8151437044143677,9.059285131549237e-08,0.02462335581371577,0.8488565411526694,1.9837064328256455e-07,0.099920098377117,True,False,False,Stim8hr,24
RBP1-1,RBP1,57,16,0.00012163630162831396,3.2846312522888184,0.6464205980300903,4.913109302520752,0.8147480487823486,1.9297542948210346e-33,0.017952333323249605,0.16583145185968662,2.090296879012028e-32,0.08262267442897164,True,False,False,Stim8hr,24
XCL2-4,XCL2,77,14,0.1724996119737625,1.1138455867767334,0.8430519700050354,1.1939295530319214,0.8144253492355347,1.0156489552272294e-12,0.015728919380736613,0.6821385291681107,3.0304895909442097e-12,0.07687099258021361,True,False,False,Stim8hr,24
SEZ6L-3,SEZ6L,92,11,0.00011043152335332707,0.7490580081939697,0.3010110557079315,1.4689401388168335,0.8137617707252502,1.521186104341815e-16,0.04269518744031224,0.5539788512966223,5.929865590211491e-16,0.142518269107909,True,False,False,Stim8hr,24
EPB41L4B-1,EPB41L4B,68,14,0.007119646295905113,0.8150560855865479,0.2542359232902527,1.526281476020813,0.8136223554611206,2.4353396355150573e-13,0.02394887931426097,0.533074906721875,7.600854213508254e-13,0.09863454472861262,True,False,False,Stim8hr,24
XPNPEP1-3,XPNPEP1,126,11,0.7671861052513123,1.5892051458358765,1.2618811130523682,1.327134609222412,0.8133339285850525,6.747624996704188e-27,0.01550191019561209,0.6128496106823684,4.9512458941660525e-26,0.07605942164417365,True,False,False,Stim8hr,24
KIAA1549-1,KIAA1549,38,12,0.03381645679473877,0.7003495097160339,0.34243687987327576,1.1126693487167358,0.8125331997871399,8.67818124352205e-06,0.030942932916828498,0.7302557590215376,1.6306378459037786e-05,0.11526697683888677,True,False,False,Stim8hr,24
RILPL2-4,RILPL2,89,12,0.9984560608863831,2.668370008468628,1.7863287925720215,2.3183071613311768,0.8118411898612976,2.2352314718365306e-35,0.022133390142335903,0.3501870689969903,2.7353291460733746e-34,0.09457228244372788,True,False,False,Stim8hr,24
LIN7B-4,LIN7B,29,11,0.08430588245391846,1.188174843788147,0.4740402102470398,2.1856207847595215,0.8114032745361328,6.349020835710808e-10,0.034182833393020216,0.37124613757066255,1.5921960811733913e-09,0.12328899450542641,True,False,False,Stim8hr,24
TAT-3,TAT,389,22,4.2375137127237394e-05,1.3690414428710938,0.6610986590385437,1.6469285488128662,0.8112226128578186,1.2315564815926426e-74,0.0068467957837884084,0.49256697471336053,1.0132827477273934e-72,0.04486436596298304,True,True,False,Stim8hr,24
HRH3-3,HRH3,102,11,1.2584742762555834e-05,1.7562110424041748,0.5093767046928406,2.22360897064209,0.8097831606864929,1.6381061209144656e-29,0.04337427123467634,0.36417516360921126,1.413963475351839e-28,0.1440223826247111,True,False,False,Stim8hr,24
BCCIP-1,BCCIP,89,21,1.6486421823501587,2.0390725135803223,2.112229585647583,0.6107505559921265,0.8091979026794434,4.856726608204824e-07,0.0006900010271567055,1.3249237266185563,1.0097291287058093e-06,0.011905425724904438,True,True,True,Stim8hr,24
IFT81-3,IFT81,104,10,0.038745708763599396,0.6015337705612183,0.3474652171134949,1.1576982736587524,0.8091264367103577,4.556316099501809e-14,0.04473459201483496,0.6989095994358016,1.4893723040383342e-13,0.14536824250959646,True,False,False,Stim8hr,24
ERCC6-4,ERCC6,109,11,0.12580983340740204,0.8143515586853027,0.5611486434936523,1.3097096681594849,0.8089933395385742,1.4888781639246114e-18,0.03338179049766277,0.6176890643828263,6.6560599536375405e-18,0.12132706738411846,True,False,False,Stim8hr,24
DNAH5-3,DNAH5,122,15,2.6186886316281743e-05,0.16037403047084808,0.1916855424642563,0.6432324647903442,0.8088305592536926,8.836087635462583e-07,0.02191526530266363,1.257446729647459,1.806935530742137e-06,0.09406845663750328,True,False,False,Stim8hr,24
PTAR1-1,PTAR1,57,14,0.5420406460762024,0.5992714166641235,0.9527725577354431,0.10515992343425751,0.8086874485015869,0.2228697857691293,0.003922485262478584,7.690072625501211,0.2633172812616019,0.03217092578773407,False,True,True,Stim8hr,24
CTBS-4,CTBS,79,12,0.4240153431892395,0.8536185622215271,0.8024768829345703,0.7601089477539062,0.8085854649543762,2.4416600141689452e-08,0.006683113726298082,1.0637757486525008,5.5704420500243724e-08,0.04418800019730655,True,True,True,Stim8hr,24
TIMD4-3,TIMD4,109,13,0.34730833768844604,1.6219106912612915,1.1922404766082764,1.3009401559829712,0.8085218071937561,2.1220182143725624e-18,0.023231760298690344,0.6214903917566054,9.410372058461812e-18,0.09730068377591017,True,False,False,Stim8hr,24
TRAF3IP3-4,TRAF3IP3,124,15,1.6648123264312744,2.8716540336608887,2.2578656673431396,1.6738375425338745,0.8081722855567932,1.2042914700921382e-39,0.0032216755002448714,0.482826000146569,1.9164588949984768e-38,0.028335759864944427,True,True,False,Stim8hr,24
HS3ST2-3,HS3ST2,68,10,2.4115868654916994e-05,0.46204674243927,0.4010295867919922,0.8244708180427551,0.8081576228141785,4.500411275426104e-06,0.05210291004725557,0.9802137384712982,8.64964731713357e-06,0.15951023801903558,True,False,False,Stim8hr,24
C1QL2-3,C1QL2,118,10,0.0001795863499864936,1.7227126359939575,0.42889323830604553,1.8255202770233154,0.8078334927558899,4.090100579364751e-27,0.05212618292056907,0.4425223334539671,3.0651974690704445e-26,0.15951023801903558,True,False,False,Stim8hr,24
FZD2-1,FZD2,60,12,0.0005036913207732141,1.2110956907272339,0.4577887952327728,1.7210265398025513,0.8076053261756897,1.1135396760840813e-13,0.03671398769456605,0.46925791526047245,3.535351336138869e-13,0.12928519689092066,True,False,False,Stim8hr,24
KLHL28-4,KLHL28,55,11,0.18770259618759155,0.9282230734825134,0.6099048852920532,1.1707773208618164,0.8070563077926636,6.669199589488477e-09,0.02825939308398615,0.6893337387152191,1.5696771036245855e-08,0.10905818841187306,True,False,False,Stim8hr,24
TPM1-3,TPM1,14,13,0.06631835550069809,0.9520116448402405,0.9601218700408936,0.9533823728561401,0.8062689304351807,0.01191235836772959,0.0300295687434114,0.8456931378118127,0.017010742174302186,0.11323213258981249,True,False,False,Stim8hr,24
GRIN2A-4,GRIN2A,103,13,1.0043427209893707e-05,0.6988875269889832,0.33532461524009705,1.3979336023330688,0.8057470321655273,3.4567573266280606e-17,0.03119956797563116,0.5763843367244217,1.4100506943112563e-16,0.11571230277307491,True,False,False,Stim8hr,24
STX8-3,STX8,85,13,0.25339457392692566,0.9650177955627441,0.6818590760231018,1.2657991647720337,0.8048685789108276,3.3841112014586238e-15,0.016795698150114117,0.6358580423425875,1.2173356293991161e-14,0.07970054002977615,True,False,False,Stim8hr,24
RAB9B-4,RAB9B,87,12,0.019736217334866524,1.0233020782470703,0.5385883450508118,1.5864332914352417,0.8043431639671326,1.70325753169845e-17,0.0361846376456028,0.5070135430903909,7.074647556474658e-17,0.12803974038228622,True,False,False,Stim8hr,24
TMEM45B-3,TMEM45B,196,11,0.0009274128242395818,2.5504891872406006,0.5287067890167236,3.979964017868042,0.804203450679779,3.9245546245697516e-95,0.04426198727686568,0.20206299531083924,5.05875091107041e-93,0.14468352280130164,True,False,False,Stim8hr,24
WISP3-1,CCN6,122,14,0.0010260342387482524,0.9766508340835571,0.35901930928230286,1.2398576736450195,0.8031206727027893,4.46968502268306e-17,0.026566447542534913,0.6477523104258568,1.8117685516473158e-16,0.10509864498521658,True,False,False,Stim8hr,24
SRSF9-4,SRSF9,65,11,0.9503688812255859,1.6624937057495117,1.500935673713684,1.160612940788269,0.8026307225227356,6.466183861424788e-13,0.021032025157080508,0.6915576195261119,1.958084024442416e-12,0.09175560928111096,True,False,False,Stim8hr,24
ANKRD33-3,ANKRD33,105,10,0.0,0.34155941009521484,0.32676228880882263,0.9809823632240295,0.8025341033935547,7.660456029200274e-11,0.05315415025686891,0.8180922853250908,2.0275827149156373e-10,0.1619344123404516,True,False,False,Stim8hr,24
IGFBPL1-4,IGFBPL1,111,14,0.000458403374068439,1.0686458349227905,0.4841819405555725,1.3918615579605103,0.8024755120277405,2.7518719521093786e-18,0.02673544412382702,0.5765483696551006,1.2106358178392455e-17,0.10554276939347117,True,False,False,Stim8hr,24
C1orf61-1,MIR9-1HG,65,12,0.003931526094675064,0.9477502703666687,0.5381569266319275,1.0898261070251465,0.8023994565010071,2.122598260503548e-08,0.037314014199114245,0.7362637500869601,4.8597320742257074e-08,0.1309105767171151,True,False,False,Stim8hr,24
AKAP13-4,AKAP13,113,12,0.5273177027702332,0.7818542718887329,0.9014067649841309,0.4496690332889557,0.8023943305015564,8.152324530549675e-06,0.0035140905040937946,1.7844109135839485,1.5333190155464783e-05,0.030343128507951442,True,True,True,Stim8hr,24
CTSC-1,CTSC,44,14,1.1374728679656982,2.660003423690796,1.733026146888733,1.671055793762207,0.8023326396942139,6.827618099597091e-12,0.00877700325621855,0.4801351592742729,1.942781397435022e-11,0.05319651653047845,True,False,False,Stim8hr,24
UGT2A1-3,UGT2A1,47,11,5.432603938970715e-05,1.7336350679397583,0.7861589193344116,1.8245632648468018,0.8017509579658508,8.676430327335709e-12,0.044740516732197325,0.4394207498379999,2.4562046907618727e-11,0.14536824250959646,True,False,False,Stim8hr,24
CACNG7-3,CACNG7,112,17,0.0001304051256738603,1.075236201286316,0.2641102373600006,1.7810893058776855,0.801548957824707,4.398746785450213e-25,0.01637005706173564,0.4500329967618999,2.8397251785201958e-24,0.07817115632258106,True,False,False,Stim8hr,24
NUDT16L1-3,NUDT16L1,122,15,0.3172421455383301,1.9721786975860596,0.913534939289093,2.11224365234375,0.8002353310585022,3.687660454023097e-36,0.015318095971202194,0.3788555975398763,4.7533943252357714e-35,0.07572946269684536,True,False,False,Stim8hr,24
WDR76-4,WDR76,76,14,0.7003660798072815,1.8491889238357544,1.3218908309936523,1.6476298570632935,0.7998564839363098,1.4535077485371048e-22,0.009777458931606248,0.48545884289931474,8.1696431156874765e-22,0.05752364527628044,True,False,False,Stim8hr,24
UPK1A-1,UPK1A,42,11,0.0031324804294854403,2.0159969329833984,0.7724092602729797,1.8376355171203613,0.7992306351661682,8.706221509605457e-11,0.04509517232191317,0.4349233717568707,2.2996556405494742e-10,0.14576918095852617,True,False,False,Stim8hr,24
TOX2-3,TOX2,119,27,0.015596585348248482,1.2671786546707153,0.3525444567203522,2.052570343017578,0.7990483641624451,1.3802556002390948e-31,0.0030001342681242505,0.38929158597689145,1.3546823365798425e-30,0.0268874592465543,True,True,False,Stim8hr,24
CTNND1-4,CTNND1,55,16,0.07376809418201447,0.8797850608825684,0.5408670902252197,1.1525332927703857,0.7989848852157593,3.7679243106550303e-08,0.01623925126576068,0.693242347294984,8.471257737966862e-08,0.07799962541037903,True,False,False,Stim8hr,24
TEAD2-2,TEAD2,73,11,4.0249982703244314e-05,1.047238826751709,0.16461342573165894,1.4967572689056396,0.7966262698173523,8.693804901786746e-14,0.045615647833936665,0.5322347760501,2.7807232055590857e-13,0.14645023778263877,True,False,False,Stim8hr,24
HDAC5-1,HDAC5,67,11,0.13189052045345306,0.6363446712493896,0.42715176939964294,0.9519147276878357,0.795890748500824,4.429958188263159e-08,0.023108565855004624,0.8360945842638784,9.902108852031005e-08,0.09721534601070911,True,False,False,Stim8hr,24
PPEF1-1,PPEF1,129,17,0.0010665309382602572,0.5082576274871826,0.3061528205871582,0.9023720026016235,0.795327365398407,1.7398149289343698e-11,0.016883226064652607,0.881374159554378,4.815937244229927e-11,0.0799474454547544,True,False,False,Stim8hr,24
TTC16-4,TTC16,223,11,0.0004899846971966326,0.4558679461479187,0.3436093330383301,1.0990314483642578,0.7949365377426147,5.716010818420202e-25,0.04585813572133433,0.7233064521727359,3.67783924040448e-24,0.14685475808474718,True,False,False,Stim8hr,24
SPAST-4,SPAST,107,12,0.4533640444278717,0.7923053503036499,0.8675611019134521,0.560548722743988,0.7944701910018921,1.1383716669389427e-06,0.012253710151406975,1.4173080033307648,2.3023447887305916e-06,0.06532240888603319,True,False,False,Stim8hr,24
TRIM61-1,TRIM61,113,13,0.02660437300801277,0.4251902401447296,0.344072550535202,0.9589575529098511,0.7933434247970581,1.3171721718306856e-11,0.0296930204475773,0.8272977488834046,3.6776207858983835e-11,0.11240156244288545,True,False,False,Stim8hr,24
OBP2B-2,OBP2B,63,13,1.472875192121137e-05,0.9589676856994629,0.613918662071228,1.126819372177124,0.7907465696334839,1.5641547605130115e-08,0.033374959890191486,0.7017509541974638,3.5982072926257084e-08,0.12132706738411846,True,False,False,Stim8hr,24
STAG2-4,STAG2,77,12,1.1356465816497803,1.4678875207901,1.5792779922485352,0.5784430503845215,0.7901425361633301,5.268993932723623e-07,0.006626430956229466,1.365981552787402,1.0919185175692523e-06,0.04396695066045586,True,True,True,Stim8hr,24
NBEAL2-3,NBEAL2,106,15,0.5025835037231445,2.000417709350586,1.0631922483444214,1.9913558959960938,0.7894025444984436,2.011198240554838e-31,0.012191487034872193,0.39641459675071167,1.95901853809208e-30,0.06532240888603319,True,False,False,Stim8hr,24
TCEAL3-1,TCEAL3,137,12,0.00949726440012455,0.8889815211296082,0.5386343598365784,1.5684653520584106,0.7893632054328918,4.6963504367514227e-26,0.039151295251030394,0.503271050518874,3.248799130396735e-25,0.13462397595873185,True,False,False,Stim8hr,24
CAMLG-3,CAMLG,67,10,0.5975255966186523,0.7793174386024475,1.0747169256210327,0.32034334540367126,0.7890555262565613,0.008338719543348668,0.025941994645542688,2.4631556658754876,0.012131613421418096,0.10349432884962284,True,False,False,Stim8hr,24
LRRN4CL-1,LRRN4CL,96,14,0.0008189619984477758,1.0169812440872192,0.4395082890987396,1.4752397537231445,0.788536787033081,2.7491343227211447e-17,0.028560425144987495,0.5345143289712787,1.1321514830631167e-16,0.1097079535133755,True,False,False,Stim8hr,24
HBEGF-3,HBEGF,50,10,0.23961390554904938,2.033470392227173,0.9744393229484558,1.952266812324524,0.7883919477462769,3.020548844301563e-14,0.04726151845404091,0.40383411876348746,9.991841215495418e-14,0.1503305826687828,True,False,False,Stim8hr,24
ECHS1-3,ECHS1,54,11,0.8474195599555969,1.6420608758926392,1.4285016059875488,0.9671109318733215,0.7880563139915466,2.0433373871277824e-07,0.025664062422803953,0.8148561742188758,4.3582932575968754e-07,0.10273820108349672,True,False,False,Stim8hr,24
MYO5A-4,MYO5A,103,10,0.2604787349700928,1.1222347021102905,0.8077086210250854,1.5386810302734375,0.7867448925971985,4.595574387890817e-23,0.043616896479699664,0.5113112315795476,2.6524009191005652e-22,0.14432071579559128,True,False,False,Stim8hr,24
PHLPP2-4,PHLPP2,116,11,0.3146727383136749,1.2544362545013428,0.9406284093856812,1.4580036401748657,0.7865607142448425,7.708497698311174e-24,0.03654680715066141,0.5394778809677775,4.6795542542181016e-23,0.12916548828348337,True,False,False,Stim8hr,24
BRPF3-1,BRPF3,22,11,0.26431024074554443,0.9003767371177673,0.7938947677612305,0.8489851951599121,0.7860600352287292,0.003071197635767404,0.03458250440370934,0.9258819113808805,0.004703493567331703,0.12389448590360339,True,False,False,Stim8hr,24
CYSLTR1-2,CYSLTR1,80,12,0.12220970541238785,1.0127662420272827,0.5941975712776184,1.3665121793746948,0.7858445048332214,2.0548623676298412e-14,0.03130641092567144,0.5750731802425776,6.933815685536297e-14,0.11596556916835396,True,False,False,Stim8hr,24
LFNG-2,LFNG,47,10,0.186595618724823,0.8335045576095581,0.6721017956733704,0.975466787815094,0.7850528955459595,2.7979106281000858e-06,0.04269241461216884,0.804797154913255,5.467165436514923e-06,0.142518269107909,True,False,False,Stim8hr,24
KCNJ14-1,KCNJ14,57,13,0.04070466384291649,0.6969771385192871,0.6103168725967407,1.2079061269760132,0.7830269932746887,7.393647651158937e-09,0.03284766985558774,0.6482515286473401,1.732802149517067e-08,0.11991301871991587,True,False,False,Stim8hr,24
JHDM1D-1,KDM7A,172,13,0.1328730434179306,0.8827232718467712,0.6075307726860046,1.4689122438430786,0.7828441858291626,8.877258145794066e-34,0.026387270319346123,0.5329414259500124,9.92149053462013e-33,0.10471842219073142,True,False,False,Stim8hr,24
DPH2-2,DPH2,65,10,0.43765079975128174,1.388322114944458,0.934733510017395,1.5749895572662354,0.7813337445259094,1.5804627436718525e-16,0.0340488972780865,0.4960882063764904,6.142361235958848e-16,0.1231098752444772,True,False,False,Stim8hr,24
LAMC3-2,LAMC3,26,10,0.00119537313003093,0.690170168876648,0.305530846118927,1.3379206657409668,0.778741717338562,2.91132317538314e-05,0.05759011694453118,0.5820537325412187,5.255876152757518e-05,0.1716357937621883,True,False,False,Stim8hr,24
SLC35F2-2,SLC35F2,96,12,0.6439096331596375,1.9893840551376343,1.2417206764221191,2.0158071517944336,0.7779076099395752,2.8252364687284016e-31,0.024530633047151838,0.3859037851151071,2.7042548080625567e-30,0.099865289757081,True,False,False,Stim8hr,24
IDI2-1,IDI2,203,26,0.000316581514198333,2.2055513858795166,0.8164185285568237,1.7073144912719727,0.7777869701385498,9.717824609201912e-42,0.004801945027420918,0.4555616285779241,1.7894679887516091e-40,0.03648768195958443,True,True,False,Stim8hr,24
HCAR1-3,HCAR1,203,16,0.011517947539687157,0.42179563641548157,0.39022576808929443,0.9350107312202454,0.7772768139839172,2.3212073334622017e-18,0.02103440329104262,0.8313025594578194,1.0258410009712382e-17,0.09175560928111096,True,False,False,Stim8hr,24
CRYGD-3,CRYGD,63,10,0.00014064433344174176,2.840921640396118,0.5555218458175659,2.2984259128570557,0.7771697640419006,1.6332438500454826e-19,0.05811769672794346,0.3381313096474102,7.739894568781717e-19,0.17260570360409327,True,False,False,Stim8hr,24
ZNF117-4,ZNF117,121,15,0.05463749170303345,1.44382905960083,0.564640462398529,2.150712728500366,0.7757710218429565,2.3610208269223474e-34,0.023625818030202264,0.3607041570744228,2.7253932948384234e-33,0.09852806593542958,True,False,False,Stim8hr,24
CD274-1,CD274,99,10,0.5873426198959351,2.012392044067383,1.2685362100601196,2.1129610538482666,0.7748741507530212,2.3340028354881668e-36,0.03767647371651679,0.36672429401468065,3.0595216829941495e-35,0.1316935523067158,True,False,False,Stim8hr,24
TAF9B-1,TAF9B,103,19,0.109211266040802,1.386301875114441,0.549819827079773,2.106239080429077,0.774723470211029,1.1866154672233965e-29,0.010512541326338259,0.367823139077452,1.035810837867466e-28,0.05987715556658327,True,False,False,Stim8hr,24
FANCB-4,FANCB,64,10,0.1884811669588089,0.9656245708465576,0.5388832092285156,1.4040443897247314,0.774325430393219,5.28620399672392e-13,0.03434039063442001,0.5514964028630381,1.6121254617769243e-12,0.12348869575423332,True,False,False,Stim8hr,24
L1CAM-1,L1CAM,78,13,0.0020871497690677643,0.8481498956680298,0.44735953211784363,1.1736359596252441,0.774288535118103,9.57423214930081e-11,0.03576328676763326,0.6597348426213376,2.520323738689328e-10,0.12692985105944396,True,False,False,Stim8hr,24
ATP2B2-1,ATP2B2,29,10,5.5212043662322685e-05,0.509490430355072,0.3859422206878662,1.26921808719635,0.7741872668266296,2.1875457891438558e-05,0.0587327833086664,0.6099718201595891,3.9883260568690665e-05,0.17345862458171407,True,False,False,Stim8hr,24
ALG9-3,ALG9,180,21,0.30759188532829285,1.4373847246170044,0.8345187306404114,1.846699833869934,0.7728418707847595,5.1784888248536045e-48,0.005707996316476996,0.4184989117398664,1.3003387198512266e-46,0.03992844906438228,True,True,False,Stim8hr,24
KIAA1644-1,SHISAL1,63,11,0.0001689566415734589,0.6434475183486938,0.3058735132217407,1.1066980361938477,0.7728085517883301,2.4263737371176505e-08,0.049945762507560026,0.6983011865153125,5.53883544358557e-08,0.15508610328702135,True,False,False,Stim8hr,24
SLC16A2-4,SLC16A2,53,12,0.005508121568709612,1.107008695602417,0.4627741873264313,1.6359918117523193,0.7719917893409729,1.2652663705818126e-11,0.042120147713562255,0.47187998362539996,3.535249317225339e-11,0.14150194113811718,True,False,False,Stim8hr,24
HPD-1,HPD,158,16,1.5492390957660973e-05,1.3266059160232544,0.8098145723342896,1.0841315984725952,0.7711478471755981,7.45921036006104e-18,0.022751081552260733,0.7113046499724279,3.1943262970493955e-17,0.09624674544815447,True,False,False,Stim8hr,24
OR51E2-4,OR51E2,82,10,1.1252930562477559e-05,0.7813875079154968,0.414358913898468,1.4808096885681152,0.7704543471336365,4.438489231519826e-15,0.05951129612810427,0.5202926163176549,1.5775402443278646e-14,0.175153091016724,True,False,False,Stim8hr,24
SLC25A39-2,SLC25A39,32,12,1.3801829814910889,2.263291597366333,1.95803701877594,1.1576589345932007,0.7694736123085022,2.3284519998452833e-06,0.02224511696548273,0.6646807529532814,4.5869199609789664e-06,0.09463558196114251,True,False,False,Stim8hr,24
CYP7B1-2,CYP7B1,203,17,0.00982429925352335,1.139238953590393,0.36390382051467896,1.5702377557754517,0.769243597984314,9.874297544467807e-38,0.018751006547103648,0.489889887792456,1.3834749494368483e-36,0.0847267703239498,True,False,False,Stim8hr,24
SAA4-2,SAA4,77,10,1.9063110812567174e-05,0.7056407928466797,0.5512818694114685,0.9666464924812317,0.7686587572097778,3.154237379420289e-08,0.05988717282344779,0.795180826898518,7.124670529333094e-08,0.17598546046486366,True,False,False,Stim8hr,24
CCDC127-2,CCDC127,146,11,0.34183743596076965,0.6314253211021423,0.7771045565605164,0.5862047672271729,0.7684484720230103,5.830794896976223e-10,0.02755027933479127,1.310887449206315,1.4660392631083911e-09,0.10752854122206458,True,False,False,Stim8hr,24
MYO15B-3,MYO15B,25,10,0.0031955416779965162,0.7095107436180115,0.48225799202919006,1.2538830041885376,0.767075777053833,8.583937685800626e-05,0.05996006799919617,0.6117602475601409,0.0001493211292442241,0.17606287047590055,True,False,False,Stim8hr,24
PDCD1-2,PDCD1,124,11,0.18317529559135437,1.1775972843170166,0.6572294235229492,1.4591131210327148,0.7670634388923645,2.9991619708419695e-24,0.03532561529388478,0.525705257416547,1.8556414945993433e-23,0.12592033651411144,True,False,False,Stim8hr,24
TRAPPC5-2,TRAPPC5,53,11,0.9974901676177979,1.6466706991195679,1.5102802515029907,1.0540457963943481,0.7670018076896667,5.938270624717219e-10,0.02193769930044365,0.7276740823913023,1.4911228899858107e-09,0.09406845663750328,True,False,False,Stim8hr,24
PPARGC1B-1,PPARGC1B,82,10,0.19008749723434448,0.7968207597732544,0.5952144861221313,1.0534595251083374,0.7661105394363403,3.5284003767508705e-11,0.04150685318832589,0.7272330081761365,9.554848919394689e-11,0.14028500335857777,True,False,False,Stim8hr,24
TOMM5-2,TOMM5,221,13,1.4868032932281494,2.4190988540649414,2.0728747844696045,1.483848214149475,0.7660191059112549,4.841974843994077e-54,0.01927364277524509,0.5162381829938909,1.4743241513169368e-52,0.08643126560678847,True,False,False,Stim8hr,24
DPY19L4-3,DPY19L4,105,11,0.20759768784046173,1.0685765743255615,0.7148860692977905,1.3445807695388794,0.7656899094581604,1.261280909234158e-18,0.03996806837152757,0.5694636773072039,5.691217358236277e-18,0.13693795639202738,True,False,False,Stim8hr,24
UFC1-1,UFC1,94,10,0.9897009134292603,2.253990411758423,1.617445707321167,1.5715593099594116,0.7650414705276489,3.905182179113003e-22,0.039083200759077716,0.4868040713954394,2.1120754526755223e-21,0.13461991372571214,True,False,False,Stim8hr,24
C3orf20-4,C3orf20,85,12,0.0001594777131685987,0.4422101080417633,0.20892226696014404,0.8639943599700928,0.7650352716445923,1.149597890549648e-07,0.0438103544855713,0.8854632704674994,2.497469125143533e-07,0.14432071579559128,True,False,False,Stim8hr,24
NIPA1-3,NIPA1,35,14,0.6028386950492859,1.2164554595947266,1.0992841720581055,0.8765168190002441,0.7639975547790527,2.8695831058123643e-05,0.009870934998324985,0.8716290871069297,5.185363490736642e-05,0.057789281987097665,True,False,False,Stim8hr,24
SLC25A32-3,SLC25A32,29,10,1.0570800304412842,1.2095189094543457,1.4097506999969482,0.2699626684188843,0.7624374032020569,0.0637960939343737,0.0008190437865298995,2.8242327269451573,0.08348544678315503,0.012747422224922138,False,True,True,Stim8hr,24
GJA5-3,GJA5,96,10,0.00031856796704232693,1.401789665222168,0.3196772038936615,1.7100943326950073,0.761212170124054,1.0038759685282372e-20,0.06141971702026295,0.4451287601920934,5.0350043713342324e-20,0.17827273198053298,True,False,False,Stim8hr,24
FXYD4-1,FXYD4,99,12,0.0013682461576536298,1.6366804838180542,0.8978848457336426,1.280624270439148,0.7609230279922485,8.454802526232157e-15,0.04459147372962705,0.5941813266832082,2.934894198289026e-14,0.14525835800641645,True,False,False,Stim8hr,24
EPG5-4,EPG5,90,10,0.1626274585723877,0.7858472466468811,0.6489285230636597,1.098006010055542,0.7597097754478455,1.9379211908390706e-12,0.051469920134983194,0.6918994691198602,5.711845461108754e-12,0.15838831403621356,True,False,False,Stim8hr,24
ABAT-3,ABAT,57,10,0.09070559591054916,0.8562889099121094,0.43353137373924255,1.0735158920288086,0.7590159773826599,9.958258443309238e-08,0.04829245519122706,0.7070374859083047,2.1731707336499334e-07,0.15138222653089833,True,False,False,Stim8hr,24
WDR41-2,WDR41,78,10,0.41464826464653015,1.6004194021224976,0.791675865650177,2.0048277378082275,0.7584448456764221,1.659049274543912e-25,0.021733950655402352,0.37830923394225874,1.1073380416599164e-24,0.09351923351079673,True,False,False,Stim8hr,24
PMP22-3,PMP22,57,10,0.003269065171480179,0.8403604030609131,0.48131197690963745,1.1028029918670654,0.7581622004508972,1.1251093896613848e-07,0.061814087783929404,0.6874865284571952,2.4484284496783955e-07,0.17900526799297167,True,False,False,Stim8hr,24
ZFP36-2,ZFP36,130,19,0.1184876412153244,0.7633844017982483,0.5768195390701294,1.0107003450393677,0.7580991387367249,7.004635552125667e-15,0.010878492840475849,0.7500730977856708,2.4513054914090457e-14,0.06140665660101442,True,False,False,Stim8hr,24
TRAF3IP2-1,TRAF3IP2,263,13,0.19157524406909943,2.219099998474121,0.6886107921600342,3.6681888103485107,0.7574500441551208,2.2158782345824333e-130,0.02944267272818426,0.206491563907027,4.760445073961261e-128,0.11202143917204617,True,False,False,Stim8hr,24
GGT5-1,GGT5,123,12,0.0003269892476964742,0.4621894955635071,0.25192534923553467,1.0093634128570557,0.7573233842849731,6.299174004405186e-13,0.04520425109643447,0.7502980340265454,1.9090051626202867e-12,0.14588981696546638,True,False,False,Stim8hr,24
PIK3R6-4,PIK3R6,213,21,0.013573607429862022,1.2294803857803345,0.43883809447288513,1.9806782007217407,0.756367027759552,9.929101540152493e-53,0.011312651137428246,0.3818727481748115,2.886904936524037e-51,0.062733792671193,True,False,False,Stim8hr,24
SLC16A3-3,SLC16A3,97,20,0.3316262662410736,3.010984182357788,0.8515094518661499,3.2856860160827637,0.7561807632446289,2.7247917533076494e-44,0.0065057571642687705,0.23014395153501524,5.8537609500225996e-43,0.043318263371944526,True,True,False,Stim8hr,24
KCNT2-4,KCNT2,151,16,0.0,0.5820137858390808,0.35170215368270874,1.157494068145752,0.7550647258758545,8.256083508968065e-19,0.02480243341230848,0.6523270802462346,3.764890911459848e-18,0.10041023055263489,True,False,False,Stim8hr,24
CCDC3-3,CCDC3,157,12,0.0026604614686220884,0.5988797545433044,0.20866639912128448,1.167026400566101,0.7541604042053223,9.023112974383675e-20,0.044835921936634944,0.6462239447535156,4.3237147301042962e-19,0.1453886438810098,True,False,False,Stim8hr,24
NFRKB-4,NFRKB,67,11,0.42752307653427124,1.7452691793441772,1.0370639562606812,2.0817933082580566,0.7538399696350098,3.550250256167762e-22,0.03997342777810635,0.3621108621325075,1.9363635741326848e-21,0.13693795639202738,True,False,False,Stim8hr,24
TIE1-3,TIE1,104,11,0.0015455897664651275,0.8850323557853699,0.18883280456066132,1.2053215503692627,0.7535916566848755,2.8929620386738303e-14,0.053148328741765824,0.6252204289004912,9.594411838380534e-14,0.1619344123404516,True,False,False,Stim8hr,24
ATP5G3-2,ATP5MC3,67,10,1.21782386302948,2.3438782691955566,1.7926385402679443,1.1505987644195557,0.7528243660926819,1.9094953258709114e-10,0.037974824293640234,0.6542892182510385,4.959045282164416e-10,0.13207637654490587,True,False,False,Stim8hr,24
SHOC2-1,SHOC2,72,13,0.7030612230300903,2.395443916320801,1.2551954984664917,3.043884754180908,0.7524470686912537,6.418767226112783e-38,0.021475384137416596,0.2471995917906336,9.125504729183136e-37,0.09282274606595378,True,False,False,Stim8hr,24
AIM1-3,CRYBG1,34,10,0.3226584494113922,1.8504198789596558,0.8366104364395142,2.4164984226226807,0.7503570318222046,1.5595205401075075e-13,0.04423703164728161,0.3105141823381888,4.910965739898804e-13,0.14468352280130164,True,False,False,Stim8hr,24
DHX37-3,DHX37,85,12,0.5546534061431885,0.9792764782905579,0.9408561587333679,0.7148042321205139,0.750092089176178,3.3887975311700985e-08,0.011976225068749926,1.0493671630216574,7.641096240836601e-08,0.06470311023361715,True,False,False,Stim8hr,24
STRA6-4,STRA6,108,14,2.3797478206688538e-05,0.26074546575546265,0.3428380489349365,0.8469783067703247,0.7499569654464722,4.8194477767102076e-09,0.034376402668087815,0.8854500280015296,1.1405633141088356e-08,0.12348869575423332,True,False,False,Stim8hr,24
SUCNR1-2,SUCNR1,65,10,0.00013579138612840325,2.285332202911377,0.6954846978187561,2.075655937194824,0.749082624912262,4.598231670885471e-18,0.06412228522127485,0.3608895922917845,1.991193938557012e-17,0.18413855938258275,True,False,False,Stim8hr,24
GRIK1-1,GRIK1,68,14,0.0,0.7660011053085327,0.3334672152996063,1.3930145502090454,0.7487559914588928,7.232642996970674e-12,0.03457381708004049,0.5375076601651644,2.0565169462709997e-11,0.12389448590360339,True,False,False,Stim8hr,24
RSF1-3,RSF1,167,13,0.46121087670326233,1.2199896574020386,0.8569134473800659,1.3465222120285034,0.7485915422439575,1.2493771179235239e-34,0.013351397146815863,0.5559444438099705,1.4596197326315005e-33,0.06951446749090742,True,False,False,Stim8hr,24
SMURF2-4,SMURF2,135,23,0.21292679011821747,1.1322873830795288,0.6468291282653809,1.767351508140564,0.7472978234291077,4.925706197311079e-35,0.004814212929093767,0.42283485768789825,5.878921563272204e-34,0.03648768195958443,True,True,False,Stim8hr,24
PPP1R16A-4,PPP1R16A,72,15,0.1537688821554184,0.8040339350700378,0.5634754300117493,1.1376919746398926,0.7472549080848694,9.697809616164803e-11,0.0207623408204333,0.6568165415084288,2.5493833980767704e-10,0.09098861295814453,True,False,False,Stim8hr,24
ITPK1-1,ITPK1,49,10,0.731073260307312,2.0165655612945557,1.3564484119415283,1.5105217695236206,0.7454831004142761,2.3373911797486976e-11,0.045591577195462064,0.4935268828660325,6.410419639778875e-11,0.14645023778263877,True,False,False,Stim8hr,24
OSTM1-1,OSTM1,94,10,0.33817970752716064,1.4093538522720337,0.7107434272766113,1.7408803701400757,0.7454266548156738,1.2612274635669544e-24,0.030851652294717716,0.42818947677357916,7.96922647322453e-24,0.11506996940692545,True,False,False,Stim8hr,24
PITHD1-1,PITHD1,50,13,0.8138938546180725,2.003251552581787,1.494808316230774,1.3168820142745972,0.7446615695953369,8.381173829052592e-10,0.027617728121092634,0.5654732629980772,2.086928473724815e-09,0.10768066778760034,True,False,False,Stim8hr,24
TONSL-4,TONSL,60,13,0.2538096606731415,1.32271146774292,0.7700512409210205,1.8539824485778809,0.7446603775024414,3.0195036193981313e-17,0.029825050223176816,0.4016544914293239,1.2382206252611424e-16,0.11268565428976496,True,False,False,Stim8hr,24
TCF23-1,TCF23,216,23,2.8640166419791058e-05,1.2226285934448242,0.4262653887271881,1.6043471097946167,0.7441914081573486,6.519470286229625e-41,0.009668805642780956,0.46385935039495135,1.1155217520730071e-39,0.05713659834530871,True,False,False,Stim8hr,24
FGF8-4,FGF8,56,12,0.0006077884463593364,1.4728385210037231,0.6509867310523987,2.3461031913757324,0.7440914511680603,6.8410964975360915e-18,0.04778619237584391,0.3171605809596688,2.939391128441341e-17,0.15125212956339765,True,False,False,Stim8hr,24
TRIM3-4,TRIM3,61,11,0.020651664584875107,1.0907418727874756,0.4431471526622772,1.8193306922912598,0.7437196373939514,5.914840698256187e-15,0.054057496011337726,0.4087874956131879,2.0774467738561922e-14,0.16410423062691737,True,False,False,Stim8hr,24
ATP5I-1,ATP5ME,32,10,0.9644207954406738,1.404883861541748,1.4500550031661987,0.687206506729126,0.7429768443107605,0.0005647294542413431,0.03049633191211414,1.0811551360988747,0.0009194984419163259,0.11453537963417644,True,False,False,Stim8hr,24
AGAP3-4,AGAP3,187,13,0.12878352403640747,1.2880470752716064,0.5453668236732483,2.353727102279663,0.7428295612335205,6.094812904894444e-62,0.03208051385416816,0.3155971482480128,2.8742245735642455e-60,0.11795309250150003,True,False,False,Stim8hr,24
CDH13-1,CDH13,101,11,9.575028525432572e-05,1.6223466396331787,0.7110188603401184,1.7914676666259766,0.7424083948135376,6.025186437091312e-23,0.05613940276365226,0.414413504996034,3.451762363293645e-22,0.16850731845407368,True,False,False,Stim8hr,24
IFITM1-2,IFITM1,78,11,0.07533115148544312,0.47079429030418396,0.4007332921028137,1.0099456310272217,0.7416850924491882,5.519766188679342e-10,0.04526267522173137,0.7343812079218719,1.3896442611733734e-09,0.14593643451712535,True,False,False,Stim8hr,24
STT3B-4,STT3B,54,11,1.6149588823318481,2.4810969829559326,2.146456241607666,1.3472908735275269,0.7415775656700134,8.462524882807651e-13,0.029474160876764015,0.5504212789094218,2.540728549830527e-12,0.11202143917204617,True,False,False,Stim8hr,24
HOXB3-3,HOXB3,73,10,0.040932122617959976,0.4840601980686188,0.37170442938804626,0.8728275895118713,0.7414293885231018,3.558509263839211e-07,0.059342587087005676,0.8494568657456693,7.456333476431332e-07,0.17492881088312975,True,False,False,Stim8hr,24
ARHGAP24-1,ARHGAP24,93,14,0.0002720021002460271,0.9358679056167603,0.34255900979042053,1.6998521089553833,0.7411221265792847,5.402027499273224e-20,0.0357766317370088,0.43599212112324837,2.6112050424611947e-19,0.12692985105944396,True,False,False,Stim8hr,24
GPR56-3,ADGRG1,156,35,0.08165855705738068,2.47663950920105,0.6816995143890381,3.2236623764038086,0.7408035397529602,4.031639893092061e-66,0.0014563187416666355,0.22980183817493058,2.362174464634394e-64,0.01794070840711145,True,True,False,Stim8hr,24
PREPL-3,PREPL,159,19,0.5526297092437744,2.0029163360595703,1.1286541223526,2.0081160068511963,0.740481972694397,1.5532081022573558e-47,0.00915746731861735,0.3687446194184276,3.753909832143247e-46,0.05488675340572237,True,False,False,Stim8hr,24
TYROBP-3,TYROBP,113,10,0.00014197139535099268,1.664037823677063,0.4396812319755554,1.897665023803711,0.7398427724838257,3.0362506543862513e-27,0.06620896300762368,0.38987005778336614,2.30671537927537e-26,0.18828413477560793,True,False,False,Stim8hr,24
PPP2R5B-1,PPP2R5B,51,10,0.13952261209487915,1.2639652490615845,0.6042941212654114,1.9106204509735107,0.7392672896385193,2.1705009089199736e-14,0.0558644013580954,0.38692524685467666,7.304897314876882e-14,0.16781506428619286,True,False,False,Stim8hr,24
THSD7A-3,THSD7A,43,10,0.0,0.5905464291572571,0.39212971925735474,1.0297983884811401,0.7390395402908325,1.1014629605364412e-05,0.06640777444038791,0.7176545900220812,2.0616443699876178e-05,0.1885531668509592,True,False,False,Stim8hr,24
CC2D1B-4,CC2D1B,57,10,0.26266250014305115,0.640386700630188,0.6347745656967163,0.7554100155830383,0.7387500405311584,5.060394816834931e-06,0.03942393221356778,0.9779457847947364,9.677817387092323e-06,0.1353006457638052,True,False,False,Stim8hr,24
SPNS1-4,SPNS1,116,11,0.290196031332016,1.1071943044662476,0.807396650314331,1.2306314706802368,0.7386354207992554,1.2696176158475942e-18,0.04298277562542636,0.6002084607758092,5.722157716180241e-18,0.14309934631634022,True,False,False,Stim8hr,24
VCAM1-2,VCAM1,35,12,0.00037725819856859744,3.8106627464294434,0.9855706095695496,2.946632146835327,0.7385950684547424,2.12896768188736e-14,0.048896159948877874,0.25065737141569944,7.1713571653819e-14,0.15220187401370874,True,False,False,Stim8hr,24
TNFSF9-3,TNFSF9,212,12,0.02627660520374775,2.5567705631256104,0.7612312436103821,2.6586220264434814,0.738492488861084,3.5024854072582535e-72,0.04795665044959324,0.27777265121397776,2.5554926546920124e-70,0.1512694345290756,True,False,False,Stim8hr,24
CUL5-1,CUL5,49,12,0.5999672412872314,1.5774391889572144,1.0580452680587769,1.4876441955566406,0.7356463074684143,3.8180789475955245e-12,0.022539462316110054,0.49450420313249244,1.1076152505890393e-11,0.09567255497141215,True,False,False,Stim8hr,24
LUM-3,LUM,41,13,0.00018908412312157452,1.190100073814392,0.7059488296508789,1.1759235858917236,0.7356014847755432,2.091695866722063e-06,0.04261402671309551,0.6255521137606264,4.137385123587835e-06,0.142518269107909,True,False,False,Stim8hr,24
DCTN2-4,DCTN2,108,13,0.8306527137756348,1.4113242626190186,1.348602056503296,0.8938345313072205,0.7355985641479492,8.828700997320988e-14,0.02012367145377422,0.8229695076471779,2.821536095590104e-13,0.08891089420347442,True,False,False,Stim8hr,24
GEMIN7-3,GEMIN7,60,13,0.6014348268508911,1.6404908895492554,1.2308348417282104,1.6845756769180298,0.7354285717010498,3.0521651663753976e-17,0.029387448805996273,0.43656606335818254,1.250288421437888e-16,0.11202143917204617,True,False,False,Stim8hr,24
PLGRKT-4,PLGRKT,66,11,0.40846967697143555,0.7463604211807251,0.7901216149330139,0.6251504421234131,0.7352960109710693,1.056012105862314e-05,0.02352497510470354,1.176190499799586,1.9775296917043913e-05,0.09831100093479424,True,False,False,Stim8hr,24
TIMELESS-3,TIMELESS,77,12,0.2625989019870758,0.8521418571472168,0.6524648070335388,1.241029977798462,0.7352212071418762,6.098776483011677e-15,0.028656737517532255,0.5924282412952905,2.1401060489842246e-14,0.1099186422832728,True,False,False,Stim8hr,24
TUBGCP6-4,TUBGCP6,174,12,0.3311304450035095,1.1394708156585693,0.8253512978553772,1.2613329887390137,0.7332627177238464,4.0256665507549747e-29,0.03362209800522854,0.5813395227670273,3.376844371316592e-28,0.12191637071502814,True,False,False,Stim8hr,24
RCBTB1-2,RCBTB1,24,10,0.2566639482975006,1.3652148246765137,0.8241446614265442,1.6712507009506226,0.7328387498855591,7.958340065680983e-07,0.05621558253636317,0.4384971982173074,1.6326207445086663e-06,0.16860216744847384,True,False,False,Stim8hr,24
IFNAR1-4,IFNAR1,45,16,0.5791652798652649,0.7265474200248718,0.976280152797699,0.2530187666416168,0.732567310333252,0.06155793236053355,0.005737352830984083,2.8953082020626626,0.08066571482147857,0.039946161442390014,False,True,True,Stim8hr,24
DDX3X-2,DDX3X,108,11,0.3827376961708069,0.7663386464118958,0.8284878134727478,0.6283615231513977,0.7312884330749512,1.1257299204980494e-07,0.033340794559462664,1.1638020568276493,2.4484284496783955e-07,0.12132706738411846,True,False,False,Stim8hr,24
AHI1-3,AHI1,188,13,0.582065224647522,1.6760185956954956,1.151716709136963,1.4531251192092896,0.730701744556427,7.587905739096367e-42,0.020669876803843922,0.5028484711309887,1.4175087677819155e-40,0.0908607799227013,True,False,False,Stim8hr,24
CLEC3A-3,CLEC3A,45,10,4.1488023271085694e-05,2.1575021743774414,0.9328546524047852,1.710371494293213,0.7303265333175659,1.3887287312019134e-10,0.06844431411019529,0.4269987752686227,3.6236261832373815e-10,0.19211439408860223,True,False,False,Stim8hr,24
ALDH3A2-2,ALDH3A2,27,10,0.4847741425037384,1.0739927291870117,0.9048998951911926,0.8859533667564392,0.7302498817443848,0.0003020046397077961,0.03157047625847297,0.8242531821035909,0.0005033844576508825,0.11682929668252914,True,False,False,Stim8hr,24
GALNT9-3,GALNT9,131,10,0.0004250581259839237,0.5678750276565552,0.3553399443626404,1.093282699584961,0.7296664714813232,2.725665253739715e-15,0.06853098023675916,0.6674087788623417,9.859819959037865e-15,0.1921305909973485,True,False,False,Stim8hr,24
MINPP1-1,MINPP1,162,16,0.49879613518714905,1.7078465223312378,1.108466625213623,1.4556630849838257,0.7291495203971863,1.5815967234709383e-31,0.018428723678645703,0.5009054141159924,1.548363172066359e-30,0.08374170291330423,True,False,False,Stim8hr,24
OTC-4,OTC,111,20,9.538773883832619e-05,1.4383059740066528,0.5193217396736145,1.5999425649642944,0.7289425730705261,7.819563842385433e-22,0.01630178296095506,0.45560546299160043,4.176554334047579e-21,0.07802567614934072,True,False,False,Stim8hr,24
THAP7-4,THAP7,59,14,0.378275990486145,0.9139277338981628,0.8004929423332214,0.899608850479126,0.7280920743942261,1.3490362634860757e-07,0.0185844657823221,0.8093429427761286,2.915999570095391e-07,0.08417538872903256,True,False,False,Stim8hr,24
PTCH2-4,PTCH2,143,20,0.0027956736739724874,0.5446652770042419,0.3663833737373352,1.0859882831573486,0.727632462978363,2.0337152441148838e-16,0.016272264529029364,0.6700187048638134,7.840854286133854e-16,0.07799962541037903,True,False,False,Stim8hr,24
HOXA1-1,HOXA1,155,50,0.004048842471092939,0.2969244122505188,0.21056894958019257,0.7970302700996399,0.7275781035423279,2.707162055712849e-11,0.00029553683051032674,0.9128613188698222,7.372250471437737e-11,0.007305361392091868,True,True,True,Stim8hr,24
FBN1-2,FBN1,53,10,0.013474107719957829,1.9125570058822632,0.6125636100769043,2.5398948192596436,0.7274350523948669,1.8973243759627667e-18,0.06847440593110413,0.2864036128105918,8.442984305924071e-18,0.19211439408860223,True,False,False,Stim8hr,24
ACBD6-2,ACBD6,90,14,0.8080925941467285,1.9868934154510498,1.374970555305481,1.5306881666183472,0.7272648215293884,9.378922195070051e-21,0.021097859952058186,0.47512278293500415,4.7285908902654356e-20,0.09192638979111067,True,False,False,Stim8hr,24
ASIP-1,ASIP,43,12,0.0007145978743210435,0.45261117815971375,0.33811154961586,0.8741580247879028,0.7267403602600098,0.00010583238286310836,0.051183577465693096,0.8313603944050493,0.0001827842003267709,0.15789256931097168,True,False,False,Stim8hr,24
PSMB10-1,PSMB10,54,11,1.1977641582489014,2.836667060852051,1.7417793273925781,2.6728527545928955,0.7263418436050415,3.6533639467516196e-26,0.03203085959934534,0.2717477954432515,2.5501007909907065e-25,0.11795309250150003,True,False,False,Stim8hr,24
MTX3-4,MTX3,40,11,0.4786624610424042,1.0273128747940063,0.9436910152435303,0.8054760694503784,0.7255762815475464,4.450255158178222e-05,0.029454345472239827,0.9008042685149514,7.901348345580893e-05,0.11202143917204617,True,False,False,Stim8hr,24
NOS1-4,NOS1,61,12,1.9302009604871273e-05,0.7190462350845337,0.40159061551094055,1.0824482440948486,0.723667323589325,6.684401071446486e-08,0.051973444360017274,0.6685468127803755,1.4748022251417037e-07,0.15951023801903558,True,False,False,Stim8hr,24
TELO2-3,TELO2,96,11,0.5065323114395142,1.7053261995315552,0.9551611542701721,1.6567904949188232,0.7230802178382874,9.652064639719895e-24,0.03097592360396954,0.436434310829213,5.822860212448804e-23,0.11526697683888677,True,False,False,Stim8hr,24
CDK11A-4,CDK11A,66,14,0.07849381119012833,0.2571626901626587,0.3681490123271942,0.5945674777030945,0.7226020693778992,7.145517879020207e-05,0.02857280121911023,1.2153407249407957,0.0001250869970039436,0.1097079535133755,True,False,False,Stim8hr,24
CRACR2B-4,CRACR2B,80,13,0.0016285176388919353,0.11718001216650009,0.16445758938789368,0.5331466197967529,0.721908450126648,0.0005287147263901791,0.04416533639207563,1.3540523813165226,0.0008623111965208025,0.1446548923833168,True,False,False,Stim8hr,24
CEP135-1,CEP135,79,11,0.3538929224014282,0.6707375049591064,0.7323562502861023,0.5671563148498535,0.7219007611274719,1.889436983002834e-05,0.028465395746522362,1.2728426753364894,3.461133497523429e-05,0.10962945693823582,True,False,False,Stim8hr,24
PATZ1-1,PATZ1,22,10,0.43501752614974976,0.7382653951644897,0.8708380460739136,0.5648642182350159,0.7217879891395569,0.010638299938253583,0.03884808316017637,1.2778079507228617,0.015247704173916458,0.13412535557370234,True,False,False,Stim8hr,24
SRGAP1-3,SRGAP1,209,20,0.0015979055315256119,0.47805115580558777,0.4171503186225891,1.0899057388305664,0.7215514183044434,2.890527813769042e-23,0.01703249579927356,0.6620310294710849,1.6808527903526142e-22,0.08042059814338652,True,False,False,Stim8hr,24
CNIH4-4,CNIH4,64,12,0.7687679529190063,0.8481777906417847,1.107592225074768,0.14248093962669373,0.7209934592247009,0.12262242879088862,0.002544364181323449,5.060280070539506,0.15375516606172707,0.024800993128261038,False,True,True,Stim8hr,24
SAAL1-4,SAAL1,78,13,0.3196914494037628,0.8345346450805664,0.6761156916618347,1.040533185005188,0.720344603061676,2.670681727239456e-12,0.020016630622941862,0.6922841226424551,7.800246404256024e-12,0.08864507847302824,True,False,False,Stim8hr,24
RAB11FIP1-3,RAB11FIP1,118,16,0.8959888219833374,1.906295657157898,1.5135856866836548,1.5306769609451294,0.7197057604789734,1.7205909112587096e-34,0.013031175892356675,0.47018788342811735,2.0040738113968165e-33,0.06844987114568465,True,False,False,Stim8hr,24
HDHD2-2,HDHD2,185,17,0.5683108568191528,1.7973167896270752,1.080944299697876,1.9335740804672241,0.7193108797073364,3.019878427528898e-56,0.012821891990596029,0.37201102713040296,1.0426669535048436e-54,0.06763235077884823,True,False,False,Stim8hr,24
TEAD4-2,TEAD4,33,10,0.07211776822805405,0.9745721817016602,0.5694054365158081,1.28371000289917,0.7187232375144958,3.4335399859551947e-06,0.06614261834413267,0.5598797515726366,6.6654112076750694e-06,0.18828413477560793,True,False,False,Stim8hr,24
LBX1-2,LBX1,68,13,2.874303754651919e-05,1.7138845920562744,0.3824995756149292,1.929089069366455,0.7185288667678833,2.2019463032370146e-17,0.04594211409234431,0.37247055005286,9.126394806664025e-17,0.14699921784877004,True,False,False,Stim8hr,24
CAPN12-2,CAPN12,121,10,0.0057794516906142235,0.25344812870025635,0.34620657563209534,0.686809241771698,0.7184748649597168,1.8288783028741102e-07,0.0704921444931405,1.0461054121903397,3.918156452750241e-07,0.1954698168503321,True,False,False,Stim8hr,24
LRRC8B-4,LRRC8B,78,12,0.727089524269104,1.2200597524642944,1.2091151475906372,0.7426323294639587,0.7184420824050903,1.322471459859118e-08,0.01984282290291175,0.9674263480067866,3.05861072683924e-08,0.08808163875447446,True,False,False,Stim8hr,24
RAE1-3,RAE1,93,10,0.6257952451705933,0.688943088054657,1.0653831958770752,0.12035124003887177,0.7181747555732727,0.12283229924147826,0.0365775351537839,5.967323272625295,0.1539683958401285,0.12916548828348337,False,False,False,Stim8hr,24
NTSR1-3,NTSR1,130,22,0.00011647115024970844,1.1255544424057007,0.35112953186035156,1.7511506080627441,0.7178369760513306,3.0057189494414686e-28,0.013394988802702042,0.4099230373139957,2.3866766278213878e-27,0.06957959903511861,True,False,False,Stim8hr,24
DBF4B-3,DBF4B,150,14,0.19418008625507355,0.8066310286521912,0.5764917135238647,0.8547773361206055,0.717513382434845,2.7723675252562437e-13,0.025338960107519713,0.8394155438084836,8.604129390181296e-13,0.10174523976221594,True,False,False,Stim8hr,24
FAM124A-1,FAM124A,80,11,0.004381815902888775,0.24190621078014374,0.25682947039604187,0.7488999366760254,0.7166122198104858,4.0739940121094224e-06,0.060811483620493684,0.9568864740343712,7.869198224189377e-06,0.17705083221917406,True,False,False,Stim8hr,24
CYP3A4-1,CYP3A4,140,22,0.00036698300391435623,0.5655717253684998,0.44101640582084656,1.0025399923324585,0.7164518237113953,2.4716983913476756e-14,0.013529341867789002,0.7146366520945813,8.25393581981128e-14,0.06976713987777733,True,False,False,Stim8hr,24
RGS9BP-1,RGS9BP,107,11,0.0007402649498544633,0.4542824625968933,0.36602357029914856,1.1945141553878784,0.7145937085151672,1.8190814716517524e-14,0.062227626475301924,0.5982295858881027,6.170515834102917e-14,0.18001077970851023,True,False,False,Stim8hr,24
APOLD1-4,APOLD1,139,11,0.0237911157310009,0.8386290669441223,0.4698832333087921,1.3864455223083496,0.713058352470398,9.916008420172987e-23,0.06076866629967532,0.5143067946032225,5.6224640118488185e-22,0.17705083221917406,True,False,False,Stim8hr,24
PLCXD2-1,PLCXD2,31,11,0.12061257660388947,0.7882353067398071,0.47389471530914307,1.1489373445510864,0.7124065160751343,1.8273895171750927e-05,0.047932183477883375,0.6200568894846796,3.352236841990552e-05,0.1512694345290756,True,False,False,Stim8hr,24
ABHD4-1,ABHD4,149,10,0.05672917142510414,0.5232054591178894,0.42242351174354553,1.11012601852417,0.7116782665252686,4.1391068519447466e-19,0.06594776615217718,0.6410788096574765,1.9214797354706285e-18,0.18823732195285592,True,False,False,Stim8hr,24
KDM1B-4,KDM1B,67,14,0.16569682955741882,1.0793952941894531,0.596877932548523,1.2969743013381958,0.7115123867988586,1.498011049542691e-11,0.030829723596674043,0.5485940516051339,4.164492256349092e-11,0.11506996940692545,True,False,False,Stim8hr,24
SHMT1-1,SHMT1,122,11,0.29607445001602173,1.7817177772521973,0.860161542892456,1.6505028009414673,0.7112761735916138,1.3564270414258687e-26,0.05093590301850698,0.4309451478579091,9.767790259206395e-26,0.1575139699231344,True,False,False,Stim8hr,24
PSMB6-2,PSMB6,95,10,0.823569655418396,1.9248080253601074,1.4864325523376465,1.6801172494888306,0.7108994126319885,6.115076993830133e-26,0.056795607519353364,0.42312488181897845,4.170547219601609e-25,0.16950362181932396,True,False,False,Stim8hr,24
FAM114A1-4,FAM114A1,83,14,0.02972647175192833,0.7331298589706421,0.3798425495624542,1.5488344430923462,0.7108439207077026,1.1481005869106124e-16,0.03815447592084796,0.4589541018266986,4.516485218294342e-16,0.13226418692268282,True,False,False,Stim8hr,24
GTPBP10-2,GTPBP10,120,11,0.37892746925354004,1.0832676887512207,0.830010175704956,1.1884350776672363,0.7102823257446289,4.506147022621714e-20,0.04099163073167296,0.5976618656686176,2.1836178617140564e-19,0.1391931158375993,True,False,False,Stim8hr,24
SLC37A4-3,SLC37A4,59,10,0.30862829089164734,1.1104822158813477,0.7569440603256226,1.2982264757156372,0.7100803852081299,2.1121762837652086e-11,0.051801329143297416,0.5469618733639704,5.813370597380827e-11,0.1592785583902039,True,False,False,Stim8hr,24
ZNF625-4,ZNF625,152,14,0.019313456490635872,0.5540837049484253,0.3156488239765167,1.0190874338150024,0.7093622088432312,4.3960851260712734e-16,0.03872918192315057,0.6960759060561663,1.6699077782433807e-15,0.1338882687690635,True,False,False,Stim8hr,24
PPAPDC1B-1,PLPP5,44,15,0.30939778685569763,1.238741397857666,0.7857092618942261,1.302282452583313,0.7090262174606323,1.3814862552460548e-08,0.023201496082064867,0.5444488759363612,3.193190286333828e-08,0.09728511511756589,True,False,False,Stim8hr,24
TIMM21-4,TIMM21,87,16,0.5046517252922058,0.6845420002937317,0.945494532585144,0.33774736523628235,0.7084359526634216,0.001471085179127946,0.012841200690926376,2.097532136683914,0.0023171838646386016,0.06763986213521386,True,False,False,Stim8hr,24
B9D1-2,B9D1,28,14,0.05016133934259415,0.3137701451778412,0.27564820647239685,0.7102445960044861,0.7076387405395508,0.004107578248681526,0.02963132743517347,0.9963310449954922,0.006178142780105585,0.11240156244288545,True,False,False,Stim8hr,24
NOA1-4,NOA1,130,10,0.4442189633846283,1.3162788152694702,0.8155423998832703,1.5852152109146118,0.7073367238044739,3.102476844758317e-33,0.034215855154773565,0.4462086402743803,3.323345694925322e-32,0.12328899450542641,True,False,False,Stim8hr,24
NPM2-3,NPM2,116,12,0.00426835659891367,0.33669590950012207,0.33318302035331726,0.6118748188018799,0.7066881656646729,4.086236401709329e-06,0.05513771647428607,1.1549554646626057,7.888904725616564e-06,0.16602774180394103,True,False,False,Stim8hr,24
CCDC112-2,CCDC112,77,10,0.022950008511543274,0.5494126677513123,0.32689228653907776,0.8459892868995667,0.7065255045890808,5.31342676239714e-07,0.07011681814417314,0.835147105914779,1.1005367589817752e-06,0.19520791622314518,True,False,False,Stim8hr,24
SNX14-1,SNX14,137,28,0.47913944721221924,1.3228654861450195,1.0178602933883667,1.3788293600082397,0.7050844430923462,1.0773067379033858e-28,0.0029469008441068687,0.5113645412135209,8.77041085362609e-28,0.026791684040160746,True,True,False,Stim8hr,24
ZSCAN26-1,ZSCAN26,74,10,0.12772761285305023,1.035889983177185,0.486248254776001,1.6385728120803833,0.7049212455749512,4.7954222708253793e-17,0.0586842325649202,0.4302044073830086,1.94176941584102e-16,0.17345862458171407,True,False,False,Stim8hr,24
FAM135A-1,FAM135A,37,11,0.03661591559648514,0.09904474765062332,0.21917887032032013,0.28265419602394104,0.7039232850074768,0.08255467273730072,0.048121453652477934,2.4904045116239986,0.10662622560959982,0.15138222653089833,False,False,False,Stim8hr,24
ABCA3-1,ABCA3,55,10,0.13046610355377197,0.6337974071502686,0.4921237528324127,0.9432326555252075,0.7038337588310242,6.855347229307674e-07,0.057740571313042235,0.7461931631693963,1.4123403162350973e-06,0.17194869346923286,True,False,False,Stim8hr,24
OSBPL7-1,OSBPL7,158,13,0.03124132938683033,0.3498574197292328,0.2879011929035187,0.8876641988754272,0.7036488056182861,2.8748010863252384e-14,0.04266614474453224,0.7926970655228989,9.542365494265835e-14,0.142518269107909,True,False,False,Stim8hr,24
SKAP1-3,SKAP1,108,10,0.45810630917549133,1.2292550802230835,0.8844428062438965,1.2040376663208008,0.7033635377883911,1.2395275687601555e-18,0.042858477191824514,0.5841707094909012,5.601594166539951e-18,0.1428112429422734,True,False,False,Stim8hr,24
TMEM70-4,TMEM70,77,10,0.6830227971076965,1.9640514850616455,1.1972692012786865,1.910447120666504,0.7033166289329529,4.9731083946243594e-24,0.04790877279964579,0.3681424213864577,3.0622627646516553e-23,0.1512694345290756,True,False,False,Stim8hr,24
GPATCH8-2,GPATCH8,82,11,0.44776928424835205,0.9102669954299927,0.8334895968437195,0.8150455951690674,0.7029661536216736,2.825545257509165e-09,0.03099590572320144,0.8624869059943269,6.811959794755574e-09,0.11526697683888677,True,False,False,Stim8hr,24
IL1RAP-1,IL1RAP,116,13,0.2505933344364166,0.9247323870658875,0.8381491303443909,0.9259142875671387,0.7007970809936523,2.387081365837676e-12,0.04019875698758041,0.7568703609002654,6.998365156705302e-12,0.1375852478977639,True,False,False,Stim8hr,24
TRIM44-1,TRIM44,223,19,0.59530109167099,1.3594043254852295,1.1119301319122314,1.0871620178222656,0.7004075050354004,5.247062322768471e-32,0.010158104444550368,0.6442531044622148,5.297751958784773e-31,0.05862105829063579,True,False,False,Stim8hr,24
CIART-3,CIART,114,11,0.015533151105046272,0.12157653272151947,0.1689494103193283,0.41184571385383606,0.6996274590492249,0.0007387585542599974,0.05507169163090829,1.6987610542367388,0.001188838672211157,0.16602774180394103,True,False,False,Stim8hr,24
TMEM178A-4,TMEM178A,71,14,0.0003380525449756533,0.9972935914993286,0.42881879210472107,1.4714051485061646,0.6993783116340637,3.5182730925374704e-13,0.04352692173571136,0.4753132149524578,1.0840766572782786e-12,0.14432071579559128,True,False,False,Stim8hr,24
LINGO1-1,LINGO1,57,11,0.00046232560998760164,2.145805597305298,0.5599666237831116,2.1068527698516846,0.6984201073646545,2.711443796191572e-16,0.0662130881151662,0.33149924729378266,1.0381339762250304e-15,0.18828413477560793,True,False,False,Stim8hr,24
C11orf21-2,C11orf21,117,10,0.009313823655247688,0.47943946719169617,0.2611600160598755,1.185703992843628,0.698126494884491,1.084918846300802e-15,0.0742050357404931,0.5887864923269772,4.034020364081924e-15,0.2027103701929156,True,False,False,Stim8hr,24
NEFM-2,NEFM,80,22,0.0008169774082489312,1.3372197151184082,0.6429725289344788,1.1552151441574097,0.6978431940078735,9.598860434746806e-11,0.015406245471751519,0.6040807182430646,2.5250879796711495e-10,0.07594473777707905,True,False,False,Stim8hr,24
ADCK2-2,ADCK2,73,17,0.23317937552928925,1.7362849712371826,0.7996827960014343,1.7598098516464233,0.6977855563163757,9.306192227054585e-18,0.023202319893189962,0.39651190477400117,3.954620367254954e-17,0.09728511511756589,True,False,False,Stim8hr,24
CYP4Z1-2,CYP4Z1,44,14,0.0001368451485177502,1.3857709169387817,0.3851529061794281,1.8297407627105713,0.6974610686302185,3.5992852735895456e-11,0.04392203698591369,0.3811802649010247,9.739983312085915e-11,0.14432071579559128,True,False,False,Stim8hr,24
CHRNG-2,CHRNG,38,11,0.0,0.21976995468139648,0.3254488408565521,0.6027411818504333,0.6965542435646057,0.006225917434919038,0.06669927398800118,1.1556440219103057,0.009154229171418983,0.18895629529784305,True,False,False,Stim8hr,24
GNAL-2,GNAL,84,10,0.00136520154774189,0.8617660999298096,0.3401586711406708,1.4194575548171997,0.6957719922065735,1.2677575572057719e-14,0.0768996827533363,0.49016752198425284,4.35770530996864e-14,0.20863314216149056,True,False,False,Stim8hr,24
FLG-1,FLG,142,12,5.9706057072617114e-05,2.362957239151001,0.9229516983032227,1.7706180810928345,0.6956533789634705,4.23273966373756e-31,0.058213794600106734,0.3928873122848207,4.0019570365949e-30,0.17260570360409327,True,False,False,Stim8hr,24
SPOCD1-4,SPOCD1,116,11,0.0003218075435142964,1.4297029972076416,0.6683472990989685,1.7967463731765747,0.6952651143074036,3.447449673799393e-26,0.06700638882439983,0.3869578504161403,2.410721137175814e-25,0.1895423803544354,True,False,False,Stim8hr,24
JPH3-2,JPH3,40,11,0.0007440657936967909,0.37246665358543396,0.3170090317726135,0.8440811634063721,0.6948397755622864,0.0002645212858239237,0.06700466669393591,0.82319071398086,0.00044319922542509224,0.1895423803544354,True,False,False,Stim8hr,24
JADE2-3,JADE2,74,11,0.3686143457889557,1.6189278364181519,0.8927128314971924,1.8519413471221924,0.693816602230072,9.418111338131455e-21,0.05070498500941598,0.3746428596716749,4.737136962462894e-20,0.15704863544005077,True,False,False,Stim8hr,24
KCNJ13-4,KCNJ13,49,11,9.742412657942623e-05,0.9953394532203674,0.369270920753479,1.2183310985565186,0.6931821703910828,1.1257578959214345e-07,0.06753030001954526,0.5689604174204915,2.4484284496783955e-07,0.19031266369144573,True,False,False,Stim8hr,24
EDRF1-2,EDRF1,58,13,0.25093454122543335,0.42301619052886963,0.5722981691360474,0.37372931838035583,0.6918281316757202,0.007772268718383995,0.025107502678541862,1.8511476024249867,0.011328821384843916,0.10134106203868232,True,False,False,Stim8hr,24
TECR-4,TECR,132,10,0.0726945549249649,0.5360603928565979,0.4731510579586029,1.0887082815170288,0.6916698813438416,7.267139532702842e-17,0.07156397493282764,0.6353124092893409,2.891155202979618e-16,0.1976440751159542,True,False,False,Stim8hr,24
P2RX1-3,P2RX1,107,11,0.002229295438155532,0.5084349513053894,0.26238498091697693,1.0308119058609009,0.689881443977356,7.874905500640844e-12,0.06784665533509292,0.6692602598542837,2.2342083324268634e-11,0.19091968041467366,True,False,False,Stim8hr,24
CCL23-4,CCL23,141,12,0.00033634796272963285,1.4295694828033447,0.37605202198028564,1.277108073234558,0.6897677779197693,2.937276522396682e-20,0.05957692833002223,0.5401013370566049,1.4341475141550465e-19,0.1752099089767839,True,False,False,Stim8hr,24
ARHGAP32-3,ARHGAP32,210,17,0.0164955947548151,1.0417139530181885,0.4078264534473419,1.6517970561981201,0.6894845366477966,8.931808398342735e-42,0.029666594703759878,0.41741479927004926,1.6525982333201606e-40,0.11240156244288545,True,False,False,Stim8hr,24
IRF2BP1-4,IRF2BP1,108,12,0.3569287657737732,1.2092753648757935,0.7668840289115906,1.340806007385254,0.6892778873443604,1.901827462501808e-20,0.035482180355988505,0.5140772666200548,9.452913621458215e-20,0.12635932778375566,True,False,False,Stim8hr,24
AMOT-1,AMOT,47,11,0.005946249235421419,1.060365080833435,0.4039627015590668,1.5600800514221191,0.6891971230506897,6.152420238460571e-10,0.06794243462013264,0.44177035814440396,1.543894163668204e-09,0.19104705407683395,True,False,False,Stim8hr,24
AEBP2-1,AEBP2,119,11,1.0082871913909912,1.3155419826507568,1.4271503686904907,0.4980069696903229,0.6887231469154358,3.239712230609023e-07,0.02437192535577246,1.3829588516476115,6.808677823785377e-07,0.09943324886249347,True,False,False,Stim8hr,24
HNRNPA3-3,HNRNPA3,76,13,1.4044058322906494,1.544525146484375,1.817165493965149,0.22458592057228088,0.6886812448501587,0.032658657660108115,0.015008040328668707,3.066448881102113,0.04462580536100285,0.07439109898168421,True,False,False,Stim8hr,24
TTC16-3,TTC16,185,19,0.0004899846971966326,0.532951295375824,0.14738494157791138,1.107656478881836,0.688169002532959,2.912809183825941e-21,0.02381302548897969,0.6212837785480713,1.5119239078999883e-20,0.0985348603931304,True,False,False,Stim8hr,24
TMEM254-1,TMEM254,62,10,0.07280092686414719,0.8280656337738037,0.4659258723258972,1.4393328428268433,0.6859933733940125,4.371880242983097e-12,0.07242050630173143,0.47660509993416433,1.2616463357922117e-11,0.19886581837115277,True,False,False,Stim8hr,24
AP1M1-3,AP1M1,70,10,0.9276700615882874,1.852565884590149,1.4474624395370483,1.2344245910644531,0.6857460141181946,5.08080864071346e-13,0.051081402128205985,0.5555187567406372,1.5519342032890166e-12,0.15770601048887758,True,False,False,Stim8hr,24
MAP3K2-3,MAP3K2,92,14,0.6732374429702759,1.3526841402053833,1.0776938199996948,1.075210690498352,0.6855330467224121,6.155854838939535e-15,0.016232527784521326,0.6375801996580528,2.1581768506055468e-14,0.07799962541037903,True,False,False,Stim8hr,24
LCE1C-2,LCE1C,111,13,0.00018879110575653613,0.974071741104126,0.20750179886817932,0.9491415619850159,0.6853972673416138,7.468559214500897e-11,0.05296004484333727,0.7221233320645948,1.9808586064797646e-10,0.1617890869123599,True,False,False,Stim8hr,24
NUDT14-2,NUDT14,45,10,0.04654458165168762,0.38410910964012146,0.3161165416240692,0.9047672152519226,0.6852389574050903,2.0161931486858064e-05,0.07002387456258746,0.7573649286289545,3.6880884134191165e-05,0.19515865408673969,True,False,False,Stim8hr,24
MINDY4-3,MINDY4,106,12,0.020979057997465134,1.0958926677703857,0.3508355915546417,2.0891823768615723,0.6839824318885803,4.6309146298768055e-29,0.058270586760785135,0.3273923997559647,3.86776390361417e-28,0.17260570360409327,True,False,False,Stim8hr,24
PIANP-2,PIANP,73,11,0.0001675426756264642,0.8785974383354187,0.39195549488067627,1.507102370262146,0.6834999918937683,6.633178707932628e-14,0.06999814152200409,0.4535192866658952,2.1375418386312892e-13,0.19515865408673969,True,False,False,Stim8hr,24
HILPDA-1,HILPDA,65,13,0.31184983253479004,1.3920724391937256,0.7963255643844604,1.3538740873336792,0.6821831464767456,3.1252854638262784e-12,0.03800461547164911,0.5038748823535264,9.100511211307393e-12,0.13207637654490587,True,False,False,Stim8hr,24
COPS9-2,COPS9,96,10,0.5321310758590698,1.3318403959274292,0.9331880807876587,1.2845276594161987,0.6815708875656128,1.2158468951367529e-18,0.04376147148156953,0.5306003981847911,5.505480027510332e-18,0.14432071579559128,True,False,False,Stim8hr,24
LACE1-1,AFG1L,42,10,0.05432375147938728,0.4479171335697174,0.3508506417274475,0.9550271034240723,0.6814072132110596,1.722262247098963e-05,0.07115865034521973,0.7134951571196259,3.165393588180461e-05,0.1970146527127533,True,False,False,Stim8hr,24
KBTBD4-4,KBTBD4,61,11,0.2535596489906311,0.4270005226135254,0.5920019149780273,0.40469205379486084,0.6812660098075867,0.0025495656115564398,0.04216623153428293,1.683418301444885,0.003945246186430073,0.14150194113811718,True,False,False,Stim8hr,24
SUMF2-2,SUMF2,102,13,0.960025429725647,1.7655130624771118,1.490013837814331,1.1662189960479736,0.6803792119026184,4.5809640653127645e-18,0.03120744284202443,0.5834060448408528,1.9859403632919798e-17,0.11571230277307491,True,False,False,Stim8hr,24
EGR1-2,EGR1,116,10,0.15643912553787231,0.5759758353233337,0.8895414471626282,0.5613199472427368,0.6800794005393982,2.2859740207536607e-06,0.07154687531741018,1.2115717673672928,4.507833522822237e-06,0.1976440751159542,True,False,False,Stim8hr,24
SH3BP2-4,SH3BP2,50,11,0.46615737676620483,0.9161876440048218,0.8053543567657471,0.7750468254089355,0.679050862789154,5.289164272069965e-06,0.023151511354954624,0.8761417252833318,1.0080432843812003e-05,0.09728511511756589,True,False,False,Stim8hr,24
C2CD4A-3,C2CD4A,120,10,0.0012142423074692488,1.0674629211425781,0.5778573751449585,1.1514286994934082,0.6789848804473877,3.309370854344694e-15,0.08154631064165144,0.5896890365387968,1.1915583886174051e-14,0.21857416502248458,True,False,False,Stim8hr,24
TMEM63C-2,TMEM63C,97,12,0.007531589828431606,0.7588300704956055,0.3776722252368927,1.418730616569519,0.6779913902282715,1.0483483488645127e-16,0.0616817914022754,0.4778859230286085,4.1366970051623174e-16,0.17879475395592764,True,False,False,Stim8hr,24
XAB2-2,XAB2,37,10,0.5975050330162048,0.6736866235733032,0.9361108541488647,0.14165610074996948,0.6778641939163208,0.2029176847010255,0.02497222919286088,4.785280622066444,0.24106994984296948,0.1009027465891024,False,False,False,Stim8hr,24
SLC25A26-4,SLC25A26,126,13,0.40220776200294495,1.0271886587142944,0.8267680406570435,1.11849045753479,0.6767839789390564,1.4038622817972992e-20,0.03208064142855796,0.6050869494503536,7.022943652923875e-20,0.11795309250150003,True,False,False,Stim8hr,24
KLHDC2-1,KLHDC2,142,12,0.38663730025291443,1.2290862798690796,0.7774374485015869,1.2285865545272827,0.6765671372413635,3.48222701953619e-23,0.03376506848704146,0.5506874015088689,2.015834114453061e-22,0.1222004679597998,True,False,False,Stim8hr,24
INF2-3,INF2,63,13,0.7602568864822388,1.930010199546814,1.3389222621917725,1.6773022413253784,0.6750507354736328,5.713154342160092e-18,0.035259186327970524,0.40246219127461375,2.462961855198782e-17,0.12580211574753256,True,False,False,Stim8hr,24
C5orf45-1,MRNIP,75,18,0.12898775935173035,0.53202223777771,0.38827764987945557,0.8216684460639954,0.6750140190124512,1.9593839503557252e-07,0.013503641684251328,0.8215162968055341,4.183841930439309e-07,0.06976713987777733,True,False,False,Stim8hr,24
TNFRSF18-1,TNFRSF18,76,11,0.2160222828388214,2.3203794956207275,0.7768622040748596,3.3038077354431152,0.6736668348312378,3.509187310541018e-36,0.06045098843140011,0.20390618606650968,4.538470678883651e-35,0.17674341896843862,True,False,False,Stim8hr,24
R3HCC1L-4,R3HCC1L,83,10,0.2747687101364136,0.593620777130127,0.709636926651001,0.623755693435669,0.6734741926193237,2.813064763870284e-06,0.0634685047357783,1.0797082891697605,5.494000728225448e-06,0.18295570496243407,True,False,False,Stim8hr,24
STX3-3,STX3,112,10,0.2673981189727783,0.6450996398925781,0.6857611536979675,0.6576257944107056,0.6732190251350403,1.2869377454834662e-08,0.05498329673764226,1.0237114037449029,2.9782096120793323e-08,0.16595916062391303,True,False,False,Stim8hr,24
CAMKK2-3,CAMKK2,29,10,0.9009649157524109,1.4553442001342773,1.324257254600525,0.8445627093315125,0.6730139255523682,0.00012682663818088728,0.03685442226980205,0.7968785717345626,0.00021739300081803682,0.1296590000226896,True,False,False,Stim8hr,24
SPAG6-3,SPAG6,280,46,0.0014327833196148276,0.39521315693855286,0.28995877504348755,1.178297758102417,0.6725490093231201,2.64782608165855e-34,0.001157631891236837,0.5707801824270827,3.0383215008230306e-33,0.015940502255262883,True,True,False,Stim8hr,24
RNF167-4,RNF167,72,11,0.8698413372039795,1.6989355087280273,1.2817009687423706,1.1521661281585693,0.6722853183746338,1.0986498614395079e-12,0.028567010561499972,0.5834968603434844,3.270576608303754e-12,0.1097079535133755,True,False,False,Stim8hr,24
ORAI2-4,ORAI2,443,29,0.4466486871242523,1.4505218267440796,0.8609758019447327,1.471705436706543,0.6707847118377686,1.783541763450439e-89,0.0021498672778869736,0.45578734378999414,2.028516470371426e-87,0.022775344663777407,True,True,False,Stim8hr,24
CRYGB-1,CRYGB,62,10,2.240843059553299e-05,0.6115973591804504,0.13170930743217468,0.8147627115249634,0.6705734729766846,1.3689579988659715e-05,0.08396925965974103,0.8230291635727846,2.5389739000550177e-05,0.22130434845515023,True,False,False,Stim8hr,24
MYPN-4,MYPN,60,10,1.2920741937705316e-05,1.1199415922164917,0.43574175238609314,1.3894710540771484,0.6702377796173096,1.2493825033198043e-10,0.08409030542446913,0.4823690120428342,3.271064414582047e-10,0.221447230134382,True,False,False,Stim8hr,24
OMD-4,OMD,43,10,5.070659244665876e-05,0.6402992606163025,0.23160679638385773,1.0087124109268188,0.6695532202720642,1.5063892540313818e-05,0.0842608661421844,0.6637701816882272,2.7885147177306622e-05,0.22154632814438988,True,False,False,Stim8hr,24
ZP2-4,ZP2,70,10,7.542780076619238e-05,1.073606014251709,0.3967049717903137,1.161217451095581,0.6694881916046143,1.1431625837880311e-09,0.08429539032252169,0.5765398986838925,2.8229483156138277e-09,0.22154632814438988,True,False,False,Stim8hr,24
LY6D-4,LY6D,61,10,8.318908658111468e-05,1.5423392057418823,0.6224223971366882,1.152299404144287,0.6686792373657227,1.5041175259940616e-08,0.08453160303783014,0.5802999072643735,3.466282761036374e-08,0.22187955660246841,True,False,False,Stim8hr,24
SDHAF1-3,SDHAF1,107,12,0.22279822826385498,0.6776726245880127,0.5357653498649597,0.8523581027984619,0.6682332158088684,5.3085980781916734e-11,0.03663419029347044,0.78398177199809,1.4167252428134716e-10,0.1292448765764041,True,False,False,Stim8hr,24
SDR16C5-3,SDR16C5,38,10,9.682515519671142e-05,1.4318791627883911,0.6385256052017212,1.5307613611221313,0.6680132746696472,3.8818520351312564e-08,0.08471516981083455,0.43639282492730097,8.717260057986392e-08,0.22188204158199235,True,False,False,Stim8hr,24
ZNF433-4,ZNF433,62,10,0.0004227624158374965,0.2549309730529785,0.2561096251010895,0.7040640711784363,0.6679993271827698,0.00011237463405055959,0.08461483444248674,0.9487763323367677,0.0001935458106200283,0.22188204158199235,True,False,False,Stim8hr,24
CYP26B1-3,CYP26B1,106,10,4.2093608499271795e-05,0.8479413986206055,0.27413591742515564,1.5152136087417603,0.6676445007324219,1.4909945620326212e-19,0.08482411541576146,0.44062731279640277,7.100586171650426e-19,0.22188204158199235,True,False,False,Stim8hr,24
CYB5A-1,CYB5A,76,10,0.25554221868515015,0.8159077763557434,0.6147139668464661,0.8261662721633911,0.6660484075546265,1.555680811574057e-07,0.05627561283101656,0.8061917195076465,3.351430472622216e-07,0.16864846888027307,True,False,False,Stim8hr,24
SLCO4A1-4,SLCO4A1,51,16,0.23751947283744812,0.6112234592437744,0.6978851556777954,0.6515650749206543,0.6657018065452576,0.00024541693421402714,0.029393104472126945,1.021696576702373,0.0004122620697678727,0.11202143917204617,True,False,False,Stim8hr,24
PLAU-1,PLAU,51,15,0.00904205720871687,1.8524610996246338,0.4410177767276764,1.7089736461639404,0.6650010347366333,8.533769038238459e-12,0.04435873673401668,0.3891230483450301,2.417588635228434e-11,0.1447495619741597,True,False,False,Stim8hr,24
PIGQ-4,PIGQ,87,14,0.2227407842874527,0.7628733515739441,0.609085202217102,1.0438001155853271,0.6647627949714661,2.58587573089756e-12,0.03498046115885113,0.6368679070309261,7.563979917837266e-12,0.12504357665668714,True,False,False,Stim8hr,24
ACTR5-3,ACTR5,53,17,0.22226771712303162,0.55759596824646,0.6255063414573669,0.7016372084617615,0.6644824147224426,3.522842029038056e-05,0.023674741197218484,0.9470455767008489,6.315637517983385e-05,0.09852806593542958,True,False,False,Stim8hr,24
MID1-3,MID1,104,10,0.00025834637926891446,1.137200117111206,0.3979317247867584,1.7991820573806763,0.6643531322479248,1.066883609266335e-23,0.08576093118265195,0.3692528666137976,6.416234707671723e-23,0.22315176527881886,True,False,False,Stim8hr,24
HPCAL4-2,HPCAL4,75,10,0.0014585277531296015,0.6568633913993835,0.3965268135070801,1.00960111618042,0.6637102961540222,1.541908904476045e-08,0.0857912920982027,0.6573985364289301,3.551257732941552e-08,0.22315176527881886,True,False,False,Stim8hr,24
TMEM253-4,TMEM253,52,14,0.00016027913079597056,0.48206406831741333,0.2523111402988434,0.9396687746047974,0.6635022759437561,7.339840018297882e-06,0.0513225664159488,0.706102292504941,1.3838693978916581e-05,0.1581922951793956,True,False,False,Stim8hr,24
SVIP-4,SVIP,183,22,0.15408119559288025,1.0226688385009766,0.5677761435508728,1.5482109785079956,0.6628849506378174,2.0144329645840605e-37,0.01399862153656875,0.42816189772574587,2.7820758121594865e-36,0.07134449960642973,True,False,False,Stim8hr,24
HIF3A-1,HIF3A,49,10,0.0,0.7386813163757324,0.14723971486091614,1.2560956478118896,0.662839412689209,5.831650288699308e-08,0.08622162615310246,0.5276982002476251,1.2915802787170804e-07,0.223572531795064,True,False,False,Stim8hr,24
ALKBH2-1,ALKBH2,58,14,0.23020900785923004,1.106150507926941,0.6666769981384277,1.5629427433013916,0.6620186567306519,8.453319078818476e-14,0.03866034539938226,0.42357191878460954,2.7082837512668636e-13,0.1338453607700392,True,False,False,Stim8hr,24
DEFB126-3,DEFB126,66,10,0.0,1.4396915435791016,0.3390524387359619,1.74079430103302,0.661738932132721,4.453344692848266e-15,0.08654253345342547,0.3801362008940589,1.5813667518130617e-14,0.2238740502878626,True,False,False,Stim8hr,24
UNC5C-3,UNC5C,83,10,7.396571891149506e-05,1.309104323387146,0.2605922222137451,2.052191734313965,0.6616806387901306,2.497335982852421e-22,0.0865404557553745,0.3224263248537673,1.375669265767851e-21,0.2238740502878626,True,False,False,Stim8hr,24
KRT25-3,KRT25,177,10,2.527847573219333e-05,1.9564250707626343,0.48504239320755005,2.5077269077301025,0.6611757874488831,1.0852150601261455e-56,0.08670572132986805,0.2636554185429042,3.850024438080555e-55,0.22390711140324474,True,False,False,Stim8hr,24
DNAJC6-2,DNAJC6,37,14,0.09123897552490234,0.9414505958557129,0.42495623230934143,1.2943214178085327,0.6606484055519104,6.49973166298851e-07,0.04169730618882414,0.5104206702153478,1.3397901034529088e-06,0.14067726316336565,True,False,False,Stim8hr,24
RAD54L-2,RAD54L,104,15,0.19102910161018372,0.6927497386932373,0.551016628742218,1.015692949295044,0.6598783135414124,6.93478349577074e-14,0.030384823302905668,0.6496828731551304,2.2310156221418842e-13,0.11445757144580601,True,False,False,Stim8hr,24
POU4F1-3,POU4F1,131,10,0.002081200946122408,0.4139085114002228,0.19605378806591034,0.9474751949310303,0.659873366355896,1.6509423157039687e-12,0.0861900809789746,0.6964545033856324,4.8771535025418235e-12,0.223572531795064,True,False,False,Stim8hr,24
RRP7A-3,RRP7A,33,10,0.5358771085739136,0.7084364295005798,0.9240237474441528,0.30821794271469116,0.6593194007873535,0.05676420446554191,0.048202007160045156,2.139133740820752,0.07478949869446357,0.15138222653089833,False,False,False,Stim8hr,24
AGPS-3,AGPS,105,11,0.808935821056366,1.1039332151412964,1.2163138389587402,0.49175041913986206,0.6592775583267212,3.4970556716764555e-06,0.03599450384689119,1.3406751324785584,6.783912398669716e-06,0.1275831429699555,True,False,False,Stim8hr,24
ZNF589-3,ZNF589,88,13,0.3168162405490875,1.4855560064315796,0.6685702800750732,1.5550283193588257,0.6589065790176392,4.079282791618977e-19,0.03048345432601362,0.42372641759303886,1.8959839609604065e-18,0.11453537963417644,True,False,False,Stim8hr,24
NME7-1,NME7,155,13,0.19998247921466827,0.9909185767173767,0.4965256452560425,1.49984872341156,0.6587017178535461,2.7232156847805734e-32,0.03284017144131738,0.4391787702130795,2.8081800141457275e-31,0.11991301871991587,True,False,False,Stim8hr,24
GLIS1-3,GLIS1,58,15,0.00010402878979220986,0.30392831563949585,0.2075914591550827,0.8581536412239075,0.6586653590202332,1.1118055964565636e-05,0.046385919674536764,0.7675378013671746,2.0789904455984195e-05,0.14829378546838382,True,False,False,Stim8hr,24
MDGA2-1,MDGA2,89,10,0.0,0.5687016844749451,0.12505047023296356,1.2150222063064575,0.6577198505401611,1.4126561060007025e-12,0.08772345599408671,0.5413233166655956,4.186008553183691e-12,0.22404117150345504,True,False,False,Stim8hr,24
ZFP28-3,ZFP28,71,10,0.003083279123529792,0.266590416431427,0.2540874481201172,0.6697654128074646,0.6550092101097107,7.577906762732256e-05,0.08769517271763984,0.9779681028378278,0.0001322969094875198,0.22404117150345504,True,False,False,Stim8hr,24
DNAJC4-4,DNAJC4,117,23,0.10519556701183319,0.4706023037433624,0.41742879152297974,0.7942790985107422,0.6547939777374268,4.651149427296417e-10,0.012115828787407827,0.8243877737248188,1.1755552179970748e-09,0.06518074605117553,True,False,False,Stim8hr,24
CYP4Z1-1,CYP4Z1,61,10,0.0001368451485177502,1.1800557374954224,0.38941970467567444,1.437752604484558,0.6542180776596069,3.0917397425707305e-11,0.08873813825611045,0.45502826815893516,8.40179731870767e-11,0.22599841002330617,True,False,False,Stim8hr,24
RPA3-1,RPA3,128,12,0.4414542317390442,0.7170668840408325,0.8306340575218201,0.5141915082931519,0.6541831493377686,2.1191366657007155e-07,0.03806733523319229,1.2722558400649517,4.514987044773921e-07,0.13208317601094793,True,False,False,Stim8hr,24
MSC-1,MSC,250,19,0.032231807708740234,0.8578230142593384,0.3763945698738098,1.4945836067199707,0.6539543271064758,5.886714565733228e-45,0.025156828792785243,0.4375495115603811,1.30827156469485e-43,0.10143190457815969,True,False,False,Stim8hr,24
SRGAP2-3,IKBKE,146,30,0.43057119846343994,1.2408968210220337,0.8229379057884216,1.2386592626571655,0.6522491574287415,3.231091974859036e-26,0.0015168996533303821,0.5265767407491386,2.267628433172394e-25,0.017956575880005092,True,True,False,Stim8hr,24
ZNF25-4,ZNF25,163,13,0.1032629981637001,0.10649820417165756,0.39028435945510864,0.01211584359407425,0.6521660089492798,0.4390347302866379,0.045413745504894264,53.82753614187033,0.4962722309320166,0.14617428553149794,False,False,False,Stim8hr,24
JAG1-4,JAG1,92,13,0.0042461808770895,0.6889505982398987,0.28841349482536316,1.0749127864837646,0.6519762277603149,5.087454083583511e-11,0.06037278545405423,0.6065387219860393,1.36052454641891e-10,0.17672590912324543,True,False,False,Stim8hr,24
ADAP2-4,ADAP2,129,10,0.0045098355039954185,2.2103683948516846,0.45736560225486755,2.185368537902832,0.6516901254653931,3.2537009999483075e-36,0.08910417598606948,0.2982060527378056,4.222168378120841e-35,0.22662541599146926,True,False,False,Stim8hr,24
TELO2-2,TELO2,80,13,0.5065323114395142,1.629364013671875,1.001771092414856,1.5010931491851807,0.6505247354507446,1.0764669983978052e-17,0.04143192313196336,0.43336733353547097,4.5593624127100904e-17,0.14015700651617657,True,False,False,Stim8hr,24
SHPRH-3,SHPRH,123,11,0.3700719475746155,0.623019278049469,0.7416642904281616,0.4795841574668884,0.6501383781433105,2.5477725594758005e-06,0.04673468270066135,1.3556293885462585,5.011310522631191e-06,0.14903083471661147,True,False,False,Stim8hr,24
IMMP2L-1,IMMP2L,143,11,0.4033849239349365,1.1730738878250122,0.821894109249115,1.0375778675079346,0.6497477889060974,1.334508487544415e-18,0.04745686088875334,0.6262159296696146,6.000632931784015e-18,0.15079121847067287,True,False,False,Stim8hr,24
SLC25A47-1,SLC25A47,76,10,0.00014388939598575234,1.5751484632492065,0.6109183430671692,1.3795443773269653,0.6494160890579224,6.535654103259324e-13,0.0901986618872921,0.47074679128209335,1.9775723331223633e-12,0.22793517627903986,True,False,False,Stim8hr,24
EIF4G3-3,EIF4G3,47,12,0.6562383770942688,0.724705696105957,0.958259105682373,0.12778230011463165,0.6493111848831177,0.18396968440635447,0.006455156948754642,5.081385953302061,0.22072937313042904,0.043209563858743465,False,True,True,Stim8hr,24
FBXL7-4,FBXL7,42,16,0.0,0.4365697503089905,0.13348086178302765,1.2123667001724243,0.6486143469810486,9.249479697528468e-07,0.04324098400657232,0.534998484277737,1.8884761346537797e-06,0.14370597672483,True,False,False,Stim8hr,24
RUNDC3A-1,RUNDC3A,73,15,0.001546409330330789,0.554620087146759,0.22629563510417938,1.0064775943756104,0.6485247611999512,2.5405058445818246e-08,0.04837473495472733,0.6443509173219869,5.785710306830338e-08,0.15138488960436663,True,False,False,Stim8hr,24
C3orf18-3,C3orf18,92,13,0.15321755409240723,0.4590073525905609,0.5330057740211487,0.6138343214988708,0.6483682990074158,4.374137653003806e-06,0.04829993458644069,1.056259443792943,8.419507368922707e-06,0.15138222653089833,True,False,False,Stim8hr,24
FAM3C-4,FAM3C,112,11,1.1744444370269775,2.3445122241973877,1.7034989595413208,1.5680408477783203,0.648134708404541,2.0885212781996868e-29,0.045030253283918055,0.4133404492126918,1.7907564928599088e-28,0.1456838476644808,True,False,False,Stim8hr,24
CBX8-2,CBX8,51,14,0.045326415449380875,0.524628221988678,0.3270074427127838,0.9767047762870789,0.647234320640564,2.614366442377832e-06,0.048518924943827084,0.6626713991314864,5.129251665487101e-06,0.1515264856627201,True,False,False,Stim8hr,24
PARD3B-2,PARD3B,84,10,0.0030760958325117826,1.1078181266784668,0.34462791681289673,2.0931923389434814,0.6472284197807312,4.0769514324225846e-23,0.0904912611775465,0.30920637713943355,2.3565876217007673e-22,0.22800662876314515,True,False,False,Stim8hr,24
PRMT7-2,PRMT7,87,10,0.19887235760688782,0.3980880379676819,0.5076765418052673,0.47472795844078064,0.6470879912376404,0.00010386500506779663,0.062439261527661216,1.3630711647213012,0.00017958333472573216,0.18040128884462545,True,False,False,Stim8hr,24
LPAR5-1,LPAR5,133,17,0.024309583008289337,0.997974157333374,0.31609293818473816,1.5525470972061157,0.6470808982849121,3.1686658374259072e-25,0.035681651201657304,0.41678664656896125,2.05936651988672e-24,0.1268308316209285,True,False,False,Stim8hr,24
C11orf70-1,CFAP300,176,26,9.129843419941608e-06,0.340628981590271,0.24372735619544983,0.9155672192573547,0.6470345854759216,2.349022293412527e-15,0.013998228497257006,0.7067035296444445,8.521265674133436e-15,0.07134449960642973,True,False,False,Stim8hr,24
RPRML-2,RPRML,19,10,0.00020744168432429433,0.6052441596984863,0.2650327980518341,1.0776569843292236,0.6470033526420593,0.001895396173512909,0.09086945256808042,0.6003796774395517,0.0029626099446137507,0.22831881724528713,True,False,False,Stim8hr,24
MEAF6-4,MEAF6,115,13,1.040345311164856,2.3108677864074707,1.594664216041565,2.044863224029541,0.6466615200042725,1.101076854558656e-40,0.04243892853057891,0.3162370531218133,1.8593293434839836e-39,0.14229080470093036,True,False,False,Stim8hr,24
RCN1-1,RCN1,484,39,0.8130797743797302,2.0109212398529053,1.40598464012146,1.306437611579895,0.6458753347396851,1.0489785359910061e-79,0.0013082244426871907,0.4943790113012883,9.893658533359074e-78,0.016753894430581777,True,True,False,Stim8hr,24
ARPC3-2,ARPC3,164,14,0.8315852284431458,1.3506871461868286,1.2043155431747437,0.8445740342140198,0.6457222700119019,7.05459072030508e-19,0.01791177055737638,0.7645537796018391,3.24763122802616e-18,0.08262267442897164,True,False,False,Stim8hr,24
MSRB3-2,MSRB3,80,10,0.0051509239710867405,0.9616910815238953,0.19256973266601562,1.3844504356384277,0.6455807685852051,1.353065784697068e-13,0.08926002096966335,0.4663083285372372,4.2852623992002966e-13,0.22686921996456103,True,False,False,Stim8hr,24
ABCA5-3,ABCA5,98,10,0.128261998295784,1.1314173936843872,0.49500641226768494,1.4670867919921875,0.6454244256019592,1.167175002623184e-18,0.07673740295645255,0.4399360890745421,5.291284566405454e-18,0.2084919956762238,True,False,False,Stim8hr,24
FAM13C-4,FAM13C,101,15,3.549529719748534e-05,0.5567101836204529,0.18007215857505798,1.0894732475280762,0.6425939798355103,4.05393572131122e-12,0.05012371445190491,0.589820797613436,1.1742748639932948e-11,0.15538351480090523,True,False,False,Stim8hr,24
IMPAD1-4,BPNT2,236,10,1.1098499298095703,1.9053914546966553,1.4680379629135132,1.4114816188812256,0.6425440311431885,9.527666041686828e-62,0.02944506056445096,0.455226637419823,4.386129117047972e-60,0.11202143917204617,True,False,False,Stim8hr,24
TFPT-4,TFPT,124,12,0.3790903091430664,1.351864218711853,0.7657778859138489,1.7458782196044922,0.6424447298049927,4.56117562698107e-34,0.0446660323191925,0.367977973830575,5.187666514569352e-33,0.14536824250959646,True,False,False,Stim8hr,24
AGAP3-3,AGAP3,156,28,0.12878352403640747,1.1275304555892944,0.4466486871242523,1.947251558303833,0.642107367515564,3.7975408051727076e-42,0.006707260224158511,0.3297505988773613,7.30601507144421e-41,0.044240521485308465,True,True,False,Stim8hr,24
DDX28-3,DDX28,172,13,0.45959365367889404,0.7628979086875916,0.8703068494796753,0.56121426820755,0.6420077085494995,6.03479465806714e-11,0.03671034183539967,1.1439618429517016,1.6060943525633608e-10,0.12928519689092066,True,False,False,Stim8hr,24
PLA1A-3,PLA1A,74,13,0.0016098489286378026,1.268703579902649,0.617533802986145,1.3889753818511963,0.6419525742530823,9.958521089137514e-13,0.06376249022900565,0.46217707141612674,2.977728968728434e-12,0.18338383121376378,True,False,False,Stim8hr,24
TNNT3-1,TNNT3,106,12,0.0005563197773881257,0.8985863327980042,0.31051620841026306,1.1196510791778564,0.6415730714797974,4.052552604540226e-13,0.07211047701618149,0.5730116135384741,1.2437476922029407e-12,0.19848749932692752,True,False,False,Stim8hr,24
TMC5-4,TMC5,288,25,0.0008798393537290394,1.0679234266281128,0.29224205017089844,1.7479474544525146,0.6413414478302002,3.3615470289525174e-60,0.01626372409102412,0.3669111712692065,1.4443447067732651e-58,0.07799962541037903,True,False,False,Stim8hr,24
MED10-1,MED10,85,10,0.7442448139190674,0.8390783667564392,1.133301854133606,0.16800537705421448,0.6410355567932129,0.06295391264177912,0.04486212253017939,3.8155657160089227,0.08243913992067722,0.1453886438810098,False,False,False,Stim8hr,24
PDCD10-3,PDCD10,54,10,1.0167261362075806,1.1802763938903809,1.3218410015106201,0.2790777385234833,0.6409372687339783,0.025481823181134837,0.012294497839640988,2.29662628099606,0.0352551736105361,0.06532240888603319,True,False,False,Stim8hr,24
CITED2-1,CITED2,211,17,0.26636359095573425,1.367938756942749,0.7078633308410645,1.2381926774978638,0.6401483416557312,1.9041841709476606e-31,0.023785331623227712,0.5170022027180302,1.859464694205708e-30,0.09852806593542958,True,False,False,Stim8hr,24
PMM2-3,PMM2,57,10,0.7949851751327515,1.6506651639938354,1.3155171871185303,1.273193597793579,0.639647901058197,4.753247142911837e-12,0.06633401432607915,0.5023964165125359,1.3666027287464739e-11,0.1884862826305269,True,False,False,Stim8hr,24
TNKS1BP1-2,TNKS1BP1,33,10,0.15459631383419037,0.974477231502533,0.5853532552719116,1.4625259637832642,0.6394023299217224,1.1692615013849907e-07,0.08091884359306155,0.43719041285784466,2.5373368270795506e-07,0.21774609948418333,True,False,False,Stim8hr,24
MAIP1-1,MAIP1,213,14,0.4289666414260864,0.8597373366355896,0.8027454018592834,0.6778070330619812,0.6390184760093689,8.467272212090177e-15,0.029501151088143305,0.9427734514978612,2.936586694542844e-14,0.11202143917204617,True,False,False,Stim8hr,24
LRBA-3,LRBA,103,11,0.9084331393241882,1.7234123945236206,1.4066746234893799,1.1453777551651,0.6385154724121094,4.233983347998303e-18,0.05008941627386415,0.5574715149938203,1.8375772847036407e-17,0.15538351480090523,True,False,False,Stim8hr,24
MUS81-3,MUS81,30,11,0.3198506832122803,0.8235401511192322,0.6511817574501038,1.0988050699234009,0.6383481025695801,2.2186344541971876e-06,0.0482363472573222,0.5809475402348482,4.379509665329517e-06,0.15138222653089833,True,False,False,Stim8hr,24
FTSJ1-2,FTSJ1,76,10,0.4780346751213074,0.8428773283958435,0.839870274066925,0.6257972717285156,0.6379052400588989,4.308894600922127e-06,0.05317797117299404,1.019348068260093,8.306328724708806e-06,0.1619344123404516,True,False,False,Stim8hr,24
GLMN-2,GLMN,32,11,0.4712638258934021,1.822784662246704,1.0186911821365356,1.7009984254837036,0.6369203329086304,7.190021375000885e-09,0.06610727466486736,0.37443910785955775,1.688148916644106e-08,0.18828413477560793,True,False,False,Stim8hr,24
C1R-3,C1R,262,32,0.028033336624503136,1.4912070035934448,0.5385192036628723,1.5075632333755493,0.6365623474121094,1.1276875069197045e-45,0.007651920044889726,0.42224586890912535,2.5803358516322466e-44,0.04913338134087087,True,True,False,Stim8hr,24
CDC27-2,CDC27,42,13,0.7062991261482239,0.7588306665420532,1.0520190000534058,0.09079911559820175,0.6365256309509277,0.2861911839629936,0.017910901248633822,7.01026245418115,0.33274242585234404,0.08262267442897164,False,False,False,Stim8hr,24
IL23A-4,IL23A,59,12,0.28745242953300476,1.7881919145584106,0.8569064736366272,1.385946273803711,0.6360495686531067,3.212289659651046e-11,0.05825258839306529,0.45892801234457464,8.717139729031995e-11,0.17260570360409327,True,False,False,Stim8hr,24
TXNDC12-4,TXNDC12,48,12,0.4907241761684418,1.2610994577407837,0.9275352954864502,0.9995179772377014,0.6351838707923889,7.596973392295893e-07,0.04885480726127434,0.6354901915299238,1.5601431815192894e-06,0.15219841932630937,True,False,False,Stim8hr,24
A2ML1-2,A2ML1,62,11,1.7738775568432175e-05,1.0206941366195679,0.16797322034835815,1.3662118911743164,0.6351534128189087,1.0456775037915576e-10,0.08358351858680196,0.46490110130205914,2.745169658629975e-10,0.22130434845515023,True,False,False,Stim8hr,24
LRCH1-1,LRCH1,70,17,0.3611220121383667,1.2923132181167603,0.7764646410942078,1.5454598665237427,0.635082483291626,8.89462012761802e-17,0.024790304996542317,0.41093430961758937,3.520521600153417e-16,0.10041023055263489,True,False,False,Stim8hr,24
TMEM26-2,TMEM26,143,11,4.5574826799565926e-05,0.3703169822692871,0.12726886570453644,0.975729763507843,0.6349307298660278,4.8549677191843216e-14,0.08363136640025122,0.6507239541237221,1.5803165126334825e-13,0.22130434845515023,True,False,False,Stim8hr,24
PREX2-4,PREX2,100,12,0.0,1.2489765882492065,0.3293398916721344,2.0507025718688965,0.6349037289619446,1.5705848207447e-26,0.07409216133845317,0.3096030295526126,1.1247132410777324e-25,0.20261500663921178,True,False,False,Stim8hr,24
SH2D1B-4,SH2D1B,217,12,0.0003405033203307539,2.68707013130188,0.4598345458507538,4.343411922454834,0.6343548893928528,1.8255851256056264e-112,0.07423423128429088,0.14604990286860117,2.823815072286783e-110,0.2027103701929156,True,False,False,Stim8hr,24
KCNS3-2,KCNS3,71,11,0.00025352786178700626,0.7606814503669739,0.16891299188137054,1.4402143955230713,0.6338697075843811,7.73456802560921e-13,0.0838742187378575,0.44012176906075573,2.3312217112260962e-12,0.22130434845515023,True,False,False,Stim8hr,24
SC5D-4,SC5D,64,13,0.31722167134284973,0.5114419460296631,0.6759881973266602,0.37179291248321533,0.6336357593536377,0.005659362001678874,0.03886869109169164,1.7042706788614301,0.008368930348180577,0.13412535557370234,True,False,False,Stim8hr,24
RAB7L1-3,RAB29,54,14,0.42375367879867554,0.5111005306243896,0.7375825047492981,0.16241154074668884,0.6332091689109802,0.1360142922776313,0.01719169663392392,3.898794174353584,0.1696121471259594,0.08099247496294797,False,False,False,Stim8hr,24
FAM129B-3,NIBAN2,167,29,0.43601149320602417,2.68843150138855,0.9534478783607483,3.1379032135009766,0.6331073641777039,5.161920216738746e-76,0.005789534173032118,0.20176127850397985,4.435810106250829e-74,0.039968532002546846,True,True,False,Stim8hr,24
ACPL2-1,PXYLP1,63,12,0.09042832255363464,0.9159300327301025,0.29408127069473267,1.524791955947876,0.6328513622283936,2.750553433907451e-13,0.044035197511988464,0.41504112069832244,8.543285244112541e-13,0.14455290019916106,True,False,False,Stim8hr,24
MAGEH1-4,MAGEH1,35,10,0.29021936655044556,1.0110026597976685,0.5700258016586304,1.1408151388168335,0.6324747204780579,2.411467840997894e-06,0.04308334729688686,0.5544059672402423,4.748037750070701e-06,0.14330802064804407,True,False,False,Stim8hr,24
C16orf96-4,C16orf96,85,14,0.002121357014402747,0.9539245367050171,0.14409677684307098,1.4776769876480103,0.6317833662033081,1.5160171461496246e-15,0.05798551684861766,0.4275517393073201,5.5779622304097036e-15,0.17254226964710623,True,False,False,Stim8hr,24
LHX2-4,LHX2,70,11,0.001190546783618629,1.1764214038848877,0.47892114520072937,1.2263635396957397,0.6316725015640259,2.2623624462474645e-10,0.08453951376630274,0.5150776919874376,5.832370386425963e-10,0.22187955660246841,True,False,False,Stim8hr,24
LRRC41-4,LRRC41,34,10,0.9808615446090698,1.0200586318969727,1.3383252620697021,0.06845811754465103,0.6316623687744141,0.3402833413286509,0.03210619298902443,9.226990040478682,0.39174625808808966,0.11795309250150003,False,False,False,Stim8hr,24
TGDS-1,TGDS,198,19,0.6355860829353333,1.6162192821502686,1.0842061042785645,1.4750396013259888,0.630053699016571,1.0464034581755846e-43,0.01663039554084662,0.427143582077514,2.175506544497304e-42,0.07918717595677435,True,False,False,Stim8hr,24
CNNM1-3,CNNM1,20,10,0.003438121872022748,0.3478993773460388,0.2867017686367035,0.9408559203147888,0.6295041441917419,0.003766595496213216,0.09577499168603507,0.6690760302397037,0.0057007533400612554,0.23490338427794075,True,False,False,Stim8hr,24
SDPR-4,CAVIN2,71,11,0.00019602457177825272,1.2852331399917603,0.20915621519088745,1.5771870613098145,0.6287952661514282,2.4751776242054658e-14,0.08545532670416442,0.39868147639331347,8.258422668509522e-14,0.22315176527881886,True,False,False,Stim8hr,24
PPP1R16A-3,PPP1R16A,45,10,0.1537688821554184,0.3800197243690491,0.4605433940887451,0.5109959244728088,0.6283404231071472,0.0036475488208832464,0.07393871779629482,1.2296388151341948,0.005529232179676799,0.2023417009447084,True,False,False,Stim8hr,24
PPCS-4,PPCS,75,10,0.36314842104911804,1.1045809984207153,0.7756112813949585,1.3820264339447021,0.6254712343215942,8.324504418402952e-17,0.07152387580094163,0.4525754493250313,3.3016265216373556e-16,0.1976440751159542,True,False,False,Stim8hr,24
CCDC28B-3,CCDC28B,185,19,0.16137516498565674,2.588988780975342,0.5578964352607727,3.396735668182373,0.6249791383743286,1.026265812129051e-82,0.026496592352412734,0.18399404588016152,1.0443604988165894e-80,0.10493205474013084,True,False,False,Stim8hr,24
KCNJ1-4,KCNJ1,95,15,2.2989856006461196e-05,0.3516594469547272,0.41360118985176086,0.6773108243942261,0.6243956685066223,5.040086854745589e-06,0.054663837155904574,0.9218746342420704,9.643748573627507e-06,0.16512670297414625,True,False,False,Stim8hr,24
SGK494-3,RSKR,83,13,0.010730993002653122,0.29530176520347595,0.30400320887565613,0.6486743688583374,0.624235212802887,3.131464740167768e-05,0.0672065656336828,0.9623244616579144,5.637511243123259e-05,0.18978671747623233,True,False,False,Stim8hr,24
HMHB1-3,HMHB1,120,10,0.002318940358236432,0.44197946786880493,0.15902525186538696,1.0696059465408325,0.6230303049087524,9.200064249877534e-14,0.0973057894614129,0.5824858275364572,2.9353670341812233e-13,0.2372730469007502,True,False,False,Stim8hr,24
NDUFA1-3,NDUFA1,40,11,1.075652003288269,1.4512269496917725,1.519492268562317,0.5770499110221863,0.6229850649833679,0.0010680497625689296,0.05331377888880194,1.0796034330545379,0.0016982518223084089,0.16208417343846376,True,False,False,Stim8hr,24
CPLX2-3,CPLX2,98,11,7.69953039707616e-05,1.1738581657409668,0.16398535668849945,1.5169856548309326,0.6223715543746948,3.1005592449308562e-18,0.08748416198691224,0.41026858256221144,1.3547867344799573e-17,0.22404117150345504,True,False,False,Stim8hr,24
RS1-3,RS1,159,11,0.0,0.5923584699630737,0.29466450214385986,0.782324492931366,0.6219487190246582,3.9424674858324966e-11,0.08767898864833708,0.7950009550311016,1.0631465667862109e-10,0.22404117150345504,True,False,False,Stim8hr,24
ZBTB8OS-3,ZBTB8OS,66,10,0.31547048687934875,0.7978734970092773,0.6427891850471497,0.8912073969841003,0.6219083666801453,2.6179766649778993e-08,0.06225650445762332,0.6978267559097027,5.955126919687963e-08,0.18001077970851023,True,False,False,Stim8hr,24
CCDC125-4,CCDC125,57,10,0.22680479288101196,1.5768687725067139,0.6220371127128601,2.110950469970703,0.6214781403541565,5.104916289255725e-18,0.07985553579058126,0.2944067846190544,2.2056660659834512e-17,0.2152627486528712,True,False,False,Stim8hr,24
KEAP1-4,KEAP1,95,12,0.6767045855522156,1.4739768505096436,1.08856999874115,1.3305283784866333,0.6212137341499329,9.420373219896472e-21,0.044844751896110716,0.46689250991888837,4.737136962462894e-20,0.1453886438810098,True,False,False,Stim8hr,24
OSTC-4,OSTC,44,11,0.7725038528442383,0.9202582836151123,1.0999294519424438,0.27423322200775146,0.6203573942184448,0.03441632635671436,0.027921770628539132,2.262152592879173,0.04691150300367093,0.10853045890764132,True,False,False,Stim8hr,24
ZNF621-4,ZNF621,119,12,0.261603444814682,0.912506103515625,0.6366984248161316,1.108473300933838,0.6194691061973572,3.410019148746123e-17,0.05675788979600818,0.558848919207601,1.3924544929462784e-16,0.16950362181932396,True,False,False,Stim8hr,24
DSC3-4,DSC3,162,12,0.0003627882106229663,1.4021177291870117,0.345744252204895,1.3677681684494019,0.6190692186355591,2.875772102029266e-25,0.07875663406061796,0.45261268167790414,1.8784815402951305e-24,0.21260356175393083,True,False,False,Stim8hr,24
PLEK2-1,PLEK2,855,72,0.009386703372001648,1.2303262948989868,0.3350040018558502,1.4935591220855713,0.6189836263656616,5.159109411169694e-142,0.00018651784349386243,0.41443530236776116,1.662523007749434e-139,0.00583972419163988,True,True,False,Stim8hr,24
CNTN5-1,CNTN5,67,11,1.2884241186839063e-05,0.31737956404685974,0.137442484498024,0.9653400778770447,0.6183319091796875,2.3588676559638033e-07,0.0888208344616768,0.640532723493165,5.006444141389696e-07,0.22605679403368883,True,False,False,Stim8hr,24
LRRC57-2,LRRC57,33,10,0.32582396268844604,0.869666576385498,0.6083782315254211,0.856092631816864,0.6178281307220459,0.00018327703067343585,0.046478922721286293,0.7216837381380619,0.00031071121333370294,0.14846561294924387,True,False,False,Stim8hr,24
NFIX-1,NFIX,100,12,0.04850773513317108,1.4113438129425049,0.3575999438762665,2.056575298309326,0.6177266240119934,2.8581830605004968e-27,0.07189302350108712,0.30036664571426847,2.1799987958491955e-26,0.1980330771166143,True,False,False,Stim8hr,24
FOXD2-1,FOXD2,76,11,0.0012329837772995234,0.740554928779602,0.16937138140201569,1.4834697246551514,0.61752849817276,3.7612502075112736e-14,0.08826580896866086,0.41627307110450884,1.2367988565005183e-13,0.22509864431522278,True,False,False,Stim8hr,24
HNRNPUL1-2,HNRNPUL1,105,12,0.9596078991889954,1.040785312652588,1.2933154106140137,0.14493270218372345,0.6168110370635986,0.06388260043259775,0.020709146560911825,4.255844455875115,0.08357037072830023,0.0908607799227013,False,False,False,Stim8hr,24
MAST4-3,MAST4,199,18,0.19660316407680511,1.1443597078323364,0.5928411483764648,1.5874273777008057,0.6163430213928223,6.491942267472038e-43,0.029112579733731596,0.3882653342450977,1.3007430439541126e-41,0.11144106938560008,True,False,False,Stim8hr,24
SEPT8-2,SEPTIN8,71,22,0.41237491369247437,2.14072847366333,0.848637580871582,2.5020461082458496,0.6160160303115845,2.6159927321607914e-27,0.014238406203242047,0.24620490736817993,1.9992181611197194e-26,0.07189539687671752,True,False,False,Stim8hr,24
NUPR1-4,NUPR1,166,11,0.00016643042908981442,0.6593301296234131,0.46414250135421753,0.9638901352882385,0.6158633232116699,9.839627208580555e-16,0.08960266231716803,0.6389351863503657,3.669222605166924e-15,0.22758715170149732,True,False,False,Stim8hr,24
ERCC6L-4,ERCC6L,54,11,0.19559496641159058,1.57774817943573,0.5601847171783447,1.9794048070907593,0.615563154220581,1.2636958633423474e-15,0.07109277014671922,0.31098396448036736,4.662893037733643e-15,0.19697645179112974,True,False,False,Stim8hr,24
ZNF783-4,ZNF783,41,11,0.19888003170490265,0.4636276066303253,0.4556087255477905,0.5126262307167053,0.614518404006958,0.005243095694963237,0.04773249773303537,1.1987650400717824,0.007789109125018377,0.15125212956339765,True,False,False,Stim8hr,24
SLAMF6-3,SLAMF6,49,10,0.43766114115715027,1.2475671768188477,0.9570816159248352,1.1248807907104492,0.6138328313827515,4.379484971541776e-09,0.07259611963775801,0.5456870065272148,1.0402621858078653e-08,0.19909972767947848,True,False,False,Stim8hr,24
F2RL3-4,F2RL3,35,11,0.0006050975061953068,0.2789359390735626,0.12516121566295624,0.763696014881134,0.6127414107322693,0.0014990789314587216,0.09019170341497756,0.8023367921170046,0.002356641061122971,0.22793517627903986,True,False,False,Stim8hr,24
ZMAT3-2,ZMAT3,38,11,0.24757333099842072,0.698220431804657,0.6356939077377319,0.773428738117218,0.612641453742981,0.00018137080799816667,0.06718302159457527,0.7921110550331416,0.00030774941401005287,0.18978671747623233,True,False,False,Stim8hr,24
ZDHHC24-3,ZDHHC24,143,12,0.16837580502033234,0.8784149885177612,0.42550480365753174,1.3924288749694824,0.6116139888763428,7.35472330627405e-27,0.04966069794446904,0.43924253501978505,5.376316639954963e-26,0.15432765786851432,True,False,False,Stim8hr,24
OSMR-1,OSMR,243,15,0.0003630855353549123,1.1933139562606812,0.3464438021183014,1.6611742973327637,0.6113269329071045,6.791834204202666e-48,0.058107582096262086,0.3680089042364014,1.6944530882355943e-46,0.17260570360409327,True,False,False,Stim8hr,24
C18orf54-2,C18orf54,103,16,0.21393226087093353,1.6714705228805542,0.568945050239563,2.134024143218994,0.611162006855011,4.435961338556119e-31,0.035594177974866394,0.28638945290146767,4.183868901511344e-30,0.12663892859919537,True,False,False,Stim8hr,24
LMBR1L-4,LMBR1L,109,10,0.22185692191123962,1.1409777402877808,0.6498597860336304,1.298338532447815,0.6110606789588928,3.85051400677507e-18,0.08687160273833694,0.4706481889641164,1.674908623644454e-17,0.22404117150345504,True,False,False,Stim8hr,24
ARHGAP6-1,ARHGAP6,117,11,5.837498520122608e-06,1.000548005104065,0.34110018610954285,1.9238603115081787,0.6106089949607849,1.3547377169188566e-28,0.0913241375470076,0.3173873858243419,1.0982747906342177e-27,0.2288852804524737,True,False,False,Stim8hr,24
SLC25A37-3,SLC25A37,43,10,0.24211812019348145,0.7362924218177795,0.5657389163970947,0.7975372672080994,0.6105950474739075,8.228452683603933e-05,0.07159502456606484,0.7656006466147826,0.0001433307501238577,0.1976440751159542,True,False,False,Stim8hr,24
TMEM222-2,TMEM222,81,11,0.14504489302635193,0.2783084809780121,0.3977949917316437,0.35494697093963623,0.6101144552230835,0.0038842825888823047,0.06363667483191623,1.718889031812141,0.005867390926253075,0.18316126652534792,True,False,False,Stim8hr,24
SEC61G-3,SEC61G,128,13,0.989151120185852,2.27358341217041,1.4469424486160278,1.665812373161316,0.6098456978797913,5.55590059356935e-32,0.043853483996928566,0.36609507031242006,5.580433141644851e-31,0.14432071579559128,True,False,False,Stim8hr,24
LCE1C-3,LCE1C,215,18,0.00018879110575653613,0.8476760983467102,0.3745570778846741,0.8922343850135803,0.6089672446250916,1.1710561047542943e-17,0.04264515422213035,0.6825193635816027,4.932978166759103e-17,0.142518269107909,True,False,False,Stim8hr,24
BUD31-4,BUD31,63,11,1.0353708267211914,1.0121856927871704,1.313043475151062,-0.039572905749082565,0.6088404655456543,0.6213440133202113,0.004394913199571933,,0.6837613259844214,0.03493829396398549,False,True,False,Stim8hr,24
FAM193B-1,FAM193B,51,11,0.36024799942970276,0.35491639375686646,0.6964657306671143,-0.011349008418619633,0.6085099577903748,0.5312723709544678,0.0545719033814663,,0.591713784124691,0.16498076625795807,False,False,False,Stim8hr,24
PCDH7-3,PCDH7,18,11,1.6736819816287607e-05,0.6150112152099609,0.4718020260334015,1.0114712715148926,0.6081491112709045,0.0037419888089743466,0.09213106965562903,0.6012519864850658,0.005665728552977212,0.2295649345514879,True,False,False,Stim8hr,24
KLF11-1,KLF11,28,12,0.0665094181895256,0.10377198457717896,0.3352055251598358,0.16951307654380798,0.607460081577301,0.1828070296996943,0.0695104943767781,3.583558826037309,0.21953875274804904,0.19430058369029918,False,False,False,Stim8hr,24
LIN7C-4,LIN7C,59,13,0.7621842622756958,1.5657886266708374,1.1937705278396606,1.2633531093597412,0.6070547699928284,9.964265025949298e-13,0.042140468072205846,0.4805107657513738,2.977728968728434e-12,0.14150194113811718,True,False,False,Stim8hr,24
UHRF1BP1L-4,BLTP3B,141,10,0.6649373769760132,1.2257249355316162,0.9998650550842285,0.9434705972671509,0.606842041015625,1.4962863226826766e-19,0.04443767898443283,0.6432018578781349,7.117022398295093e-19,0.14488215682683186,True,False,False,Stim8hr,24
ABHD14B-4,ABHD14B,83,12,0.21329040825366974,0.8353884816169739,0.5495418906211853,1.2716305255889893,0.6056077480316162,1.7257290539235042e-15,0.060743457319497714,0.4762450537675737,6.315380907050051e-15,0.17705083221917406,True,False,False,Stim8hr,24
WDR19-3,WDR19,112,10,0.06914236396551132,0.7505205273628235,0.3010409474372864,1.2166743278503418,0.6048083901405334,2.921150291105744e-16,0.08673292390421829,0.4970996562482976,1.1173183160935619e-15,0.22390711140324474,True,False,False,Stim8hr,24
GLRB-1,GLRB,96,12,1.965381670743227e-05,0.9302738308906555,0.3237190246582031,1.4335495233535767,0.6044635772705078,1.154070242614193e-16,0.08338242244752762,0.42165517648560535,4.535355313200288e-16,0.22129987487477157,True,False,False,Stim8hr,24
GLB1-3,GLB1,61,11,0.48665595054626465,1.3372446298599243,0.8275386691093445,1.149117112159729,0.6037321090698242,4.4459370422948547e-10,0.0479464267585149,0.5253877978852207,1.1244237110892218e-09,0.1512694345290756,True,False,False,Stim8hr,24
IDH3B-3,IDH3B,69,10,0.7554718852043152,1.589500904083252,1.1594383716583252,1.2924085855484009,0.6037120223045349,1.5015027375390292e-14,0.06462365753295984,0.4671216433062962,5.1383283947463946e-14,0.1852969467700183,True,False,False,Stim8hr,24
MOSPD2-1,MOSPD2,65,11,0.30431637167930603,1.0773762464523315,0.6502765417098999,1.0245025157928467,0.603607177734375,1.1036549906490842e-08,0.06278018873443149,0.5891710058586364,2.563263572876882e-08,0.18124784259054952,True,False,False,Stim8hr,24
GABBR2-2,GABBR2,55,11,0.00015367355081252754,0.8095049858093262,0.3188866674900055,1.1680243015289307,0.603576123714447,5.357604773663582e-08,0.09362113413218272,0.5167496283462362,1.1893144465991431e-07,0.23111953608871738,True,False,False,Stim8hr,24
DIRAS2-2,DIRAS2,86,12,0.0001460212079109624,1.122877836227417,0.3597817122936249,1.741336464881897,0.6032266020774841,3.7804590224310136e-19,0.08376636474343938,0.34641587897741344,1.763454166434346e-18,0.22130434845515023,True,False,False,Stim8hr,24
RASSF2-2,RASSF2,166,23,0.5139656662940979,1.1824532747268677,0.8500171899795532,1.0265966653823853,0.6024868488311768,2.1176425236677855e-23,0.004967284180784921,0.5868778549039639,1.2464115127889386e-22,0.03720053222124469,True,True,False,Stim8hr,24
SUV39H1-3,SUV39H1,117,10,0.4180888831615448,0.8425292372703552,0.9119169116020203,0.7428517937660217,0.601553738117218,4.349535394907544e-11,0.08602370997104536,0.8097897092871411,1.16803148417413e-10,0.2234489499385258,True,False,False,Stim8hr,24
SMYD1-3,SMYD1,62,11,1.0987111636495683e-05,0.47533828020095825,0.26843416690826416,0.7547466158866882,0.6013979315757751,4.383489075165369e-05,0.0943789181311779,0.796820971325911,7.793541266052636e-05,0.232686485249097,True,False,False,Stim8hr,24
FBXW8-3,FBXW8,58,11,0.2404719591140747,0.7105912566184998,0.4973612129688263,0.9220578670501709,0.6005085706710815,9.408211031781016e-08,0.04655387972095267,0.6512699388295624,2.0566168490614579e-07,0.14857955536256795,True,False,False,Stim8hr,24
TAP2-3,TAP2,164,21,1.7829651832580566,3.180847644805908,2.225803852081299,1.7063637971878052,0.5996242761611938,6.248631544789355e-42,0.012247698832047871,0.3514047105016013,1.1729834069757494e-40,0.06532240888603319,True,False,False,Stim8hr,24
FERMT3-4,FERMT3,161,15,1.417777180671692,3.3652710914611816,1.9962174892425537,2.2972633838653564,0.5983003377914429,3.398299368212983e-55,0.044069141705349736,0.2604404623316407,1.113663021769458e-53,0.14455290019916106,True,False,False,Stim8hr,24
PTPRQ-3,PTPRQ,21,10,0.0,0.8746201395988464,0.18761837482452393,1.3867437839508057,0.5978729724884033,0.00011103827108727771,0.1070338312151443,0.4311344167594356,0.00019151873072903786,0.2520525363289917,True,False,False,Stim8hr,24
KCNH8-4,KCNH8,184,12,4.3213938624830917e-05,0.3894331455230713,0.20920266211032867,0.940037727355957,0.5978415608406067,1.2939954040986577e-16,0.08552606310758304,0.635976135258055,5.064656100859827e-16,0.22315176527881886,True,False,False,Stim8hr,24
AQP5-1,AQP5,58,10,2.090960151690524e-05,0.5600249767303467,0.6512205004692078,0.721337080001831,0.597685694694519,0.00013467460038300928,0.10709900208373604,0.8285803007562038,0.00023064069073564967,0.2520525363289917,True,False,False,Stim8hr,24
TNFRSF1A-3,TNFRSF1A,97,14,0.7229293584823608,1.8555376529693604,1.267289161682129,1.4603983163833618,0.5974550843238831,2.9336151253581214e-21,0.04934942203914504,0.4091041996018353,1.520682264042876e-20,0.1534864425592488,True,False,False,Stim8hr,24
NBEA-3,NBEA,147,16,0.006365620531141758,0.7482866644859314,0.288237601518631,1.4909805059432983,0.5971399545669556,4.867141560148352e-26,0.055099673046860816,0.4005015170799722,3.354944102155736e-25,0.16602774180394103,True,False,False,Stim8hr,24
AVIL-4,AVIL,74,12,0.003654778003692627,1.2823402881622314,0.4032382071018219,1.3624731302261353,0.5963894724845886,1.971882901713555e-12,0.08571020058976957,0.4377256763849746,5.80751803573977e-12,0.22315176527881886,True,False,False,Stim8hr,24
TNRC6C-2,TNRC6C,66,12,0.1661834418773651,0.448091983795166,0.4155445396900177,0.6119441390037537,0.5957485437393188,6.702944044856221e-05,0.05406501093631386,0.97353419334843,0.00011760564710280855,0.16410423062691737,True,False,False,Stim8hr,24
NPHS1-3,NPHS1,28,12,0.00021510683291126043,1.1727529764175415,0.11260505765676498,1.4395060539245605,0.5956358313560486,5.394798890396255e-06,0.0857691966345324,0.41377792731899393,1.0271633337844568e-05,0.22315176527881886,True,False,False,Stim8hr,24
GJD2-2,GJD2,54,11,1.805147621780634e-05,0.8542349934577942,0.48323294520378113,1.1219289302825928,0.5952173471450806,1.687079573124301e-07,0.09647806799435829,0.5305303491863398,3.6264239629081e-07,0.23647443496737724,True,False,False,Stim8hr,24
DOCK7-3,DOCK7,43,13,0.08935826271772385,0.8036956787109375,0.3480783700942993,1.0857893228530884,0.5943261981010437,2.5520036917904493e-06,0.06169411790388301,0.5473678784567109,5.017080974150313e-06,0.17879475395592764,True,False,False,Stim8hr,24
ALOXE3-2,ALOXE3,275,20,8.075087680481374e-05,0.7809156775474548,0.34327977895736694,1.3485695123672485,0.5941340923309326,9.010920705291168e-41,0.03784507453995487,0.4405661605741057,1.5282995775158308e-39,0.1319171169678427,True,False,False,Stim8hr,24
ESPN-2,ESPN,48,12,2.4043656594585627e-05,0.015210595913231373,0.10440593957901001,0.20357710123062134,0.5941165089607239,0.16159473357758886,0.08672508938474831,2.9183857387166636,0.1971873886855589,0.22390711140324474,False,False,False,Stim8hr,24
ADCK5-3,ADCK5,81,13,0.06228726729750633,0.42549610137939453,0.2585516571998596,0.8662706613540649,0.5935401916503906,4.527512236199664e-08,0.05875211477767734,0.6851671401668271,1.0108481418812992e-07,0.17345862458171407,True,False,False,Stim8hr,24
CD247-4,CD247,537,27,1.3059746026992798,3.259399175643921,1.8602722883224487,2.3867006301879883,0.592927098274231,6.76858172672103e-198,0.008808174037287855,0.24842960645111536,2.9082339485811356e-195,0.053300022734436264,True,False,False,Stim8hr,24
NELL1-4,NELL1,98,12,1.644994154048618e-05,0.8074020743370056,0.13199482858181,1.5413652658462524,0.5926058292388916,1.3343028165772595e-18,0.08725578940450075,0.3844681350812291,6.000632931784015e-18,0.22404117150345504,True,False,False,Stim8hr,24
NR2E3-2,NR2E3,78,10,0.0,0.8866037130355835,0.334346741437912,1.3855878114700317,0.5921554565429688,2.799594010406488e-13,0.1090552519636812,0.42736768585942214,8.681660014628619e-13,0.2545901316252471,True,False,False,Stim8hr,24
WDR3-4,WDR3,16,10,0.9809586405754089,0.6693177223205566,1.2745803594589233,-0.5661174058914185,0.59183669090271,0.9887822259585101,0.01403134281917599,,1.0,0.07134449960642973,False,False,False,Stim8hr,24
C1orf95-1,STUM,62,12,2.4902481527533382e-05,0.3071993291378021,0.08723572641611099,0.9507840871810913,0.5918169021606445,8.627561813619894e-07,0.08749933822061633,0.6224514168251156,1.7680329376400704e-06,0.22404117150345504,True,False,False,Stim8hr,24
FCGR3A-2,FCGR3A,83,18,0.00025704270228743553,1.7291711568832397,0.3242094814777374,1.9567641019821167,0.5912870764732361,3.463767247402461e-21,0.04696766348720995,0.302175962791983,1.7883027964893613e-20,0.14964760177643474,True,False,False,Stim8hr,24
NHLRC3-4,NHLRC3,107,11,0.14480967819690704,0.4746367931365967,0.3654804229736328,0.6642169952392578,0.5909328460693359,1.9484711213384564e-07,0.058926666331762176,0.8896683618528548,4.1651397602077453e-07,0.17383826214253084,True,False,False,Stim8hr,24
MANEAL-4,MANEAL,877,68,0.09138337522745132,1.2690478563308716,0.5454784631729126,1.2950876951217651,0.5908089876174927,2.3682271725497647e-122,0.0003467531677055292,0.4561922639238298,4.57896723812497e-120,0.008297456723270478,True,True,False,Stim8hr,24
USP43-4,USP43,70,11,0.0005787014379166067,0.5860108733177185,0.25279921293258667,1.247704267501831,0.5904799699783325,1.324823343041719e-10,0.0979789751150451,0.47325314608452757,3.461548559150221e-10,0.2382796922196558,True,False,False,Stim8hr,24
PPP1R1A-3,PPP1R1A,112,11,0.0015693804016336799,2.7901408672332764,0.4061504304409027,3.073953151702881,0.5898635387420654,2.3280635463727983e-44,0.09817270701932901,0.1918908680879857,5.029397616661235e-43,0.2383114107491029,True,False,False,Stim8hr,24
FIGNL1-4,FIGNL1,70,11,0.5184483528137207,1.2111009359359741,0.8631594181060791,1.1147918701171875,0.5882497429847717,3.192961501929482e-12,0.05142089642625317,0.5276767428550897,9.283595584933314e-12,0.1583663113062618,True,False,False,Stim8hr,24
CWC15-1,CWC15,65,10,1.2069066762924194,1.5009667873382568,1.5700290203094482,0.5160126090049744,0.5869144201278687,3.7632324769732186e-05,0.05682987637940317,1.1374032531096752,6.724778183204915e-05,0.16950362181932396,True,False,False,Stim8hr,24
UBE2R2-1,UBE2R2,59,11,1.2929339408874512,1.8605347871780396,1.6973563432693481,0.8195472955703735,0.5866957306861877,4.792331093626556e-07,0.06010287742151381,0.7158778192024537,9.974135812192623e-07,0.1763452927914393,True,False,False,Stim8hr,24
DENND1C-2,DENND1C,202,10,0.5254687070846558,2.7198753356933594,1.0353014469146729,3.4795663356781006,0.5864479541778564,7.111714230812103e-104,0.09091701183802285,0.16854052994036942,1.0185555159463111e-101,0.22831881724528713,True,False,False,Stim8hr,24
FBXL2-2,FBXL2,78,19,0.0011728412937372923,1.1349414587020874,0.303629070520401,2.2598953247070312,0.5861580967903137,2.2314743005862213e-23,0.04366388879683313,0.2593740030265792,1.3094250562013533e-22,0.14432071579559128,True,False,False,Stim8hr,24
GRIN1-3,GRIN1,89,10,0.000144916630233638,1.6094430685043335,0.3318767249584198,1.7108749151229858,0.585752010345459,2.3905137124797815e-19,0.1113424927635804,0.34236986302610695,1.1232219351347892e-18,0.2573944423177635,True,False,False,Stim8hr,24
PRKCA-1,PRKCA,93,13,0.5951523780822754,1.2163938283920288,0.990947425365448,0.9317595958709717,0.5851925611495972,3.1473537356850555e-12,0.0455038579672705,0.6280510163166955,9.157875768167126e-12,0.1463397881226335,True,False,False,Stim8hr,24
NANP-3,NANP,183,12,0.15077051520347595,0.5778993964195251,0.3601215183734894,0.8314284682273865,0.5849399566650391,4.7465036687238e-16,0.04756878505558582,0.7035361176796564,1.7977208312394644e-15,0.15092713513441744,True,False,False,Stim8hr,24
PLPBP-2,PLPBP,24,15,0.9271329045295715,1.2821251153945923,1.269117832183838,0.5834699869155884,0.5847217440605164,0.005817941055253045,0.020492221347796928,1.002145366810631,0.008593574507510896,0.09032818314378552,True,False,False,Stim8hr,24
SOX21-3,SOX21,98,12,5.927089659962803e-05,0.30603915452957153,0.10952410101890564,0.8164485692977905,0.5840683579444885,6.02319611692133e-08,0.09010877306179894,0.7153767915189476,1.333239804472512e-07,0.22793517627903986,True,False,False,Stim8hr,24
HS6ST3-1,HS6ST3,52,11,0.0,0.18651551008224487,0.14890199899673462,0.7593482732772827,0.5833790898323059,0.0001542935204455613,0.1006100039074047,0.7682628779999607,0.0002631905794278719,0.24282516578034752,True,False,False,Stim8hr,24
SHQ1-3,SHQ1,125,15,0.4101733863353729,0.5844297409057617,0.7826891541481018,0.32901427149772644,0.5831915140151978,0.0005835039150122788,0.041587531502403643,1.772541693587987,0.0009488686456486468,0.14043218226972373,True,False,False,Stim8hr,24
EVL-3,EVL,44,12,1.6774146556854248,2.818528413772583,2.3239011764526367,1.1013665199279785,0.5826253294944763,1.707161984733564e-07,0.06607746385245579,0.5290022158405322,3.667552997202607e-07,0.18828413477560793,True,False,False,Stim8hr,24
MMEL1-4,MMEL1,103,17,0.00023396991309709847,0.2537805438041687,0.1402151733636856,0.7989097833633423,0.5826047658920288,4.9830833400433325e-08,0.054241671044708464,0.7292497576376049,1.1099990366329244e-07,0.16437660247683286,True,False,False,Stim8hr,24
CNN2-4,CNN2,101,11,0.4709014892578125,1.3715959787368774,0.9532796740531921,1.0685652494430542,0.5818967223167419,6.668966154211572e-14,0.07640458213341317,0.5445589051487794,2.1472849390787803e-13,0.20773697313340664,True,False,False,Stim8hr,24
KRT85-1,KRT85,56,12,9.217363185598515e-06,1.6071730852127075,0.4161534607410431,1.4275338649749756,0.5814300775527954,2.3352466722711244e-10,0.09106538691975234,0.4072968717719266,6.016255084392031e-10,0.2285396770607189,True,False,False,Stim8hr,24
KPTN-2,KPTN,37,11,0.12754568457603455,0.1308552771806717,0.3278287947177887,0.010817475616931915,0.5803735852241516,0.47519111667481584,0.060759181565728584,53.651480786860226,0.5335551823988133,0.17705083221917406,False,False,False,Stim8hr,24
CCL3L3-4,CCL3L3,43,11,0.004650593735277653,0.12111222743988037,0.10525000840425491,0.5739956498146057,0.5803626775741577,0.004434425050872707,0.09292986013078135,1.0110924669230654,0.006646481268110371,0.23066263422478606,True,False,False,Stim8hr,24
TTC22-3,TTC22,148,14,0.01901850663125515,0.4221697747707367,0.2547045350074768,1.003557562828064,0.580106258392334,1.4005779443322572e-15,0.07022371804788047,0.5780498098759499,5.163045672767244e-15,0.1952838982772676,True,False,False,Stim8hr,24
SNX29-2,SNX29,69,10,0.09089819341897964,0.9611377716064453,0.476017564535141,1.502045750617981,0.580056369304657,5.904086966078682e-14,0.10585811587809274,0.38617756420935023,1.9089552088483496e-13,0.2500658302629274,True,False,False,Stim8hr,24
LLGL2-1,LLGL2,97,15,0.028216401115059853,0.4122017025947571,0.33150312304496765,0.8844493627548218,0.5799075365066528,3.939455372644166e-09,0.0639986908932124,0.655670704199952,9.397824753864893e-09,0.18392328948186118,True,False,False,Stim8hr,24
ADAMTS19-2,ADAMTS19,85,10,6.666879198746756e-05,0.6061943769454956,0.2415735423564911,1.2586866617202759,0.5793776512145996,1.1716069650939144e-12,0.1136710736803411,0.46030332157707216,3.477056127412254e-12,0.26018416814015505,True,False,False,Stim8hr,24
APOC4-2,APOC4,84,13,5.339085328159854e-05,0.8267253637313843,0.2798868417739868,1.6574463844299316,0.5787560939788818,1.119201825397145e-17,0.08289998583252518,0.34918540920280894,4.724840020535764e-17,0.22048364727047134,True,False,False,Stim8hr,24
PCYT1B-2,PCYT1B,106,11,0.0010315803810954094,0.9571547508239746,0.23994098603725433,1.9594426155090332,0.5782904028892517,1.2071882962627272e-26,0.102208512010439,0.2951300529610155,8.709323025462623e-26,0.24572593864547335,True,False,False,Stim8hr,24
ISLR2-3,ISLR2,94,12,2.9654465834028088e-05,0.5060418248176575,0.1164318099617958,1.0135596990585327,0.5781239867210388,2.4843713868234797e-10,0.09219250372049122,0.570389674390213,6.387213344382647e-10,0.2295649345514879,True,False,False,Stim8hr,24
PLXNA2-3,PLXNA2,95,13,0.000387681822758168,0.23618505895137787,0.17985127866268158,0.7684248089790344,0.5777155756950378,3.8189736968910184e-07,0.0831290214004927,0.7518179644181687,7.987004481275049e-07,0.22093742722182952,True,False,False,Stim8hr,24
XYLB-1,XYLB,219,20,0.06118255853652954,0.8219501376152039,0.3095761239528656,1.5446428060531616,0.575187087059021,8.123902811212392e-42,0.03438223073220722,0.3723754675223114,1.5103428928345346e-40,0.12348869575423332,True,False,False,Stim8hr,24
SH2D2A-2,SH2D2A,213,16,0.8044977188110352,1.80555260181427,1.2366523742675781,1.3777943849563599,0.5749669075012207,3.3346797781518606e-44,0.032154848854851016,0.41730966084567994,7.1244235923277596e-43,0.11795309250150003,True,False,False,Stim8hr,24
PTGDR-2,PTGDR,700,47,0.0002816875057760626,0.6538058519363403,0.23458829522132874,1.5339208841323853,0.574882447719574,1.2904627391461774e-120,0.003847008238712051,0.37477972538638354,2.3762949582277468e-118,0.03176721650394973,True,True,False,Stim8hr,24
NDN-4,NDN,176,15,0.010127191431820393,0.8658601641654968,0.3140387237071991,1.473441243171692,0.5748531222343445,2.227401158378773e-30,0.06763398161758927,0.39014322756225445,2.0171803933139846e-29,0.19046293259696398,True,False,False,Stim8hr,24
CD1C-2,CD1C,152,18,0.004097748547792435,0.7033971548080444,0.13110315799713135,0.9111620187759399,0.5747085213661194,1.962594625614866e-13,0.048632323611413265,0.6307424031328545,6.145225439071001e-13,0.15163021261200738,True,False,False,Stim8hr,24
AHR-4,AHR,111,12,0.7879418730735779,1.5395150184631348,1.1921768188476562,0.9271569848060608,0.5745096802711487,2.5847284987576657e-14,0.038681380042742686,0.6196466075174124,8.616504400599908e-14,0.1338453607700392,True,False,False,Stim8hr,24
F2RL3-2,F2RL3,86,12,0.0006050975061953068,0.19891171157360077,0.17874185740947723,0.506455659866333,0.5741541385650635,0.0006574374667629478,0.09342156527524845,1.1336710872509508,0.0010641735805660608,0.23092833978496055,True,False,False,Stim8hr,24
CMTM2-2,CMTM2,138,12,0.010666554793715477,0.6822958588600159,0.2566494047641754,1.1759288311004639,0.5736805200576782,6.939255338974693e-18,0.09150609100531376,0.48785309525986664,2.97495569798394e-17,0.22905477607985825,True,False,False,Stim8hr,24
CNTN2-1,CNTN2,122,13,3.821562495431863e-05,2.0172879695892334,0.2586289942264557,2.514770984649658,0.5733156204223633,9.636993035534423e-40,0.08475388229134134,0.2279792569271408,1.5463175132121004e-38,0.22188204158199235,True,False,False,Stim8hr,24
CPA3-1,CPA3,28,13,4.67089303128887e-05,0.5655766129493713,0.3548171818256378,1.0237622261047363,0.5730860233306885,0.00034574235737657295,0.08483380013949259,0.5597843021725816,0.0005735674371408012,0.22188204158199235,True,False,False,Stim8hr,24
B2M-2,B2M,523,42,4.575725078582764,5.16544246673584,4.836190223693848,1.10927152633667,0.5726803541183472,2.8041070901235895e-75,0.0005811521747034217,0.5162670640340006,2.3572787211973742e-73,0.010934913058349954,True,True,False,Stim8hr,24
MIF4GD-3,MIF4GD,84,12,0.4663754105567932,0.9793767333030701,0.7933982014656067,0.92902672290802,0.5724483728408813,6.597050492950958e-12,0.05074390071595506,0.6161807391815549,1.8799406231570636e-11,0.15704863544005077,True,False,False,Stim8hr,24
VPS33B-2,VPS33B,71,15,0.10429629683494568,0.47155702114105225,0.3079695403575897,0.9215970039367676,0.5712261199951172,1.707182408208487e-08,0.04417673207369934,0.6198220236774012,3.9155838508554086e-08,0.1446548923833168,True,False,False,Stim8hr,24
RTP5-1,RTP5,67,13,0.0003998076426796615,0.32033011317253113,0.2453126311302185,0.5693751573562622,0.5707694292068481,0.0007899575095956202,0.08556746505953988,1.002448775350614,0.001269117444788643,0.22315176527881886,True,False,False,Stim8hr,24
TRMT1-2,TRMT1,133,18,1.0882734060287476,1.933811068534851,1.4470144510269165,1.187300205230713,0.5705529451370239,2.801300053413673e-25,0.010153813663897452,0.4805464891047969,1.83293186236052e-24,0.05862105829063579,True,False,False,Stim8hr,24
HES1-2,HES1,96,11,0.003978997003287077,0.394225150346756,0.22580426931381226,0.902935266494751,0.570369303226471,4.814438432112331e-09,0.10386305482319773,0.6316834931486051,1.140075530739644e-08,0.24767343842454842,True,False,False,Stim8hr,24
NYX-1,NYX,111,15,0.00019616780627984554,0.4486025869846344,0.25996437668800354,0.9218804240226746,0.5701756477355957,2.020164961265553e-10,0.07031548476069137,0.6184919788703221,5.239421800948285e-10,0.19539541760832824,True,False,False,Stim8hr,24
PPP1R3A-3,PPP1R3A,205,12,0.0,0.7220019698143005,0.12383296340703964,1.2068710327148438,0.5695004463195801,2.00453893519799e-26,0.09527380448909309,0.471881775999292,1.4196981799286864e-25,0.23430101745604892,True,False,False,Stim8hr,24
WWP2-2,WWP2,135,17,0.4191990792751312,0.7522895336151123,0.707918107509613,0.5894840359687805,0.5694030523300171,9.18673511729432e-09,0.021435253872951206,0.9659346438351607,2.1400665481070562e-08,0.09275529765160351,True,False,False,Stim8hr,24
GMFB-1,GMFB,77,10,0.4540681540966034,1.1267722845077515,0.7618255615234375,1.017071008682251,0.569067656993866,6.888040733176446e-11,0.06520117922181332,0.5595161519068053,1.8293992798896508e-10,0.18652863828812252,True,False,False,Stim8hr,24
SPTA1-3,SPTA1,90,10,0.0,0.7617747783660889,0.20260468125343323,1.256006121635437,0.5690173506736755,2.893315748408387e-13,0.1175662994934475,0.45303708387405145,8.943606713905061e-13,0.2670484953058369,True,False,False,Stim8hr,24
SLC8A3-3,SLC8A3,51,11,8.95054399734363e-05,0.3311554491519928,0.18339748680591583,0.9703248143196106,0.5683512091636658,5.227943062747139e-06,0.10601764125271938,0.5857329430065047,9.973584520790916e-06,0.25015043290159267,True,False,False,Stim8hr,24
ARHGAP1-4,ARHGAP1,124,11,0.7906489968299866,0.8661842346191406,1.1521245241165161,0.12722913920879364,0.568210244178772,0.09040354909555483,0.05946360984317794,4.466038579780781,0.11556711548843322,0.175149043946183,False,False,False,Stim8hr,24
DEF6-4,DEF6,89,15,0.656586229801178,1.8703045845031738,1.0424445867538452,1.6547960042953491,0.5635507106781006,1.5091146104469143e-22,0.04079122178356937,0.340556001594936,8.4698783724212145e-22,0.13910946869743857,True,False,False,Stim8hr,24
ATP11B-2,ATP11B,95,12,1.1305978298187256,1.7932124137878418,1.5446735620498657,0.9150090217590332,0.5632849931716919,5.766738565174186e-12,0.06056368104188551,0.6156059446155193,1.6518502245576724e-11,0.1768740090350664,True,False,False,Stim8hr,24
POU2F2-2,POU2F2,280,23,0.49676528573036194,1.4558653831481934,0.95924973487854,1.273637294769287,0.562869131565094,1.6816472536745304e-48,0.01949662557740191,0.44193832410274614,4.3065761125559e-47,0.08695311077091278,True,False,False,Stim8hr,24
BTRC-3,BTRC,71,10,0.2755005657672882,1.301795244216919,0.6059743165969849,1.534660816192627,0.5622086524963379,1.2254413694930685e-15,0.09195829352409803,0.36634065753443384,4.53640690306302e-15,0.2295649345514879,True,False,False,Stim8hr,24
SMURF2-2,SMURF2,216,30,0.21292679011821747,0.5149284601211548,0.49909117817878723,0.5961369872093201,0.5614489316940308,4.479664856437814e-12,0.008557655866476336,0.9418119387665014,1.2917870245969447e-11,0.052455517807153164,True,False,False,Stim8hr,24
TMCO4-3,TMCO4,53,11,0.15640789270401,0.3403427302837372,0.3949320912361145,0.4676057696342468,0.5614363551139832,0.002492054367043752,0.07588212584379182,1.2006617359600353,0.003861474765963483,0.20646489204404364,True,False,False,Stim8hr,24
BTN2A2-1,BTN2A2,63,12,0.07203518599271774,0.1446855068206787,0.3468014895915985,0.24757778644561768,0.5606012940406799,0.0509666852470868,0.08700487993542837,2.2643440758115845,0.06763492513743467,0.22404117150345504,False,False,False,Stim8hr,24
ZNF84-4,ZNF84,62,10,0.14648163318634033,0.5304906368255615,0.38539233803749084,0.7605657577514648,0.5605929493904114,7.137336015774186e-06,0.0877244937970677,0.737073610896903,1.3470023608100917e-05,0.22404117150345504,True,False,False,Stim8hr,24
FOXN3-2,FOXN3,140,18,0.38076838850975037,0.8283119201660156,0.6559104323387146,0.8246017098426819,0.5605323314666748,5.674139215427574e-15,0.01869492862904545,0.6797613014574194,1.9983512154880172e-14,0.08457442592709317,True,False,False,Stim8hr,24
SLC38A1-3,SLC38A1,93,11,1.5445809364318848,2.481045722961426,1.9006985425949097,1.5609307289123535,0.5605288147926331,2.963099283380288e-26,0.05666132806057964,0.35909909671853657,2.0871229378563886e-25,0.16950362181932396,True,False,False,Stim8hr,24
PAFAH2-1,PAFAH2,36,10,0.13420966267585754,0.166141077876091,0.3117592930793762,0.09687381982803345,0.5599332451820374,0.3004828284709459,0.06645726372615775,5.780026494010545,0.3485204252240995,0.1885531668509592,False,False,False,Stim8hr,24
ADA2-1,ADA2,82,10,0.25144511461257935,2.006495475769043,0.8250715136528015,2.3396496772766113,0.557496964931488,1.1042667926227577e-27,0.11240539919512062,0.23828223957888567,8.574698166811656e-27,0.25935770525193375,True,False,False,Stim8hr,24
OLFML2A-3,OLFML2A,120,13,0.0013478948967531323,0.9492216110229492,0.35542914271354675,1.15609872341156,0.5568547248840332,2.6809629525094375e-15,0.0903423662724169,0.48166710472683244,9.707194510631081e-15,0.22793517627903986,True,False,False,Stim8hr,24
MSL2-3,MSL2,98,11,0.7429011464118958,0.9407690167427063,1.1480755805969238,0.3287705183029175,0.5564807057380676,0.0015079992103915183,0.07584895624576349,1.6926113345277087,0.002368575526638506,0.20646489204404364,True,False,False,Stim8hr,24
TMEM243-4,TMEM243,36,10,0.4234659969806671,0.9771246314048767,0.8548970222473145,0.8956559896469116,0.5558961629867554,2.260389224398116e-05,0.09749963568395371,0.6206581203190552,4.115313150069451e-05,0.23759254004942845,True,False,False,Stim8hr,24
HSD17B2-2,HSD17B2,85,14,0.0001245810417458415,1.5735722780227661,0.2888788878917694,1.9117306470870972,0.5558714866638184,4.259649158478781e-21,0.08254899562718766,0.2907687270227108,2.190433948914554e-20,0.21985936722677726,True,False,False,Stim8hr,24
TENC1-2,TNS2,82,11,0.019362589344382286,0.5813801288604736,0.20733295381069183,0.9632090926170349,0.5551506876945496,9.622935741593848e-09,0.10398376289126916,0.5763553230028254,2.2376363507362245e-08,0.24780503544724639,True,False,False,Stim8hr,24
BRCA2-4,BRCA2,148,14,0.28253909945487976,0.6568201184272766,0.6232698559761047,0.7013731002807617,0.5549299716949463,9.198917495132406e-12,0.058283122979679476,0.7912050967920016,2.6022102380158748e-11,0.17260570360409327,True,False,False,Stim8hr,24
ARHGEF16-4,ARHGEF16,127,13,0.00012452791270334274,0.36746037006378174,0.20475104451179504,0.9928643107414246,0.5548607110977173,5.547957558358563e-13,0.09126323948651588,0.5588484801950161,1.6879584483219956e-12,0.22888433139124872,True,False,False,Stim8hr,24
DTL-3,DTL,75,10,0.4806379973888397,0.8777502179145813,0.8443552255630493,0.5887568593025208,0.5538424253463745,5.1027554026391536e-06,0.06549475778315395,0.9406980429960372,9.750481975043631e-06,0.1870927682433751,True,False,False,Stim8hr,24
FBXW8-4,FBXW8,80,12,0.2404719591140747,0.44569477438926697,0.5706017017364502,0.441290944814682,0.5530880093574524,0.0004035053233668443,0.07688573774022277,1.2533409440108023,0.0006665335691839329,0.20863314216149056,True,False,False,Stim8hr,24
MCM10-3,MCM10,119,14,0.5641782879829407,1.132021427154541,0.9095979332923889,0.7302584648132324,0.5525837540626526,7.514910116422071e-11,0.023893664624919705,0.7566961297791719,1.9917859780811616e-10,0.09863454472861262,True,False,False,Stim8hr,24
ASCL2-2,ASCL2,235,15,0.01773255504667759,0.5662223696708679,0.16660906374454498,1.1424137353897095,0.5512599945068359,2.1449914407720743e-28,0.06667121325604974,0.48253971169104126,1.7173254454380148e-27,0.18895629529784305,True,False,False,Stim8hr,24
HGSNAT-1,HGSNAT,78,13,0.1772950291633606,0.7062368392944336,0.47148096561431885,1.013321042060852,0.5508431196212769,1.9522258729987047e-10,0.06982482190207746,0.5436017774791235,5.066615738849658e-10,0.19500688366583085,True,False,False,Stim8hr,24
EIF2D-1,EIF2D,77,11,0.498075932264328,0.7166262269020081,0.7643536925315857,0.43164804577827454,0.5505486726760864,0.00016336325756689332,0.04276941941381594,1.2754573501738677,0.00027841591758976487,0.14264016245419037,True,False,False,Stim8hr,24
FAM101A-2,RFLNA,90,11,0.0009339234093204141,1.030710220336914,0.3735807240009308,1.159044861793518,0.5497140288352966,6.138186866572359e-12,0.11296131052809906,0.474281925537087,1.7543509691822106e-11,0.2595319805965174,True,False,False,Stim8hr,24
ZC2HC1C-2,ZC2HC1C,52,11,0.020399119704961777,0.3979584872722626,0.27181994915008545,1.151938557624817,0.5494267344474792,7.658345881070565e-08,0.10954155061700373,0.4769583679708948,1.6817049132367901e-07,0.25494531965138956,True,False,False,Stim8hr,24
AP2A2-3,AP2A2,71,13,0.4179438054561615,0.9013882279396057,0.8062757253646851,0.8070442080497742,0.5485695600509644,9.323312590376082e-08,0.06945250603800589,0.6797267790033276,2.040365013411676e-07,0.19428208419803125,True,False,False,Stim8hr,24
DISP1-3,DISP1,40,10,0.022119920700788498,0.4719246029853821,0.2637968361377716,1.0303963422775269,0.5484413504600525,1.570212139425567e-05,0.12102294799903178,0.5322625168173737,2.8983342926771686e-05,0.2725107594446762,True,False,False,Stim8hr,24
SLC25A4-4,SLC25A4,80,10,0.09286075830459595,2.054123640060425,0.41534337401390076,1.9895119667053223,0.5480342507362366,2.6690574267525004e-21,0.11378757644204561,0.27546165085088375,1.39100337860538e-20,0.26018416814015505,True,False,False,Stim8hr,24
HOMER3-2,HOMER3,72,12,0.004165276885032654,0.7389771938323975,0.29918062686920166,1.1789188385009766,0.547940731048584,4.051372019507636e-10,0.10272149894196017,0.46478240329529696,1.0279957742412093e-09,0.24572593864547335,True,False,False,Stim8hr,24
RASSF10-4,RASSF10,29,12,0.00015261932276189327,0.6185975670814514,0.1910787969827652,1.0693672895431519,0.5443933606147766,0.00017276528849043875,0.10454620736025405,0.5090798698802063,0.00029366302004067105,0.24846521340670685,True,False,False,Stim8hr,24
ARHGEF12-1,ARHGEF12,35,10,0.13725808262825012,1.153869390487671,0.4695921838283539,1.6610817909240723,0.5433947443962097,6.29645967335784e-09,0.11287138402880421,0.32713304508257546,1.4846591193216321e-08,0.2595319805965174,True,False,False,Stim8hr,24
CCNG1-1,CCNG1,154,20,0.6895098686218262,1.648323655128479,1.149114727973938,1.1638424396514893,0.5432523488998413,1.417864666032289e-23,0.031860661777522836,0.4667748231130988,8.461238678313058e-23,0.1177879011169026,True,False,False,Stim8hr,24
IFNE-2,IFNE,36,11,0.0005446565337479115,0.20336729288101196,0.1818956434726715,0.5793929100036621,0.5426763296127319,0.009470690043723888,0.11570837386566192,0.9366292204184927,0.013675563255817877,0.26361992166261045,True,False,False,Stim8hr,24
AGA-3,AGA,59,10,0.16737498342990875,0.7892251014709473,0.48208102583885193,1.0803529024124146,0.5418314933776855,1.3824092329237786e-08,0.10925430555996192,0.5015319458741515,3.193414876771955e-08,0.2545901316252471,True,False,False,Stim8hr,24
BMPR1A-1,BMPR1A,366,24,0.2362232655286789,0.7850571870803833,0.5439675450325012,0.9351772665977478,0.5416719317436218,2.6573205855595684e-37,0.021749842127677662,0.579218455249954,3.6439215263683864e-36,0.09351923351079673,True,False,False,Stim8hr,24
DDO-4,DDO,130,14,0.00044396313023753464,0.9362093210220337,0.22911787033081055,1.7633249759674072,0.5414016246795654,1.7223477280157698e-28,0.0877326745099463,0.30703451267259346,1.3875663883827045e-27,0.22404117150345504,True,False,False,Stim8hr,24
TUBD1-2,TUBD1,45,10,0.2543736696243286,0.8478871583938599,0.5557219982147217,1.0439777374267578,0.5413338541984558,4.87290953432178e-07,0.09758167309352404,0.5185300747243512,1.0125492299420914e-06,0.23763933524771919,True,False,False,Stim8hr,24
UBXN4-3,UBXN4,83,10,1.2396037578582764,2.086355686187744,1.6648890972137451,1.289582371711731,0.5411712527275085,1.6133287347001545e-17,0.09424404736221431,0.4196484572049347,6.715545981792785e-17,0.23250553628434084,True,False,False,Stim8hr,24
PLS3-2,PLS3,70,10,0.11265882104635239,1.2062501907348633,0.4212389588356018,1.4122231006622314,0.5403315424919128,4.2791370619691757e-13,0.10975084740355212,0.38261061034799393,1.3112062613815216e-12,0.25527534125475654,True,False,False,Stim8hr,24
BMI1-3,BMI1,65,12,0.6725531220436096,1.6624115705490112,1.082214117050171,1.3821181058883667,0.5401545166969299,2.6409972840886203e-14,0.0723205118815528,0.39081646814093474,8.788929860215744e-14,0.19877629065118652,True,False,False,Stim8hr,24
GRIK3-3,GRIK3,166,13,0.00012257177149876952,1.4196147918701172,0.2835470139980316,1.9746897220611572,0.5401493906974792,4.759598727741576e-41,0.096793428265948,0.27353633569008395,8.328220941256414e-40,0.23709374721620163,True,False,False,Stim8hr,24
IGF1R-1,IGF1R,131,12,0.18775634467601776,0.6072506308555603,0.47106030583381653,0.8115703463554382,0.5389053225517273,2.4544576350740193e-12,0.07820159876938983,0.6640278627377378,7.185002024853318e-12,0.21170969688320138,True,False,False,Stim8hr,24
CCNF-2,CCNF,27,10,0.40557026863098145,0.6511814594268799,0.7043331861495972,0.4075264632701874,0.5388556122779846,0.031631257188595184,0.06484386155701166,1.3222591925784384,0.04328311095127303,0.18564684663786382,True,False,False,Stim8hr,24
BICD2-3,BICD2,116,10,0.5724245309829712,1.1269444227218628,0.851403534412384,0.8714284300804138,0.5386712551116943,2.8684703778432717e-13,0.060911328100784735,0.6181474421967008,8.881004764707711e-13,0.17706890305700834,True,False,False,Stim8hr,24
MAP4K2-3,MAP4K2,71,11,0.40108710527420044,1.45827317237854,0.8185787200927734,1.7446343898773193,0.5384828448295593,8.241906638103071e-20,0.09560889674489113,0.308650825613626,3.959186704291252e-19,0.23464818136870752,True,False,False,Stim8hr,24
PIGN-3,PIGN,46,13,0.4130364954471588,0.4541029632091522,0.714550256729126,0.0870891809463501,0.5379372835159302,0.275262045954302,0.05521422453651252,6.176855467814284,0.32042093067588373,0.1661258529809788,False,False,False,Stim8hr,24
DDX19A-1,DDX19A,126,12,0.7037327885627747,1.0049618482589722,1.0200755596160889,0.4877206087112427,0.5379167795181274,1.1283921575199278e-06,0.05413359795072576,1.102919929792435,2.283355558937499e-06,0.16418064751374886,True,False,False,Stim8hr,24
AKAP3-1,AKAP3,66,11,0.01211758516728878,0.01480694580823183,0.11986677348613739,0.02472221851348877,0.5376601815223694,0.42825437591039023,0.10495560947694284,21.748055548858403,0.48507898993716436,0.249022656864365,False,False,False,Stim8hr,24
PHAX-1,PHAX,53,12,0.4879857897758484,0.9140968918800354,0.8094902038574219,0.8074639439582825,0.5370299220085144,5.396510920704592e-07,0.06724331079274229,0.6650822318776626,1.1165493702709821e-06,0.18978671747623233,True,False,False,Stim8hr,24
FABP2-2,FABP2,96,20,9.025086183100939e-05,2.7579681873321533,0.22697333991527557,2.151841640472412,0.5356394052505493,6.466673743717492e-27,0.053301032542701555,0.2489213867675485,4.763167117515341e-26,0.16208417343846376,True,False,False,Stim8hr,24
TRIAP1-1,TRIAP1,73,11,0.5931848287582397,1.231557846069336,0.8983608484268188,1.0612131357192993,0.5355131030082703,2.0288149869358674e-12,0.0604722327195028,0.5046235152802693,5.970645018630897e-12,0.17674341896843862,True,False,False,Stim8hr,24
ARTN-3,ARTN,34,13,0.0006902835448272526,0.2719738781452179,0.227898970246315,0.6945578455924988,0.5346778631210327,0.003587780920520825,0.09876585465782135,0.7698104146601655,0.005447172681450346,0.23944388609992331,True,False,False,Stim8hr,24
UPF3B-1,UPF3B,93,11,0.13893015682697296,1.0119850635528564,0.38973286747932434,1.5293551683425903,0.5344730615615845,3.0543950616486353e-19,0.09517230820998424,0.3494760881089574,1.4299450004110499e-18,0.23430101745604892,True,False,False,Stim8hr,24
RABGEF1-1,RABGEF1,33,10,0.43423327803611755,0.9511838555335999,0.8036734461784363,0.8890155553817749,0.5343223214149475,5.195127800299294e-05,0.10229467276950825,0.6010269653667539,9.177505346622828e-05,0.24572593864547335,True,False,False,Stim8hr,24
PARD6B-2,PARD6B,107,11,0.12443593889474869,0.5651865005493164,0.4186124801635742,0.842380940914154,0.5338084101676941,4.82814585024804e-10,0.10309061005054854,0.63369003765494,1.2194931419274442e-09,0.246297338731001,True,False,False,Stim8hr,24
ZNF708-3,ZNF708,33,10,0.155222550034523,1.5450884103775024,0.5168959498405457,1.9590784311294556,0.5324313640594482,6.872214607718157e-10,0.11936578989396654,0.27177644120786365,1.7134012822724767e-09,0.27000084771470184,True,False,False,Stim8hr,24
WDR91-4,WDR91,134,14,0.13646282255649567,0.6020330190658569,0.35744190216064453,0.9478432536125183,0.5320611596107483,7.217397552994724e-15,0.06116928800998215,0.561338763116055,2.5166525101380162e-14,0.17768221755280528,True,False,False,Stim8hr,24
HES5-4,HES5,224,22,0.00039998022839426994,0.2388434112071991,0.10596483200788498,0.4719543755054474,0.5319323539733887,5.904764774860896e-07,0.04583465619814883,1.127084272507712,1.219750287627515e-06,0.14685475808474718,True,False,False,Stim8hr,24
ASPDH-2,ASPDH,34,10,1.3742059309151955e-05,0.2373550683259964,0.2649555504322052,0.6789392828941345,0.5312875509262085,0.004244051823587892,0.13261805470290394,0.7825258669103272,0.006363609306636052,0.29059182090752184,True,False,False,Stim8hr,24
C7orf55-1,FMC1,72,11,0.3154805600643158,0.5765433311462402,0.6233134865760803,0.5222998857498169,0.5299537181854248,8.668817501787592e-05,0.08711781589416522,1.014654095557804,0.00015072984388225097,0.22404117150345504,True,False,False,Stim8hr,24
NR4A2-1,NR4A2,77,12,0.06851273775100708,0.21691498160362244,0.46362006664276123,0.3468468189239502,0.5290998816490173,0.006814993173178772,0.10073404024940048,1.5254569244442977,0.009993772696504479,0.24289102166167204,True,False,False,Stim8hr,24
XRCC6-3,XRCC6,63,10,0.5180865526199341,1.333215355873108,0.840656578540802,1.349223017692566,0.5288903713226318,1.0607086602857183e-13,0.0907331436255467,0.3919962559096697,3.3731582149053225e-13,0.22831881724528713,True,False,False,Stim8hr,24
CD320-1,CD320,35,10,1.011785864830017,1.8488774299621582,1.5496634244918823,1.072530746459961,0.5281825065612793,2.8784337885926317e-06,0.11268853217857178,0.49246374363123874,5.613163621022545e-06,0.2595319805965174,True,False,False,Stim8hr,24
TBC1D12-1,TBC1D12,30,10,0.005160974338650703,0.08844148367643356,0.17022261023521423,0.46012431383132935,0.528109073638916,0.03846234645337216,0.13184863401049868,1.147753026223492,0.05213245486687352,0.2892410289023817,False,False,False,Stim8hr,24
PSME2-2,PSME2,57,10,0.4446059465408325,1.5424981117248535,0.7255205512046814,1.884522795677185,0.5279785394668579,5.502362759041331e-18,0.07958053191237424,0.28016564229308455,2.3747362487960745e-17,0.21467444485920067,True,False,False,Stim8hr,24
UBAC1-3,UBAC1,131,12,0.47198453545570374,0.515961766242981,0.7933493256568909,0.08502841740846634,0.5277246832847595,0.1729696555279014,0.06986629491464855,6.206450729873441,0.2088924603143019,0.19500688366583085,False,False,False,Stim8hr,24
TNIP3-3,TNIP3,55,11,0.6541394591331482,2.2121315002441406,1.1933079957962036,1.4523845911026,0.5266582369804382,5.790004688521816e-13,0.07869574803791965,0.3626162382930664,1.7602160479963728e-12,0.2125909421995801,True,False,False,Stim8hr,24
SCGB1D2-3,SCGB1D2,100,10,0.000110285182017833,1.4905673265457153,0.4803878664970398,1.260092854499817,0.5261034965515137,1.2978226839514214e-14,0.13480021087647717,0.41751168945430295,4.453132492316013e-14,0.2938962641316866,True,False,False,Stim8hr,24
RAD50-4,RAD50,107,10,0.7499890923500061,1.003036379814148,1.0691698789596558,0.4209596812725067,0.5254786014556885,2.440995981732712e-05,0.07171574852900776,1.2482872465772366,4.4316110147231905e-05,0.19768874703841646,True,False,False,Stim8hr,24
C11orf31-3,SELENOH,130,12,2.0786855220794678,2.5804991722106934,2.3219621181488037,0.8364598155021667,0.5251966118812561,7.642145608173908e-15,0.024124629912424186,0.6278802665086254,2.659961932205986e-14,0.09885086709511189,True,False,False,Stim8hr,24
DTNA-3,DTNA,53,11,0.001119674532674253,0.7332301735877991,0.2216498702764511,1.3005893230438232,0.5251554250717163,7.440891109591784e-09,0.12284542746877357,0.4037826666473574,1.7428180448692566e-08,0.2749120749626637,True,False,False,Stim8hr,24
UBE2QL1-2,UBE2QL1,71,12,0.00719920638948679,0.5532064437866211,0.287398099899292,1.1929032802581787,0.5251036286354065,2.925648138714303e-10,0.1107706265567156,0.4401896091037313,7.482461211910193e-10,0.25638586881119857,True,False,False,Stim8hr,24
KCNC4-3,KCNC4,88,10,0.09862188994884491,0.47781798243522644,0.3865183889865875,0.8661105632781982,0.5247800350189209,4.043052394399037e-09,0.12107417159567196,0.6059042081563429,9.639015788619652e-09,0.2725107594446762,True,False,False,Stim8hr,24
XRCC6-1,XRCC6,406,46,0.5180865526199341,1.2126482725143433,0.8323007822036743,1.2001291513442993,0.524574339389801,2.0462467652251412e-69,0.0016257311709537978,0.4370982396371342,1.3642821105389e-67,0.018519624363094168,True,True,False,Stim8hr,24
DGKA-1,DGKA,53,13,0.9945328235626221,1.5634500980377197,1.3987401723861694,0.8148548603057861,0.5241231918334961,3.96808217962634e-07,0.06019144143774205,0.6432104873704886,8.294364210062193e-07,0.17644426146308648,True,False,False,Stim8hr,24
MAMLD1-1,MAMLD1,50,10,0.21441735327243805,0.9047154784202576,0.4670943319797516,1.2845149040222168,0.5239154100418091,4.3866413569839307e-10,0.09045335273691467,0.4078702461149081,1.110880296493573e-09,0.22800662876314515,True,False,False,Stim8hr,24
ETS2-1,ETS2,24,17,0.4403935670852661,1.97518789768219,0.7842392325401306,2.09969162940979,0.5238094925880432,8.165951205448898e-09,0.04103657434133348,0.24946972462584077,1.906867953591237e-08,0.1391931158375993,True,False,False,Stim8hr,24
ZNF383-4,ZNF383,169,12,0.09817809611558914,0.1344628483057022,0.29281696677207947,0.1202167347073555,0.5228872895240784,0.08241215377121998,0.0841405789801975,4.349538280148324,0.10647771421092804,0.221447230134382,False,False,False,Stim8hr,24
SLC25A20-2,SLC25A20,88,12,0.3271901309490204,2.242689371109009,0.6914379596710205,2.7740957736968994,0.5219058990478516,2.190079229494134e-35,0.09151289440948329,0.18813550130330703,2.6885829779218467e-34,0.22905477607985825,True,False,False,Stim8hr,24
FCGRT-3,FCGRT,284,18,0.06306703388690948,1.4490214586257935,0.29082074761390686,2.0474143028259277,0.5206272602081299,4.009523012131804e-74,0.05665114878794812,0.2542852511528996,3.1009650975827373e-72,0.16950362181932396,True,False,False,Stim8hr,24
ARHGEF12-3,ARHGEF12,88,10,0.13725808262825012,0.9668678641319275,0.36021333932876587,1.4830721616744995,0.5202646255493164,8.295014009028031e-18,0.10479750973583352,0.35080196297521943,3.536584252801698e-17,0.2488036295172143,True,False,False,Stim8hr,24
DEAF1-3,DEAF1,130,12,0.5000334978103638,0.8202329277992249,0.8182439804077148,0.5535091161727905,0.5193058848381042,2.7519885971962463e-08,0.07014478004951197,0.9382065618518034,6.245269897510496e-08,0.19520791622314518,True,False,False,Stim8hr,24
GFI1-3,GFI1,75,16,0.6199719905853271,1.1048945188522339,1.0075756311416626,0.6973938941955566,0.5182762742042542,4.7526912535443654e-07,0.048584683751682796,0.7431614737638125,9.896961269497073e-07,0.1516066616739805,True,False,False,Stim8hr,24
C15orf65-4,PIERCE2,92,15,0.0037508674431592226,0.25429224967956543,0.1817542165517807,0.9111047983169556,0.5180991888046265,6.806695112891614e-09,0.08764421372658515,0.5686493911147089,1.601063868707535e-08,0.22404117150345504,True,False,False,Stim8hr,24
BCAS3-4,BCAS3,82,10,0.07205613702535629,0.2973349094390869,0.20126326382160187,0.5484826564788818,0.5178652405738831,0.00013622336894644283,0.08392209861589287,0.9441779689050612,0.00023318980421243665,0.22130434845515023,True,False,False,Stim8hr,24
NFIA-3,NFIA,67,19,0.0035954199265688658,0.7013689875602722,0.2648400366306305,1.329095482826233,0.5172953605651855,4.32079942190575e-11,0.06361738130519802,0.38920857624554667,1.1611210121271393e-10,0.18316126652534792,True,False,False,Stim8hr,24
ATP6V1C1-4,ATP6V1C1,20,11,0.7441021800041199,1.0303046703338623,1.034497857093811,0.4042537212371826,0.5172098875045776,0.06945131181479966,0.058326305977268955,1.2794189894448038,0.09054896250432579,0.17260570360409327,False,False,False,Stim8hr,24
LONRF2-4,LONRF2,61,10,0.02606493979692459,0.7601925134658813,0.17993740737438202,1.320915699005127,0.5164448618888855,2.485843310911788e-10,0.12624054690607905,0.3909748837702935,6.387213344382647e-10,0.27997507637300767,True,False,False,Stim8hr,24
CWF19L2-4,CWF19L2,79,19,0.3469114601612091,0.6523318886756897,0.606191873550415,0.5791993141174316,0.5159790515899658,1.0106062063960062e-05,0.02804468071326817,0.890848864999436,1.8943355308450584e-05,0.10867313776391416,True,False,False,Stim8hr,24
PITRM1-4,PITRM1,95,11,0.9665958285331726,1.5343658924102783,1.2410087585449219,0.7904013991355896,0.5159341096878052,6.835799803593419e-10,0.03783595427353345,0.652749489375966,1.705421796161016e-09,0.1319171169678427,True,False,False,Stim8hr,24
FGF22-4,FGF22,139,16,0.0001685994357103482,0.3081640303134918,0.0772419422864914,0.7935605049133301,0.5157786011695862,3.7405326867596085e-10,0.08240684545241725,0.6499549788278812,9.509953911702437e-10,0.21966478185846428,True,False,False,Stim8hr,24
FBP2-4,FBP2,199,16,6.9857219386904035e-06,2.324345350265503,0.39672666788101196,2.3083298206329346,0.5157343745231628,3.377846442859342e-58,0.08263208075059757,0.22342317372209428,1.3062132194537078e-56,0.21992577719828288,True,False,False,Stim8hr,24
CLK1-4,CLK1,57,10,0.6131212115287781,1.4397753477096558,1.0303853750228882,1.331503987312317,0.515494167804718,4.3892938036849984e-13,0.10983300446296132,0.3871518018096659,1.3428322103520481e-12,0.2553094178727226,True,False,False,Stim8hr,24
OSBPL11-1,OSBPL11,81,11,0.3467336893081665,0.891488790512085,0.6764956712722778,0.8982111811637878,0.5152743458747864,1.6857499989878549e-09,0.09873976641865055,0.5736672585250602,4.115401039195729e-09,0.23944388609992331,True,False,False,Stim8hr,24
GYS1-2,GYS1,221,18,0.4009239375591278,1.4318881034851074,0.8476179838180542,1.2866131067276,0.5138998627662659,2.2899109572899098e-35,0.056743310147435944,0.39942066506172164,2.793402420138827e-34,0.16950362181932396,True,False,False,Stim8hr,24
AZI2-1,AZI2,67,16,0.3340778648853302,0.5318241119384766,0.5885204076766968,0.3915881812572479,0.5136752128601074,0.0027684338636281914,0.04119628899472553,1.3117740459144662,0.004261757066341647,0.13960964603768095,True,False,False,Stim8hr,24
EGR3-4,EGR3,76,12,0.06884568184614182,0.9867453575134277,0.31135234236717224,1.4502331018447876,0.5130605697631836,6.26375320569197e-15,0.09029411921432165,0.3537780023849534,2.1940157288415624e-14,0.22793517627903986,True,False,False,Stim8hr,24
ADAM9-3,ADAM9,134,18,0.1416437029838562,1.0242233276367188,0.36614876985549927,1.576123595237732,0.5124803185462952,3.314381400822485e-28,0.047486076467099785,0.32515236755211196,2.6210046783191304e-27,0.15079121847067287,True,False,False,Stim8hr,24
HSD11B1-3,HSD11B1,26,10,0.023412266746163368,0.5090609192848206,0.19153307378292084,0.7953700423240662,0.5122812390327454,0.0038223343566248713,0.1315044134385803,0.6440791226381407,0.005776071495532778,0.2887098142600193,True,False,False,Stim8hr,24
CYP11A1-2,CYP11A1,151,15,0.0023292233236134052,1.1231147050857544,0.22215095162391663,1.5977898836135864,0.5119280219078064,4.878219787559378e-29,0.0908981103656754,0.3203975861644724,4.0655336031233e-28,0.22831881724528713,True,False,False,Stim8hr,24
ZNF23-4,ZNF23,66,10,0.12926159799098969,0.5269917845726013,0.38329267501831055,0.8024287819862366,0.5117128491401672,1.654295394207254e-06,0.11921941494279202,0.637705003394238,3.2941093148297895e-06,0.2698311354360499,True,False,False,Stim8hr,24
TMBIM1-1,TMBIM1,158,11,0.767077624797821,1.9175349473953247,1.123842716217041,1.1606005430221558,0.5113841891288757,1.785969006750909e-22,0.08370385437765972,0.44062032557494113,9.93718294835362e-22,0.22130434845515023,True,False,False,Stim8hr,24
CCDC97-2,CCDC97,122,11,0.482618510723114,1.6054037809371948,0.7807966470718384,1.6753675937652588,0.5098800659179688,1.1641234877637105e-30,0.0816631807200047,0.30433921953334003,1.0688159584007063e-29,0.2185776004834096,True,False,False,Stim8hr,24
CXCR4-1,CXCR4,23,10,1.0717233419418335,2.585470199584961,1.7197586297988892,1.635057806968689,0.5097725987434387,3.8022284845273824e-08,0.10781996930184154,0.3117764990147536,8.543415194461003e-08,0.2525860712543205,True,False,False,Stim8hr,24
NDUFS1-1,NDUFS1,61,15,0.6943037509918213,1.0008782148361206,0.9733558297157288,0.535534679889679,0.509219229221344,9.855383375840175e-05,0.03619103185316339,0.9508613509889667,0.00017090030275504015,0.12803974038228622,True,False,False,Stim8hr,24
PRRC1-1,PRRC1,108,10,0.5686593651771545,0.7338584065437317,0.804649829864502,0.28747090697288513,0.5089794397354126,0.0036063253678757837,0.04819803881878425,1.7705424353895423,0.005471031854678563,0.15138222653089833,True,False,False,Stim8hr,24
SCAND3-1,SCAND3,66,11,0.020866254344582558,0.7980038523674011,0.15313728153705597,1.500560998916626,0.508934497833252,6.839908434828954e-13,0.11640102920457764,0.3391628185729818,2.0664004623034033e-12,0.2646703853935446,True,False,False,Stim8hr,24
GNB1L-1,GNB1L,86,12,0.22487865388393402,0.48007938265800476,0.4971780478954315,0.5548280477523804,0.5084986090660095,1.3331874413067745e-05,0.09000271752486173,0.9164976628812254,2.4761939651937066e-05,0.22793517627903986,True,False,False,Stim8hr,24
PIP4K2C-1,PIP4K2C,139,14,0.25048765540122986,1.2545181512832642,0.5195519924163818,1.4991413354873657,0.5078614354133606,8.9714380119134e-28,0.07049731099520175,0.33876821577216837,6.994465885497806e-27,0.1954698168503321,True,False,False,Stim8hr,24
AADACL2-1,AADACL2,125,14,0.0,0.1658136248588562,0.13993632793426514,0.511554479598999,0.5077857971191406,4.580892177213051e-05,0.10105032341762976,0.9926328814815333,8.125830297836177e-05,0.24342186188883805,True,False,False,Stim8hr,24
MSRA-1,MSRA,47,13,0.09932748228311539,0.5444433093070984,0.29764828085899353,0.9878918528556824,0.5074920058250427,2.0173736951729878e-06,0.08491679089684274,0.5137121076138488,3.996508237312471e-06,0.22194561380225242,True,False,False,Stim8hr,24
PUSL1-3,PUSL1,164,11,0.20528097450733185,0.463323175907135,0.5660873055458069,0.5658854246139526,0.5067481398582458,3.0795921603751022e-09,0.11639051792527397,0.895496009998755,7.387582434348958e-09,0.2646703853935446,True,False,False,Stim8hr,24
SERAC1-3,SERAC1,63,10,0.05568459630012512,0.7685317993164062,0.32388776540756226,1.8287804126739502,0.5058584809303284,1.5831865452682298e-16,0.1353684347703788,0.2766097435343195,6.146769448345628e-16,0.2945704374577518,True,False,False,Stim8hr,24
TNFSF10-4,TNFSF10,71,11,1.3726080656051636,1.999276876449585,1.8290340900421143,0.7124553918838501,0.505405843257904,2.8922370065689134e-08,0.06468597003518761,0.7093859475489789,6.55200966865963e-08,0.1853351050553633,True,False,False,Stim8hr,24
CAMLG-4,CAMLG,61,15,0.5975255966186523,1.1158835887908936,0.9117445349693298,0.7507522702217102,0.5049023628234863,3.4980918859445083e-06,0.05317888422179823,0.672528586126526,6.783912398669716e-06,0.1619344123404516,True,False,False,Stim8hr,24
FADD-4,FADD,243,10,0.67424076795578,1.1942698955535889,0.9867240190505981,0.8934220671653748,0.5044907331466675,2.2250586802041645e-30,0.09178899854996427,0.5646723443347464,2.0171803933139846e-29,0.2294421629319001,True,False,False,Stim8hr,24
GRID2-1,GRID2,83,16,0.0,0.5170731544494629,0.10617110133171082,1.0881270170211792,0.504051148891449,3.070758995901458e-10,0.08722052765512339,0.4632282270422095,7.848397248612648e-10,0.22404117150345504,True,False,False,Stim8hr,24
NKAIN3-4,NKAIN3,59,13,0.0,0.29864463210105896,0.2809444069862366,0.7111738920211792,0.5036801099777222,0.00014255965994715365,0.11166655509438599,0.7082376274334917,0.0002436050397771291,0.2579673983107809,True,False,False,Stim8hr,24
CRYBG1-4,CRYBG1,77,11,0.3226584494113922,2.0333869457244873,0.6866838932037354,2.533069133758545,0.5032278895378113,2.1685026952635745e-29,0.10759611695942577,0.1986633064337752,1.8552212218106731e-28,0.2525860712543205,True,False,False,Stim8hr,24
CCDC86-4,CCDC86,149,27,0.5677230954170227,1.432896375656128,0.8599911332130432,1.2331093549728394,0.5021331310272217,1.7041828247006294e-25,0.011536862791288642,0.4072089219031849,1.1323152891954183e-24,0.0634262081471194,True,False,False,Stim8hr,24
ZNF446-2,ZNF446,129,22,0.0360088050365448,0.10351906716823578,0.1716381460428238,0.30014774203300476,0.502047061920166,0.003031587629914493,0.04036840902098808,1.6726664625881478,0.004650198082062414,0.13804097912963553,True,False,False,Stim8hr,24
GTF3C1-4,GTF3C1,28,11,0.6334340572357178,1.292327880859375,0.9892936944961548,1.003563404083252,0.5013928413391113,4.43189418875466e-05,0.09709275755941052,0.4996125200451387,7.872363265004258e-05,0.23723600482899515,True,False,False,Stim8hr,24
KCNH2-1,KCNH2,46,13,0.0007345469202846289,0.31538063287734985,0.19338543713092804,0.7428818941116333,0.5012078881263733,0.0004374034627157959,0.11253463625553234,0.6746804466485712,0.0007197613575838224,0.25935770525193375,True,False,False,Stim8hr,24
MIA2-4,MIA2,213,16,0.32753753662109375,0.8746457099914551,0.5801635384559631,0.9403040409088135,0.5011987090110779,2.06717265646707e-24,0.045370176995763054,0.5330177125758858,1.2851698814402188e-23,0.14615844071377843,True,False,False,Stim8hr,24
SLC2A6-1,SLC2A6,82,15,0.033450979739427567,0.7307473421096802,0.1989491730928421,1.3312404155731201,0.5011327862739563,1.4204311284985696e-13,0.08368464669590664,0.37644048393633744,4.487587560379059e-13,0.22130434845515023,True,False,False,Stim8hr,24
TBX15-4,TBX15,230,17,8.315155719174072e-05,0.6780818104743958,0.2256365716457367,1.2506730556488037,0.5006390810012817,5.858169969341177e-31,0.08186422604173586,0.4002957277604165,5.498432832874352e-30,0.21891420811961593,True,False,False,Stim8hr,24
SOS1-3,SOS1,47,12,0.7097006440162659,1.4729094505310059,1.0385187864303589,1.067618727684021,0.5003529191017151,3.477395579253576e-08,0.06905531645366475,0.4686625535195769,7.836298779122132e-08,0.19345719024278524,True,False,False,Stim8hr,24
TMEM30B-1,TMEM30B,184,22,0.006160645745694637,0.5464298725128174,0.17996880412101746,1.0147082805633545,0.499895304441452,1.0288746167164663e-18,0.05451877609070564,0.4926492806030082,4.67527396338728e-18,0.16497952037566993,True,False,False,Stim8hr,24
PCBP3-1,PCBP3,95,13,0.010647307150065899,0.3710790276527405,0.15500132739543915,0.9123626351356506,0.49849992990493774,3.4465925590601508e-09,0.1085688429907777,0.5463835438973457,8.25261512438737e-09,0.25361789017363884,True,False,False,Stim8hr,24
DUSP19-2,DUSP19,30,11,0.024611731991171837,0.21092334389686584,0.15475678443908691,0.636749804019928,0.4981321096420288,0.007189575039205326,0.11953312919244627,0.7823042998949067,0.010519139870074534,0.27006800709802076,True,False,False,Stim8hr,24
TRAK2-3,TRAK2,47,11,0.3476814329624176,1.576509714126587,0.6047762036323547,2.088346242904663,0.497679203748703,4.954561145827846e-16,0.08624863138260137,0.23831259085489828,1.8710242139566678e-15,0.223572531795064,True,False,False,Stim8hr,24
AMHR2-4,AMHR2,253,15,0.0001581662509124726,0.6777667999267578,0.16562682390213013,1.1768165826797485,0.49753254652023315,5.066223943961448e-31,0.09720840643786012,0.4227783274325499,4.7666880757418296e-30,0.23723600482899515,True,False,False,Stim8hr,24
OR51E2-3,OR51E2,45,14,1.1252930562477559e-05,0.4123235046863556,0.18712851405143738,0.8776751160621643,0.49664241075515747,7.186538997750372e-05,0.1057798402292041,0.5658613325890182,0.00012574817332262756,0.2500370973417812,True,False,False,Stim8hr,24
NCKAP5L-2,NCKAP5L,125,13,0.11203792691230774,0.5567365288734436,0.32117870450019836,0.7805601954460144,0.49581286311149597,5.330557408373257e-10,0.08755890198242142,0.6352013156758359,1.3428837458097321e-09,0.22404117150345504,True,False,False,Stim8hr,24
SNAPC1-2,SNAPC1,269,24,0.3851099908351898,1.7602148056030273,0.7568238377571106,1.755515217781067,0.49570098519325256,1.291264508264567e-63,0.03459348945378244,0.2823678087050751,6.401692119819334e-62,0.12389448590360339,True,False,False,Stim8hr,24
HAX1-4,HAX1,89,11,0.7811955809593201,2.143150568008423,1.1706442832946777,2.1489360332489014,0.4952160716056824,3.7464205162209986e-32,0.1043413976633655,0.23044709751410444,3.822535128291979e-31,0.2481881546936153,True,False,False,Stim8hr,24
PPP1R9A-2,PPP1R9A,80,12,5.74370424146764e-05,0.3955880105495453,0.16347703337669373,0.9509060978889465,0.4947657883167267,2.6551755289985935e-08,0.12544546077873486,0.5203098280841069,6.036192692908618e-08,0.27891518675201366,True,False,False,Stim8hr,24
AMICA1-4,JAML,83,12,0.9763950705528259,1.2646595239639282,1.3466676473617554,0.38144251704216003,0.4943566918373108,0.00040036768971453917,0.05549604282492211,1.2960188488444528,0.0006616332718487705,0.16684104448637158,True,False,False,Stim8hr,24
DRC7-1,DRC7,184,17,0.0005501964478753507,0.16485922038555145,0.08119645714759827,0.6464856266975403,0.4943501353263855,1.7308980533157104e-09,0.0836425807295423,0.7646730490385184,4.222954430392336e-09,0.22130434845515023,True,False,False,Stim8hr,24
DCTN4-3,DCTN4,88,12,0.5474565625190735,0.7001100182533264,0.8187316060066223,0.2844480276107788,0.49380627274513245,0.006011423149008001,0.06734314807160355,1.7360158089084259,0.008859059953206532,0.18992676063147249,True,False,False,Stim8hr,24
RNF122-4,RNF122,92,11,0.038901131600141525,0.3161989450454712,0.15628685057163239,0.7632759213447571,0.4931321442127228,1.9378403991330983e-07,0.10628543235395757,0.6460732356706749,4.1469999022953464e-07,0.2506056765353289,True,False,False,Stim8hr,24
VSIR-1,VSIR,209,10,0.9533699154853821,1.8617340326309204,1.45769464969635,1.113540768623352,0.49282604455947876,3.6517954309505207e-37,0.11054779918845005,0.44257566354642736,4.954909800521286e-36,0.25607951130061024,True,False,False,Stim8hr,24
NARFL-3,CIAO3,36,11,0.39846304059028625,0.45582377910614014,0.6520881056785583,0.12107806652784348,0.49245938658714294,0.23998592058076906,0.08205457278068591,4.067288161344198,0.28173210530838916,0.219105814016704,False,False,False,Stim8hr,24
CR2-2,CR2,87,15,0.00014753687719348818,0.2579151391983032,0.07683422416448593,0.8616207242012024,0.4923064410686493,8.80372965292233e-08,0.09924260401394357,0.5713725624752821,1.9299332521457285e-07,0.24044556590694077,True,False,False,Stim8hr,24
SERP1-4,SERP1,108,12,1.0850284099578857,1.7078957557678223,1.4772491455078125,0.8854029774665833,0.4922923147678375,7.084846419953833e-13,0.09330578305306751,0.5560093282907641,2.1387276429321993e-12,0.23092833978496055,True,False,False,Stim8hr,24
UFSP2-1,UFSP2,39,11,0.216486856341362,0.5099970698356628,0.5023494958877563,0.6143867373466492,0.49224531650543213,0.0012757939178055222,0.11299133044015047,0.8011978231029059,0.0020202682555913,0.2595319805965174,True,False,False,Stim8hr,24
GTF2A2-4,GTF2A2,142,15,1.151030421257019,1.5323649644851685,1.4527007341384888,0.6130280494689941,0.49142739176750183,9.045262325805103e-11,0.04568532216631029,0.801639324975712,2.38595016465814e-10,0.1465495236920997,True,False,False,Stim8hr,24
ZNF792-1,ZNF792,53,11,0.06564094126224518,0.8217211961746216,0.34059834480285645,1.1979576349258423,0.4912443161010742,2.688615720910336e-08,0.12963626823221616,0.4100681875377704,6.105036402090588e-08,0.2854634132029674,True,False,False,Stim8hr,24
F2R-1,F2R,83,12,0.018912620842456818,0.4975915849208832,0.13988885283470154,1.133277416229248,0.4910714626312256,4.158083092179184e-11,0.11302199155009629,0.43331972877847225,1.1197289218284753e-10,0.2595319805965174,True,False,False,Stim8hr,24
RAB21-2,RAB21,77,11,1.1867177486419678,2.452725410461426,1.637995958328247,1.6607766151428223,0.4909961223602295,6.417402466015694e-20,0.11365456380088193,0.2956424830909635,3.094276226444226e-19,0.26018416814015505,True,False,False,Stim8hr,24
TMEM208-1,TMEM208,81,14,0.965912401676178,0.9351043701171875,1.2229565382003784,-0.05220785364508629,0.49050676822662354,0.6778416019828337,0.02801768831083022,,0.7400376834747652,0.10867313776391416,False,False,False,Stim8hr,24
NAA16-1,NAA16,63,13,0.26291078329086304,1.1871285438537598,0.5727198719978333,1.3132970333099365,0.4904230833053589,1.5723053449950458e-11,0.09339777867058477,0.3734289127794136,4.367891357109082e-11,0.23092833978496055,True,False,False,Stim8hr,24
MTCP1-1,MTCP1,34,12,0.015575965866446495,0.12003295868635178,0.12021064758300781,0.4120102822780609,0.49008744955062866,0.04214920171372952,0.11278249704746447,1.1895029581321817,0.05683087971652442,0.2595319805965174,False,False,False,Stim8hr,24
ERP29-4,ERP29,96,13,0.18241675198078156,0.6978015899658203,0.446410596370697,1.1107441186904907,0.4889583885669708,1.4796338243429318e-14,0.09534353936141175,0.4402079473924446,5.067975198170166e-14,0.23430101745604892,True,False,False,Stim8hr,24
PPIL3-2,PPIL3,137,11,0.591925323009491,1.7327909469604492,0.9779177308082581,1.5798897743225098,0.4887067377567291,7.272499298888424e-32,0.11012688016363477,0.3093296416620564,7.266861702532696e-31,0.2556782447997954,True,False,False,Stim8hr,24
ADAMTS6-2,ADAMTS6,50,11,0.02290380746126175,0.24639949202537537,0.1520572155714035,0.7123702168464661,0.4880599081516266,0.00024510666927699036,0.12428598646366004,0.6851211583664732,0.0004119198131656331,0.27724051567038505,True,False,False,Stim8hr,24
TST-2,TST,121,29,0.20610573887825012,0.5759198069572449,0.44481760263442993,0.6877206563949585,0.4880514144897461,5.819569042187283e-09,0.017994910214268436,0.7096651961104652,1.3747265416089325e-08,0.08262267442897164,True,False,False,Stim8hr,24
FBXO34-2,FBXO34,111,14,0.26467210054397583,0.3187277913093567,0.48190775513648987,0.12528827786445618,0.4875847101211548,0.11093468117538509,0.06022991579821381,3.891702547373594,0.1398710179671386,0.17644426146308648,False,False,False,Stim8hr,24
RAB3GAP2-1,RAB3GAP2,89,14,0.6461922526359558,1.137747049331665,0.9230310320854187,0.8243513703346252,0.4874995946884155,1.0749354547733774e-10,0.05200795861459906,0.5913735480181552,2.8200647242935215e-10,0.15951023801903558,True,False,False,Stim8hr,24
CCNL1-4,CCNL1,53,12,0.5586345791816711,0.5180984139442444,0.8767988085746765,-0.07618251442909241,0.48684099316596985,0.7181056909195525,0.08190470769150093,,0.7804706876857531,0.21891420811961593,False,False,False,Stim8hr,24
LRRC75B-3,LRRC75B,76,11,0.04132527485489845,1.5899831056594849,0.3493652641773224,2.196216583251953,0.48680633306503296,1.733419739610655e-22,0.135806783058573,0.22165679686482262,9.658694716245537e-22,0.2948996071720457,True,False,False,Stim8hr,24
CHAC2-2,CHAC2,158,17,0.5074332356452942,1.431078314781189,0.8025463223457336,1.262913703918457,0.486627995967865,1.01729829506014e-26,0.0483935302833631,0.38532165298230486,7.366839900744497e-26,0.15138488960436663,True,False,False,Stim8hr,24
ZNF652-2,ZNF652,60,13,0.1578119397163391,0.34912586212158203,0.40946677327156067,0.44850900769233704,0.4863976240158081,0.0023552435027494566,0.09481958826125234,1.0844768235947257,0.0036547859651413113,0.23362064026322887,True,False,False,Stim8hr,24
MICALL1-2,MICALL1,92,11,0.10889457911252975,0.8485365509986877,0.27811703085899353,1.5953727960586548,0.4856124222278595,1.9541295969535615e-20,0.10270513906208167,0.3043880548969858,9.663195845804887e-20,0.24572593864547335,True,False,False,Stim8hr,24
SPOUT1-4,SPOUT1,65,10,0.6214339137077332,1.5840479135513306,0.9356333613395691,1.4487488269805908,0.48497727513313293,4.760668220093131e-15,0.10767776205493515,0.33475593981594315,1.6858520153022104e-14,0.2525860712543205,True,False,False,Stim8hr,24
CD109-3,CD109,139,10,0.7002767324447632,1.1869324445724487,1.009894847869873,0.6985992193222046,0.4849408268928528,6.326688551963067e-12,0.0884562924037562,0.6941617074284057,1.8042260051947775e-11,0.22543241096428973,True,False,False,Stim8hr,24
MTFP1-4,MTFP1,91,10,0.44120410084724426,1.464798092842102,0.7863790392875671,1.3910847902297974,0.48458799719810486,8.226115807938309e-18,0.12398508315760032,0.3483525954719513,3.511080555110093e-17,0.2769708118736234,True,False,False,Stim8hr,24
EWSR1-4,EWSR1,144,14,1.1219826936721802,1.2531989812850952,1.3846969604492188,0.24768897891044617,0.4841877222061157,0.0006879405724116343,0.037836241305504434,1.9548214229635847,0.001112151418693892,0.1319171169678427,True,False,False,Stim8hr,24
DNHD1-2,DNHD1,40,10,0.10562621057033539,0.5012580752372742,0.45442214608192444,0.7275444865226746,0.48398029804229736,0.0006233428738480349,0.14517635333667142,0.665224336116543,0.001011526182614499,0.3114333342707268,True,False,False,Stim8hr,24
WIPF1-2,WIPF1,152,12,1.9320405721664429,2.449134588241577,2.201627016067505,0.8316502571105957,0.4836599826812744,5.078718302658415e-20,0.0348224558502594,0.5815665642449932,2.4579979569937534e-19,0.12459652604132548,True,False,False,Stim8hr,24
C8orf37-1,CFAP418,199,15,0.06434551626443863,0.2478194534778595,0.23809462785720825,0.563269853591919,0.4834442138671875,8.690561903295717e-10,0.0838760806943547,0.8582817113046423,2.1597945295658445e-09,0.22130434845515023,True,False,False,Stim8hr,24
BAZ2B-3,BAZ2B,282,32,0.10239555686712265,0.7668121457099915,0.3216782510280609,1.2128620147705078,0.4833218455314636,1.3986209340748153e-39,0.02005426639237523,0.39849697628045144,2.1808335290593995e-38,0.08870787777305629,True,False,False,Stim8hr,24
GTF2A2-3,GTF2A2,54,11,1.151030421257019,1.7649208307266235,1.5347610712051392,0.8964320421218872,0.4823985993862152,1.718165553955089e-07,0.10785999605386767,0.5381318122502183,3.6891428079646466e-07,0.2525860712543205,True,False,False,Stim8hr,24
HPF1-3,HPF1,117,11,0.1677020937204361,0.4665237069129944,0.35086092352867126,0.6654644012451172,0.4821805953979492,1.6063361749505612e-08,0.09263845944712007,0.7245775949784319,3.6930451774874073e-08,0.23019622446058352,True,False,False,Stim8hr,24
SUCLG2-4,SUCLG2,56,12,0.38110291957855225,0.7771676182746887,0.637965738773346,0.7477583885192871,0.48160210251808167,3.2531033886034443e-06,0.08335584786576085,0.6440611164145564,6.321482815944482e-06,0.22129987487477157,True,False,False,Stim8hr,24
LYL1-4,LYL1,216,15,0.008286860771477222,0.837047815322876,0.11461422592401505,1.2065131664276123,0.4806426763534546,7.466569811360889e-28,0.09809663690798627,0.39837333709055045,5.832974840511628e-27,0.2382796922196558,True,False,False,Stim8hr,24
CHODL-2,CHODL,86,12,0.00046984036453068256,1.4779415130615234,0.3286229968070984,1.3543078899383545,0.48039329051971436,4.691465222175557e-14,0.13202601045767468,0.35471497588453166,1.5296708275002427e-13,0.2894622443773482,True,False,False,Stim8hr,24
MTNR1B-1,MTNR1B,103,16,0.0004651207709684968,0.2014991044998169,0.11200684309005737,0.6738452315330505,0.48014166951179504,2.301127777520386e-06,0.09686634482195712,0.7125399825408503,4.5354032189966014e-06,0.23711878065802058,True,False,False,Stim8hr,24
GALNS-4,GALNS,43,10,0.1847701519727707,0.19800534844398499,0.435110867023468,0.035679519176483154,0.4801037311553955,0.4131175188378569,0.12719589170959392,13.456003394570358,0.46875746635739224,0.28132686319997374,False,False,False,Stim8hr,24
TAGAP-4,TAGAP,140,13,1.6891800165176392,3.104637384414673,2.2762179374694824,1.33721125125885,0.4798411726951599,1.462033013734884e-38,0.060870018523450954,0.3588372235452234,2.1496888456702646e-37,0.17706890305700834,True,False,False,Stim8hr,24
DLGAP4-1,DLGAP4,181,13,0.4905596375465393,0.851704478263855,0.7830814719200134,0.5961265563964844,0.4798044264316559,1.1819652181297557e-11,0.07554842981593718,0.804870075461858,3.314473893044065e-11,0.20585314233708532,True,False,False,Stim8hr,24
POU6F1-1,POU6F1,51,11,0.020493049174547195,0.4523167014122009,0.13621306419372559,1.1357238292694092,0.4797312915325165,1.5842066997438645e-07,0.12721521815150838,0.42240136128967115,3.409085869732623e-07,0.28132686319997374,True,False,False,Stim8hr,24
MARS2-1,MARS2,85,14,0.0569697730243206,0.15393054485321045,0.2510881721973419,0.33804768323898315,0.4793207347393036,0.00689570888724835,0.10012014806075542,1.4179086516633432,0.010104473765437426,0.2422612923645406,True,False,False,Stim8hr,24
TMED4-4,TMED4,145,16,0.6267617344856262,1.4139301776885986,0.9149538278579712,1.3998262882232666,0.477281779050827,2.825594982377678e-34,0.05210867013902764,0.3409578624620761,3.2327147327971835e-33,0.15951023801903558,True,False,False,Stim8hr,24
ZNF483-1,ZNF483,54,12,0.011404422111809254,0.905053973197937,0.08393657207489014,1.4320671558380127,0.4755929708480835,3.8104443457334083e-10,0.1132521735692709,0.33210242194946327,9.674975892942278e-10,0.2599027429848195,True,False,False,Stim8hr,24
C1orf56-3,C1orf56,77,11,0.031728655099868774,0.8407039046287537,0.3638639748096466,1.4615669250488281,0.4749457836151123,2.2216730184792523e-14,0.14290476036151964,0.3249565760385863,7.470617010834146e-14,0.3076071734133564,True,False,False,Stim8hr,24
BCAS2-4,BCAS2,51,11,0.5392867922782898,0.7151301503181458,0.7819237112998962,0.284183531999588,0.47416090965270996,0.042096515123705096,0.07477002797594043,1.668502415732511,0.056779638640867665,0.2040261513744637,False,False,False,Stim8hr,24
CHD9-3,CHD9,45,19,0.2655540704727173,0.4741877317428589,0.5109452605247498,0.46928417682647705,0.47244730591773987,0.0026538707281079875,0.04820652512070657,1.0067403276041682,0.004093545315354443,0.15138222653089833,True,False,False,Stim8hr,24
CSF2RA-3,CSF2RA,170,12,0.0034365516621619463,1.0630803108215332,0.2761688232421875,1.5995937585830688,0.47225862741470337,1.5338240134907158e-32,0.13545139191621525,0.29523660296913967,1.5987324690481396e-31,0.2945814630403255,True,False,False,Stim8hr,24
ASB2-4,ASB2,42,12,0.07421188801527023,0.27031004428863525,0.23895728588104248,0.49329376220703125,0.47152262926101685,0.008396224176929295,0.10737855867742159,0.9558657850271433,0.012206089809092324,0.2523963386687436,True,False,False,Stim8hr,24
GDF6-1,GDF6,115,18,0.0,0.23274970054626465,0.131519615650177,0.7278977632522583,0.47100698947906494,1.0800820354905073e-07,0.0878486973548464,0.6470784954395223,2.353057595065798e-07,0.22418608191364986,True,False,False,Stim8hr,24
NARS-3,NARS1,63,16,1.4428799152374268,1.4460011720657349,1.7195570468902588,0.005595191847532988,0.4709916114807129,0.48173303958554337,0.0419963145097885,84.17791995611033,0.5394907802135234,0.14130788387546275,False,False,False,Stim8hr,24
CASP14-2,CASP14,148,19,1.131508997787023e-05,0.9099271893501282,0.17081935703754425,1.139115333557129,0.4705263376235962,4.64217148628111e-18,0.08209226294597291,0.41306294785294306,2.0079728341665606e-17,0.219105814016704,True,False,False,Stim8hr,24
CHD1-1,CHD1,41,11,0.9325956106185913,1.1526583433151245,1.2361416816711426,0.39452990889549255,0.4703526794910431,0.006102326732688165,0.09220230977887629,1.192185101524547,0.008982755034375765,0.2295649345514879,True,False,False,Stim8hr,24
DNAJB6-1,DNAJB6,131,12,0.2222106009721756,0.5275936126708984,0.41796496510505676,0.6623346209526062,0.46987664699554443,1.0145570144197033e-09,0.08601268369340839,0.709424861891927,2.514930753051919e-09,0.2234489499385258,True,False,False,Stim8hr,24
KIAA0930-1,KIAA0930,123,13,0.28255316615104675,0.8317075967788696,0.545893669128418,0.9373853206634521,0.4691941738128662,3.265043141043928e-14,0.09352298411409514,0.5005350131585005,1.0782170645958041e-13,0.23102803783116121,True,False,False,Stim8hr,24
NEK6-4,NEK6,42,10,0.2602204382419586,0.8270041942596436,0.5289250612258911,0.8194583058357239,0.469017893075943,4.5882442441506994e-05,0.11035567834670115,0.5723511370082649,8.135140069752753e-05,0.2560522549124072,True,False,False,Stim8hr,24
C10orf32-2,BORCS7,136,10,0.3155999481678009,0.4776562452316284,0.5804722905158997,0.3396601676940918,0.4688229560852051,0.00017554787986395707,0.12119595383023408,1.3802706371723905,0.00029813072087567943,0.2725107594446762,True,False,False,Stim8hr,24
ATP6V0A1-1,ATP6V0A1,102,10,0.13408514857292175,0.3528077304363251,0.4017069339752197,0.5010820031166077,0.46869298815727234,3.830219255009314e-05,0.14321482853377324,0.935361847446359,6.838161523139897e-05,0.30809925000837907,True,False,False,Stim8hr,24
OXCT2-1,OXCT2,209,18,0.003449480514973402,0.2447289675474167,0.131365567445755,0.7862100601196289,0.4685869514942169,2.4673995132045074e-14,0.08723480310244593,0.5960073207698681,8.246701743787234e-14,0.22404117150345504,True,False,False,Stim8hr,24
DDN-3,DDN,148,14,0.007668847218155861,1.3452942371368408,0.14332513511180878,1.3258559703826904,0.46856942772865295,2.511506434876734e-22,0.11457661350358675,0.3534089962979966,1.3815071669513984e-21,0.2615140327523024,True,False,False,Stim8hr,24
PRTFDC1-2,PRTFDC1,167,19,0.012918702326714993,0.2634309232234955,0.24696099758148193,0.6921125650405884,0.4681636691093445,6.429864263493038e-10,0.08133647467912633,0.6764270622393475,1.6103811597751022e-09,0.21833845022998136,True,False,False,Stim8hr,24
ABHD16A-2,ABHD16A,53,11,0.30488741397857666,0.6598147749900818,0.5753910541534424,0.6751648187637329,0.46814844012260437,4.644274978308468e-05,0.1137515985039457,0.6933839369471474,8.230710972098463e-05,0.26018416814015505,True,False,False,Stim8hr,24
C1orf127-2,C1orf127,113,26,4.961395825375803e-05,0.9966034293174744,0.17466497421264648,1.492849588394165,0.46755650639533997,2.4334488342105607e-20,0.05212973405381491,0.3131973308163505,1.194181045925411e-19,0.15951023801903558,True,False,False,Stim8hr,24
ZNF764-2,ZNF764,101,10,0.05482589825987816,0.21178847551345825,0.24642808735370636,0.5234902501106262,0.46747836470603943,3.0899033266938124e-05,0.14801788358619553,0.893003001693441,5.5678733291355884e-05,0.3155653104554338,True,False,False,Stim8hr,24
TRAPPC3-1,TRAPPC3,75,13,1.1140798330307007,1.4832210540771484,1.4742192029953003,0.5617524981498718,0.46722543239593506,1.903745708561635e-05,0.09294813711226176,0.8317282681158321,3.484043849980049e-05,0.23066263422478606,True,False,False,Stim8hr,24
C10orf2-3,TWNK,43,10,0.4241027534008026,0.4432429075241089,0.65925133228302,0.03995132818818092,0.4672081768512726,0.3951187762380707,0.09206429389732247,11.694434153743353,0.4504493831699939,0.2295649345514879,False,False,False,Stim8hr,24
IL11-3,IL11,97,15,0.001124435686506331,2.3938803672790527,0.18938060104846954,3.1591789722442627,0.46699151396751404,1.3695811570803938e-39,0.11057055577839675,0.14782053124257344,2.1441985159635156e-38,0.25607951130061024,True,False,False,Stim8hr,24
NLRP6-3,NLRP6,74,15,0.01018268708139658,0.6303489208221436,0.1613083928823471,1.0843316316604614,0.46624547243118286,2.383727378940246e-09,0.1063909691899938,0.429984203003661,5.768381585958655e-09,0.2506982214807206,True,False,False,Stim8hr,24
CSF2-2,CSF2,164,11,1.2144393920898438,3.676091194152832,2.009669303894043,1.8167457580566406,0.46569156646728516,1.609373476434848e-57,0.10245736804151069,0.2563328216962135,5.927092603212912e-56,0.24572593864547335,True,False,False,Stim8hr,24
CCNG2-4,CCNG2,1240,109,0.07663632184267044,1.237984299659729,0.3406129777431488,1.7142305374145508,0.46506035327911377,3.1403152964943127e-257,0.0002328399732548293,0.27129393808404,3.035899812885877e-254,0.006425355793440501,True,True,False,Stim8hr,24
SH2D1B-1,SH2D1B,499,90,0.0003405033203307539,2.6401686668395996,0.2748631238937378,4.559864044189453,0.4648921489715576,8.153434658539756e-266,0.0012225712016947447,0.10195307238687537,1.576466591228662e-262,0.016280860157780012,True,True,False,Stim8hr,24
SLC3A2-3,SLC3A2,120,10,1.6078243255615234,2.181915283203125,1.9201589822769165,0.7244527339935303,0.4646105170249939,9.494636062510711e-12,0.06833243337135984,0.6413261973128852,2.6819399308786645e-11,0.192000938343598,True,False,False,Stim8hr,24
AP5M1-3,AP5M1,114,11,0.5418049693107605,1.0411456823349,0.8196083307266235,0.9040637016296387,0.46437573432922363,2.2238927560037204e-15,0.1001071545453781,0.5136537762683687,8.074923274616325e-15,0.2422612923645406,True,False,False,Stim8hr,24
SNX18-2,SNX18,18,11,0.06722720712423325,0.44130760431289673,0.22644644975662231,0.9024882912635803,0.4638766944408417,0.004826954119462378,0.12588285049425169,0.5139974655974369,0.007201323912021997,0.27955897860790363,True,False,False,Stim8hr,24
TMEM120B-4,TMEM120B,188,16,0.32715314626693726,0.7708267569541931,0.6081385016441345,0.8152267336845398,0.46382462978363037,1.3690196215005875e-18,0.07245824899932536,0.5689516923559477,6.1486630387256354e-18,0.19886581837115277,True,False,False,Stim8hr,24
ZCCHC9-1,ZCCHC9,54,10,0.7550539970397949,1.2143105268478394,1.040073037147522,0.7388185858726501,0.46352308988571167,3.82092536555152e-06,0.10509395291216624,0.6273841762362066,7.391454921754741e-06,0.24919456420928696,True,False,False,Stim8hr,24
PRKAB1-2,PRKAB1,139,20,0.39059585332870483,0.5650031566619873,0.6480796933174133,0.33840203285217285,0.46333011984825134,0.0001478619693908972,0.04086182820152883,1.369170616213916,0.000252442488138896,0.1391931158375993,True,False,False,Stim8hr,24
ARID4A-3,ARID4A,117,13,0.20021852850914001,0.7274125218391418,0.4610946476459503,0.8458719253540039,0.4633249044418335,5.863988841017518e-11,0.10521199424886489,0.5477482944571407,1.56171107770074e-10,0.2493181467726861,True,False,False,Stim8hr,24
PCMTD1-3,PCMTD1,184,13,0.2906271815299988,1.005288004875183,0.5101418495178223,1.0689064264297485,0.46326085925102234,7.669784262416171e-24,0.07284261919974055,0.4333970194176479,4.663373544459644e-23,0.19963100421262228,True,False,False,Stim8hr,24
CALM3-2,CALM3,78,11,1.417776107788086,3.0025041103363037,1.8138630390167236,2.308464527130127,0.4628584682941437,1.2040504869054107e-30,0.1177998673288126,0.20050490828618767,1.0981281209583075e-29,0.2674184263130668,True,False,False,Stim8hr,24
LMBR1-4,LMBR1,67,10,0.5119221806526184,1.143470048904419,0.8440596461296082,1.075518012046814,0.4620703458786011,2.1683250661852264e-11,0.1315301454177719,0.42962585535804915,5.95942646122123e-11,0.2887098142600193,True,False,False,Stim8hr,24
KRT71-1,KRT71,165,19,0.0,0.11604335904121399,0.06921331584453583,0.43123307824134827,0.46069231629371643,6.569358941415809e-05,0.08635554906150132,1.0683139572050193,0.00011541895059725095,0.22369636065109452,True,False,False,Stim8hr,24
PFKFB2-1,PFKFB2,87,11,0.06585665792226791,0.9753682613372803,0.2883791923522949,1.4679062366485596,0.46008482575416565,2.3043922261434598e-16,0.14068904581824035,0.3134293010462339,8.84914075322419e-16,0.3035287913774016,True,False,False,Stim8hr,24
MBTPS1-1,MBTPS1,149,13,0.7163251638412476,1.324668288230896,1.06430184841156,0.9017496109008789,0.4600520133972168,1.5559511813374854e-17,0.09722787083155539,0.5101771132871452,6.497692460293798e-17,0.23723600482899515,True,False,False,Stim8hr,24
ERLEC1-3,ERLEC1,172,16,0.7007114291191101,0.9695926308631897,1.0140373706817627,0.46300557255744934,0.4589633345603943,1.0144887566685842e-08,0.06549730966531693,0.9912695694465892,2.357588955551331e-08,0.1870927682433751,True,False,False,Stim8hr,24
NRN1L-3,NRN1L,106,13,0.012863202951848507,0.1430731564760208,0.09385494887828827,0.3274369537830353,0.45721641182899475,0.008585425462367569,0.1142606206721804,1.396349454594405,0.012462402501116887,0.2609502822356197,True,False,False,Stim8hr,24
HRASLS5-3,PLAAT5,77,17,8.626796625321731e-05,1.265774130821228,0.21718645095825195,1.834443211555481,0.4568386375904083,2.1618805725040293e-18,0.10076573585065135,0.2490339492183248,9.57616514762094e-18,0.24289102166167204,True,False,False,Stim8hr,24
B4GALT3-1,B4GALT3,165,24,0.8007717728614807,2.233383893966675,1.1797538995742798,2.0812366008758545,0.456493616104126,2.64872584217866e-54,0.041787878973408146,0.21933768410185467,8.194098265363903e-53,0.14085718206544529,True,False,False,Stim8hr,24
IFT140-1,IFT140,75,11,0.029213959351181984,0.12199556827545166,0.15051600337028503,0.4010296165943146,0.45577627420425415,0.00368050062315659,0.13583160118818183,1.1365152481127643,0.005576996829837983,0.2948996071720457,True,False,False,Stim8hr,24
DNAH14-2,DNAH14,83,13,0.0172237791121006,0.969955563545227,0.15101614594459534,1.5403988361358643,0.45557618141174316,3.5672570435019576e-16,0.12504558345983866,0.295752094019085,1.3577345459864243e-15,0.2781896450853587,True,False,False,Stim8hr,24
TMEM135-3,TMEM135,189,12,0.29670143127441406,1.5350780487060547,0.6662738919258118,1.9205714464187622,0.455538272857666,1.2814878071226174e-51,0.12780500449171545,0.23718892296722205,3.5651175180886057e-50,0.28233558819373117,True,False,False,Stim8hr,24
TMEM5-2,RXYLT1,83,11,0.48282015323638916,1.3040993213653564,0.739365816116333,1.1944589614868164,0.4547538161277771,2.762550375360469e-14,0.09696356406194033,0.3807194979404877,9.177648025359908e-14,0.2372032336883948,True,False,False,Stim8hr,24
HDHD2-4,HDHD2,97,12,0.5683108568191528,1.1104683876037598,0.8879275918006897,0.9473556280136108,0.4544922113418579,4.807760720603059e-14,0.10800584247762292,0.47974825704558766,1.5662688042604912e-13,0.25263869274413914,True,False,False,Stim8hr,24
PHKA2-4,PHKA2,139,11,0.16715334355831146,0.28977522253990173,0.3675081431865692,0.3046756684780121,0.4541633129119873,0.0011177594808504875,0.11899182269192125,1.4906451676326213,0.0017751030441268318,0.26972216271222016,True,False,False,Stim8hr,24
PIGH-1,PIGH,95,11,0.29756224155426025,1.0452908277511597,0.5121535658836365,1.1867070198059082,0.4522515535354614,3.4590174377246534e-15,0.10256508236842082,0.3810979003136169,1.2408182218628232e-14,0.24572593864547335,True,False,False,Stim8hr,24
RPRD2-3,RPRD2,64,12,0.5183765888214111,1.4078500270843506,0.7587835788726807,1.4050332307815552,0.4522095322608948,2.3446214262981888e-14,0.08020264652875717,0.3218497060096945,7.86129946006415e-14,0.21604445097703676,True,False,False,Stim8hr,24
C2orf80-1,C2orf80,300,28,0.0,0.36414864659309387,0.11327709257602692,0.7328551411628723,0.4522002041339874,1.6004692388551344e-17,0.05108075001494253,0.6170390009360511,6.669196709755177e-17,0.15770601048887758,True,False,False,Stim8hr,24
CYP2R1-2,CYP2R1,17,13,0.2510588467121124,0.22090564668178558,0.5002769231796265,-0.075589619576931,0.4518495798110962,0.6236741927869092,0.10036441096676148,,0.6859351830224624,0.24254198228517054,False,False,False,Stim8hr,24
NUDT14-4,NUDT14,105,11,0.04654458165168762,0.18090616166591644,0.21886177361011505,0.47664132714271545,0.4512067437171936,9.704821615142641e-05,0.14412526958538185,0.9466378973514685,0.00016836494026808703,0.3095296817557718,True,False,False,Stim8hr,24
STK33-3,STK33,109,11,0.03243304789066315,0.17990797758102417,0.1640019714832306,0.5408837795257568,0.4509598910808563,1.5288533129066545e-05,0.14048994101760867,0.8337463761184609,2.826040038723725e-05,0.3032722356898379,True,False,False,Stim8hr,24
TMCO6-4,TMCO6,115,16,0.09102616459131241,0.3240605294704437,0.24191607534885406,0.6240237951278687,0.4506382346153259,2.420823248895478e-07,0.0786427784122555,0.7221491201677425,5.135119859286238e-07,0.2125909421995801,True,False,False,Stim8hr,24
HS2ST1-1,HS2ST1,89,11,0.4013690948486328,1.1157053709030151,0.6362048983573914,1.0496188402175903,0.45029452443122864,2.1101569858028975e-12,0.10044194056971743,0.42900766180786226,6.205305752167152e-12,0.24257434178459217,True,False,False,Stim8hr,24
C1orf53-4,C1orf53,143,13,0.05511198192834854,0.6981590390205383,0.1833563596010208,1.1593719720840454,0.4491572380065918,8.055138177513023e-19,0.10558143451360467,0.38741426291270686,3.68194081943769e-18,0.24988046641455122,True,False,False,Stim8hr,24
SLC9A6-4,SLC9A6,91,12,0.21379297971725464,0.9568153023719788,0.4527062177658081,1.2469912767410278,0.4485282897949219,3.9774105327543686e-15,0.11840441694282669,0.3596883941058003,1.4215015277413255e-14,0.26862957701126006,True,False,False,Stim8hr,24
EMC1-4,EMC1,153,15,0.5559257864952087,1.2330378293991089,0.8561303615570068,1.0696253776550293,0.448379248380661,8.847161707753323e-23,0.08144231625199465,0.41919279193212095,5.038582374651266e-22,0.2184502411808821,True,False,False,Stim8hr,24
FLOT2-1,FLOT2,116,11,0.7010901570320129,1.3905766010284424,1.0001035928726196,1.009729266166687,0.44837629795074463,1.0285940167952927e-16,0.10602621468568299,0.44405595932952413,4.062893833449843e-16,0.25015043290159267,True,False,False,Stim8hr,24
NEIL2-1,NEIL2,49,11,0.12193350493907928,0.16014347970485687,0.29056787490844727,0.12672364711761475,0.4483499825000763,0.20217198691612687,0.12091653071000227,3.5380135649343623,0.2402578590671981,0.2725107594446762,False,False,False,Stim8hr,24
MBD3-4,MBD3,49,11,0.7049943804740906,0.8503094911575317,1.007694125175476,0.27533724904060364,0.4475100040435791,0.024554313000664078,0.11408915550598482,1.625315882986778,0.03403280586866236,0.2607161245460028,True,False,False,Stim8hr,24
TPPP2-2,TPPP2,119,10,0.0,0.2971172034740448,0.17920060455799103,0.6507051587104797,0.44721361994743347,9.276668178345306e-07,0.17171818636964714,0.6872753565281224,1.8930277491114142e-06,0.3311409535228894,True,False,False,Stim8hr,24
TMEM207-4,TMEM207,92,10,0.0,0.9957137107849121,0.08816159516572952,1.083369493484497,0.44721361994743347,4.1946917182334045e-11,0.1717181908847623,0.41279879361291344,1.1288011742803461e-10,0.3311409535228894,True,False,False,Stim8hr,24
TGM6-2,TGM6,26,10,0.0,0.17616583406925201,0.19510558247566223,0.585274875164032,0.44721361994743347,0.022507447343624778,0.1717181886482779,0.7641086930685265,0.03125181288251239,0.3311409535228894,True,False,False,Stim8hr,24
LMOD2-4,LMOD2,73,10,0.0,0.21644186973571777,0.1629125028848648,0.4621914327144623,0.44721361994743347,0.003348697502556254,0.1717181956577737,0.9675939195171496,0.005106235505672332,0.3311409535228894,True,False,False,Stim8hr,24
SCN10A-2,SCN10A,156,10,0.0,0.286622017621994,0.10417695343494415,0.5868189930915833,0.44721361994743347,3.3631584987912926e-07,0.17171819039773017,0.7620980663753636,7.056610914175762e-07,0.3311409535228894,True,False,False,Stim8hr,24
ARMC3-1,ARMC3,90,10,0.0,0.3668161630630493,0.052326105535030365,0.9834792613983154,0.4472135901451111,1.4555962299003142e-09,0.17171820646428015,0.45472599951854675,3.569302866851309e-09,0.3311409535228894,True,False,False,Stim8hr,24
GPR26-4,GPR26,46,10,0.0,0.6109968423843384,0.27678635716438293,0.979663074016571,0.4472135901451111,1.2469283752865448e-05,0.17171819340698663,0.4564973428176251,2.3226743869138095e-05,0.3311409535228894,True,False,False,Stim8hr,24
DCAF12L1-3,DCAF12L1,77,10,0.0,0.3141811788082123,0.2823547124862671,0.6627259850502014,0.4472135901451111,4.914329782938286e-05,0.17171821093909484,0.6748091975165795,8.701333915120125e-05,0.3311409535228894,True,False,False,Stim8hr,24
TMEM235-2,TMEM235,122,10,0.0,0.2717980444431305,0.18833127617835999,0.618311882019043,0.4472135901451111,2.0266913017505746e-06,0.17171819212121975,0.7232815722136449,4.01291104140782e-06,0.3311409535228894,True,False,False,Stim8hr,24
NMS-4,NMS,86,10,0.0,0.29153895378112793,0.07402526587247849,0.6219779849052429,0.4472135901451111,5.0854651142646066e-05,0.17171821087036332,0.7190183591678783,8.9878855561523e-05,0.3311409535228894,True,False,False,Stim8hr,24
MGAT4C-3,MGAT4C,46,10,6.0810166360170115e-06,0.40657415986061096,0.2678007483482361,0.9271613955497742,0.4472029507160187,2.8293156313513516e-05,0.17172339190303715,0.4823356029085346,5.115572687157814e-05,0.3311409535228894,True,False,False,Stim8hr,24
RXFP2-3,RXFP2,158,10,1.396566403855104e-05,0.7898964285850525,0.356623113155365,1.3932172060012817,0.4471946358680725,2.6356184918745734e-25,0.17172716837664603,0.3209798400003833,1.7274468996744026e-24,0.3311409535228894,True,False,False,Stim8hr,24
DEFA5-2,DEFA5,84,10,1.1088550309068523e-05,0.2661270797252655,0.24883759021759033,0.5036288499832153,0.4471918046474457,0.0007984998715521172,0.17172840664550537,0.88793921289924,0.0012823085561844009,0.3311409535228894,True,False,False,Stim8hr,24
NPSR1-3,NPSR1,123,10,1.952408638317138e-05,0.34528011083602905,0.25421416759490967,0.6062006950378418,0.4471762180328369,2.7560399946123845e-06,0.1717358104666083,0.7376702496273485,5.3962565362866285e-06,0.3311409535228894,True,False,False,Stim8hr,24
IYD-3,IYD,116,10,1.8602911950438283e-05,1.0804182291030884,0.2179618775844574,1.4898436069488525,0.4471685588359833,8.84591946653152e-21,0.1717377380396352,0.3001446304500167,4.483246471438714e-20,0.3311409535228894,True,False,False,Stim8hr,24
CPN1-4,CPN1,73,10,2.570496690168511e-05,0.8761609792709351,0.2670072615146637,1.3032047748565674,0.44716525077819824,1.32075828837786e-11,0.1717402591335902,0.3431273882705148,3.6849728002577086e-11,0.3311409535228894,True,False,False,Stim8hr,24
PCDH15-4,PCDH15,104,10,1.3074773050902877e-05,0.9194807410240173,0.09847775846719742,1.3882390260696411,0.4471375644207001,3.500423755329086e-17,0.17174860204357006,0.3220897525742583,1.424856701248166e-16,0.3311409535228894,True,False,False,Stim8hr,24
INSL5-3,INSL5,51,10,6.550584657816216e-05,0.8182153105735779,0.34445634484291077,0.9316020011901855,0.44711747765541077,1.0225088639242362e-05,0.17176177526564657,0.4799447372206022,1.915717915113867e-05,0.3311409535228894,True,False,False,Stim8hr,24
CRHR2-2,CRHR2,21,10,4.957749479217455e-05,1.4927823543548584,0.2207498848438263,1.675953984260559,0.447100430727005,1.2872754915295355e-05,0.17176966526942444,0.266773691238467,2.3943695650527723e-05,0.3311409535228894,True,False,False,Stim8hr,24
FOLR1-4,FOLR1,44,10,2.1399759134510532e-05,0.4559735953807831,0.11494509130716324,0.6302663683891296,0.4470975399017334,0.002519688134946532,0.17176085704013777,0.70937870450624,0.0039021361705399438,0.3311409535228894,True,False,False,Stim8hr,24
RFX4-2,RFX4,82,10,2.1177113012527116e-05,0.6408360004425049,0.09247539937496185,1.0703033208847046,0.44708251953125,6.462109649020371e-10,0.17177068212973484,0.4177157174114857,1.6174095801140307e-09,0.3311409535228894,True,False,False,Stim8hr,24
SLC26A5-3,SLC26A5,86,10,1.2356425031612162e-05,0.7523068189620972,0.054279811680316925,1.289098858833313,0.44706273078918457,3.450306173432904e-13,0.1717703618549064,0.3468025184614581,1.06398197549163e-12,0.3311409535228894,True,False,False,Stim8hr,24
RANBP17-4,RANBP17,132,10,3.3024938602466136e-05,0.13358061015605927,0.10737357288599014,0.5264118909835815,0.4470425844192505,1.8129680815362733e-05,0.17178869062762092,0.8492258478127604,3.3273600243477784e-05,0.3311409535228894,True,False,False,Stim8hr,24
MARCH1-2,MARCHF1,86,10,2.2863834601594135e-05,0.5457437038421631,0.08880072832107544,0.9026489853858948,0.44703570008277893,3.314696598929541e-08,0.17177721399404017,0.49524865957907777,7.478373248576742e-08,0.3311409535228894,True,False,False,Stim8hr,24
CDH15-2,CDH15,60,10,4.498471025726758e-05,0.4853917956352234,0.13824614882469177,1.0568119287490845,0.447017103433609,1.4457665497367292e-07,0.171792775633148,0.4229864285906853,3.118114471741178e-07,0.3311409535228894,True,False,False,Stim8hr,24
ASB14-4,ASB14,118,10,4.573704063659534e-05,0.5024405717849731,0.12756477296352386,0.9786873459815979,0.44700726866722107,6.163156625250389e-12,0.17180037433599105,0.45674164532993367,1.760186607817079e-11,0.3311409535228894,True,False,False,Stim8hr,24
CCL18-2,CCL18,55,10,0.00018894737877417356,0.13100838661193848,0.37475529313087463,0.3506331145763397,0.4469655156135559,0.03569287600289559,0.1718337598967975,1.2747384574717422,0.048583017072579116,0.3311409535228894,True,False,False,Stim8hr,24
BMPR1B-2,BMPR1B,53,10,6.214714812813327e-05,0.5033562779426575,0.11984594166278839,0.8347421288490295,0.4468790590763092,3.8000234447612056e-05,0.17183703211858858,0.5353498327591073,6.787385986555004e-05,0.3311409535228894,True,False,False,Stim8hr,24
TSPYL1-3,TSPYL1,454,33,0.31051748991012573,0.6828457713127136,0.5466276407241821,0.6616222858428955,0.4468299150466919,1.3397742822435778e-28,0.01689000764631115,0.6753549942433366,1.0884258717302344e-27,0.0799474454547544,True,False,False,Stim8hr,24
PRR35-3,PRR35,50,10,9.816460078582168e-05,0.1022181585431099,0.133809432387352,0.46253836154937744,0.44677773118019104,0.012460100549427373,0.17188637869922835,0.965925787611664,0.017760121203330502,0.3311409535228894,True,False,False,Stim8hr,24
MYBPHL-3,MYBPHL,34,10,0.00011383314267732203,0.5176831483840942,0.1291075050830841,0.9543193578720093,0.4467126727104187,0.00020222504690946868,0.1719203417087668,0.46809557935251545,0.00034178507709742805,0.3311409535228894,True,False,False,Stim8hr,24
NEU4-4,NEU4,51,10,5.41548288310878e-05,0.09748020023107529,0.06999121606349945,0.36333319544792175,0.44667142629623413,0.036227662398454416,0.17189558524895898,1.2293713646108553,0.049258920708446986,0.3311409535228894,True,False,False,Stim8hr,24
DLL1-3,DLL1,97,10,0.00021094987459946424,0.49822285771369934,0.15031388401985168,0.817596435546875,0.4463784098625183,6.734714138146291e-08,0.17204000208641423,0.5459642318082565,1.484785608449926e-07,0.3311409535228894,True,False,False,Stim8hr,24
GTF2F2-3,GTF2F2,129,13,0.6018942594528198,1.3853209018707275,0.8761718273162842,1.1437188386917114,0.4463411271572113,2.8856455642642897e-20,0.09021301072254272,0.3902542408655054,1.4107195192174475e-19,0.22793517627903986,True,False,False,Stim8hr,24
GRID2IP-4,GRID2IP,138,10,0.0003366976452525705,0.5363684296607971,0.1814662516117096,1.1938148736953735,0.4462124705314636,4.10701436151062e-18,0.17214372360813696,0.3737702388899235,1.7844746669619736e-17,0.3311409535228894,True,False,False,Stim8hr,24
PLSCR4-3,PLSCR4,64,10,0.0001627586898393929,0.8792868256568909,0.0917389839887619,1.5484554767608643,0.4459846317768097,8.420265621942289e-13,0.17212511768043748,0.28801902183829164,2.5300052183411675e-12,0.3311409535228894,True,False,False,Stim8hr,24
DMKN-2,DMKN,67,10,0.00048782635712996125,0.85716313123703,0.20485153794288635,1.1477794647216797,0.44594284892082214,3.4565139267271445e-09,0.17226449669284633,0.38852659646507703,8.271249600652146e-09,0.3311409535228894,True,False,False,Stim8hr,24
TRPM6-1,TRPM6,113,10,0.0002147053019143641,0.5144026875495911,0.07763822376728058,0.9554364085197449,0.4454212784767151,4.016597421879544e-11,0.17235277620419248,0.46619667672786835,1.0823820369622437e-10,0.3311409535228894,True,False,False,Stim8hr,24
RHBDD3-2,RHBDD3,55,12,0.10660324990749359,0.41645312309265137,0.2978588342666626,0.8303972482681274,0.44530582427978516,2.5675493208498567e-06,0.12457192156921182,0.5362563823621922,5.045077857584551e-06,0.27746231294155427,True,False,False,Stim8hr,24
SERPINB10-1,SERPINB10,42,10,0.0004768886137753725,0.36189424991607666,0.15025697648525238,0.8793665766716003,0.44516152143478394,0.00011670961012184932,0.1724466181259916,0.5062297490538233,0.00020067410508723492,0.3311409535228894,True,False,False,Stim8hr,24
VDAC3-2,VDAC3,57,12,1.1143895387649536,1.4912197589874268,1.4364923238754272,0.57094407081604,0.445054292678833,0.00011721726341849847,0.10458927015956565,0.7795059366195448,0.00020127848918265258,0.24846521340670685,True,False,False,Stim8hr,24
CCDC64B-1,BICDL2,86,10,0.0001747420319588855,0.1344001293182373,0.05213967710733414,0.5208481550216675,0.4447771906852722,0.00048695143995938154,0.1724874876890778,0.8539479047723022,0.0007982370573645309,0.3311409535228894,True,False,False,Stim8hr,24
PTRHD1-1,PTRHD1,52,11,0.45919492840766907,0.5663953423500061,0.6905131936073303,0.201363667845726,0.44443202018737793,0.08671543275082694,0.09174602475183913,2.2071112675990676,0.11147891570726322,0.2294421629319001,False,False,False,Stim8hr,24
KIAA1009-2,CEP162,96,10,0.08298522233963013,0.5236193537712097,0.19229525327682495,0.9943559169769287,0.4440021514892578,2.1572437576075553e-11,0.10326721264342387,0.4465223607650737,5.93318748980684e-11,0.24656350897564966,True,False,False,Stim8hr,24
KIAA1199-3,CEMIP,55,10,0.0005945567390881479,0.8395978808403015,0.1068628579378128,1.2749156951904297,0.44378432631492615,6.621614767519564e-09,0.17299664947079912,0.3480891544351406,1.5594265716198632e-08,0.33144545506512785,True,False,False,Stim8hr,24
ALPP-3,ALPP,56,30,8.160502329701558e-05,0.42261025309562683,0.21980908513069153,0.657214879989624,0.44332361221313477,0.0004978839059080143,0.04831262491348342,0.6745489575953209,0.0008154667785456549,0.15138222653089833,True,False,False,Stim8hr,24
RRNAD1-4,METTL25B,32,10,0.06558483093976974,0.01460188440978527,0.23650899529457092,-0.3207828998565674,0.4429161548614502,0.9992567660183493,0.15578192609125346,,1.0,0.3284098352715276,False,False,False,Stim8hr,24
GAL3ST3-4,GAL3ST3,27,10,0.0017800172790884972,1.2749117612838745,0.20653624832630157,1.5774768590927124,0.44257068634033203,2.0683146556516564e-06,0.17370152022888763,0.2805560562041316,4.093230692633038e-06,0.3317874492452793,True,False,False,Stim8hr,24
TMEM74-2,TMEM74,45,10,0.0011250866809859872,0.5779753923416138,0.13598647713661194,1.0816926956176758,0.4424823522567749,3.0848089392312913e-06,0.17362186865466556,0.4090647501359945,6.003500839460193e-06,0.3317874492452793,True,False,False,Stim8hr,24
STPG3-3,STPG3,149,10,0.0004744960169773549,0.04631797596812248,0.0986979752779007,0.2749096751213074,0.4422771632671356,0.008831615420461588,0.17282267892978492,1.6088090136222932,0.012805345643391437,0.331331710746404,True,False,False,Stim8hr,24
DYDC2-3,DYDC2,66,10,0.0004911795840598643,0.26066482067108154,0.06809151917695999,0.6808757185935974,0.4422609210014343,0.00011009030373104431,0.1733771647021411,0.6495472065224461,0.00019005321630711982,0.3317874492452793,True,False,False,Stim8hr,24
SH2D3A-2,SH2D3A,105,10,0.05937054380774498,0.37394264340400696,0.24858108162879944,0.8457313776016235,0.441838800907135,6.793980076015404e-10,0.1605037603915839,0.5224339697081222,1.6960826955423864e-09,0.3311409535228894,True,False,False,Stim8hr,24
GADL1-1,GADL1,356,50,0.00022830224770586938,0.771564245223999,0.10111331939697266,1.1504387855529785,0.441177636384964,1.9055086587546722e-41,0.015985239866676444,0.3834864070346031,3.395669116776183e-40,0.07740867756180578,True,False,False,Stim8hr,24
TMOD4-3,TMOD4,51,10,0.0010287918848916888,0.4493105709552765,0.10141245275735855,0.7929743528366089,0.4410249888896942,0.00010236465543478067,0.17405459403878398,0.5561655144483175,0.00017719074421051784,0.331791569886432,True,False,False,Stim8hr,24
EPHX2-3,EPHX2,23,13,0.07023677974939346,0.17716626822948456,0.21042464673519135,0.32240286469459534,0.4404284656047821,0.11188220680876167,0.10846847814715534,1.3660811172443819,0.14088195823167743,0.2535400397728934,False,False,False,Stim8hr,24
CHRNB4-4,CHRNB4,74,10,0.0005790082504972816,0.27044877409935,0.05087629705667496,0.9272779226303101,0.439126193523407,1.4784706315643603e-07,0.17434099698495187,0.47356481029741837,3.186870642285051e-07,0.33205533195144343,True,False,False,Stim8hr,24
ATM-4,ATM,49,16,0.34409573674201965,0.5327417254447937,0.5978021621704102,0.3595782518386841,0.43860411643981934,0.014018659558745004,0.07731310437651075,1.2197737605014785,0.01991556080590262,0.20960441630965135,True,False,False,Stim8hr,24
INAFM1-3,INAFM1,36,11,0.07000013440847397,0.025948481634259224,0.19814296066761017,-0.24456077814102173,0.4385702610015869,0.9810548808041483,0.12474682746952673,,1.0,0.2776883469627723,False,False,False,Stim8hr,24
BMP6-1,BMP6,268,20,0.0019432911649346352,0.4153522551059723,0.14180207252502441,0.8423584699630737,0.4382726848125458,9.105278913811764e-20,0.09006691323386806,0.520292370101957,4.357687321746299e-19,0.22793517627903986,True,False,False,Stim8hr,24
ZNF124-2,ZNF124,30,12,0.02085685543715954,0.018539680168032646,0.10724025964736938,-0.020556235685944557,0.4378907382488251,0.5492764330327522,0.12865841619184348,,0.6101844201487081,0.28372369098399536,False,False,False,Stim8hr,24
LTBP1-3,LTBP1,155,10,0.0019041207851842046,0.17687596380710602,0.12187453359365463,0.45718562602996826,0.4377976655960083,4.2685379747525115e-05,0.1753262625683797,0.9575928040382243,7.603148939828633e-05,0.3329427793884411,True,False,False,Stim8hr,24
WDR60-3,DYNC2I1,112,11,0.1416257619857788,0.68221515417099,0.36908042430877686,1.1031113862991333,0.4372853636741638,1.2299633828347158e-15,0.1428334514582945,0.3964108875181025,4.547101722200618e-15,0.3076071734133564,True,False,False,Stim8hr,24
TMEM150B-3,TMEM150B,88,10,0.0016592232277616858,0.5667750835418701,0.08651445806026459,1.3265752792358398,0.43562832474708557,5.446236349361497e-14,0.17615507709049988,0.32838567970151294,1.7653475241392212e-13,0.3329427793884411,True,False,False,Stim8hr,24
EIF3I-3,EIF3I,69,12,0.3503704071044922,0.344853937625885,0.5619814395904541,-0.012368017807602882,0.4351652264595032,0.5398861805786349,0.09765349448660969,,0.6004428703760659,0.2376612073026756,False,False,False,Stim8hr,24
CAND1-4,CAND1,132,18,1.4782791137695312,1.994058609008789,1.712514042854309,0.7987680435180664,0.43472951650619507,8.323544579292755e-14,0.03521875596134957,0.5442500110438663,2.6689176524150157e-13,0.12577652034544295,True,False,False,Stim8hr,24
HOXA7-1,HOXA7,255,21,0.0002891398617066443,0.9572342038154602,0.09265919774770737,1.365309715270996,0.43450552225112915,1.3131572182100948e-38,0.08694619590280432,0.3182468544617992,1.9381599094726858e-37,0.22404117150345504,True,False,False,Stim8hr,24
TRAPPC9-4,TRAPPC9,123,12,0.2973548471927643,1.3934473991394043,0.5682556629180908,1.7326970100402832,0.43384113907814026,5.972212346340588e-31,0.1243257309828062,0.2503848835452506,5.591899550435607e-30,0.27724051567038505,True,False,False,Stim8hr,24
SMEK2-2,PPP4R3B,34,12,1.0278406143188477,1.4303531646728516,1.3143101930618286,0.7156385183334351,0.43360650539398193,8.129229192169544e-05,0.10288474211094602,0.6059015750071087,0.00014166619777431107,0.24596086894032734,True,False,False,Stim8hr,24
FAM73B-1,MIGA2,43,10,0.2650637626647949,0.5571305751800537,0.4746517539024353,0.5888903737068176,0.43358513712882996,0.0008945567670746888,0.13036743461288158,0.736274791519504,0.0014300334924670613,0.2868235239708657,True,False,False,Stim8hr,24
NFATC3-2,NFATC3,104,13,1.0737707614898682,1.4202868938446045,1.3242223262786865,0.5324465036392212,0.4326252341270447,7.576536336245085e-07,0.06302152884033771,0.8125233824808547,1.55677290182039e-06,0.18180581393909778,True,False,False,Stim8hr,24
ABHD4-3,ABHD4,50,10,0.05672917142510414,0.44129478931427,0.20151087641716003,0.7630556225776672,0.4321863353252411,0.0001140307509202687,0.15645060923511467,0.5663890318575711,0.00019624250725797912,0.32926889489549455,True,False,False,Stim8hr,24
HGH1-3,HGH1,125,17,0.6709916591644287,1.1880759000778198,0.9631206393241882,0.7721046805381775,0.43198299407958984,4.273531948980971e-12,0.07048072518321047,0.559487599244297,1.2360320154606892e-11,0.1954698168503321,True,False,False,Stim8hr,24
CCDC147-2,CFAP58,96,10,0.003586355596780777,0.16732867062091827,0.12652315199375153,0.5631366968154907,0.43127381801605225,8.065034856841324e-05,0.17830554419248879,0.7658421489043135,0.0001406108647042624,0.33599978482112236,True,False,False,Stim8hr,24
RNF6-1,RNF6,131,11,0.7229334115982056,1.4963799715042114,1.0430622100830078,1.2090256214141846,0.4306950569152832,6.057306957655649e-24,0.13143883378573984,0.3562331924872723,3.7004116911934277e-23,0.2887098142600193,True,False,False,Stim8hr,24
STX1A-3,STX1A,86,10,0.07691328227519989,0.5813359022140503,0.20067830383777618,0.9245730638504028,0.43049484491348267,4.760461314128352e-09,0.134285306992013,0.46561473802911624,1.12798430770431e-08,0.2932257685010353,True,False,False,Stim8hr,24
NSUN2-1,NSUN2,34,11,1.0579779148101807,1.3179906606674194,1.3237133026123047,0.47232702374458313,0.4299886226654053,0.003235318006888922,0.10421696770989679,0.9103621030541058,0.004947004639240594,0.24804818872173043,True,False,False,Stim8hr,24
ZNF10-2,ZNF10,170,13,0.014489357359707355,0.11570946127176285,0.091816745698452,0.41326525807380676,0.4297774136066437,4.893579012034656e-05,0.12684563167895294,1.039955343959467,8.668561630571698e-05,0.28087247014625294,True,False,False,Stim8hr,24
CDK6-4,CDK6,52,11,1.4832217693328857,2.038790464401245,1.7965298891067505,0.8901655673980713,0.42952960729599,1.4224980524768292e-09,0.10410152210004199,0.4825277712678697,3.49257140884311e-09,0.24792944369166173,True,False,False,Stim8hr,24
TNFRSF10D-2,TNFRSF10D,109,11,0.026651641353964806,1.5646369457244873,0.11787412315607071,2.080695867538452,0.4291372001171112,1.5216612374668247e-29,0.13865795216644466,0.20624696132299142,1.3163901577817027e-28,0.29983097489622285,True,False,False,Stim8hr,24
RHOT2-3,RHOT2,67,10,0.4954233765602112,1.2970118522644043,0.7332339286804199,1.0443227291107178,0.42911243438720703,1.6840821089799417e-09,0.12116889748757535,0.41090021544643895,4.113926415303496e-09,0.2725107594446762,True,False,False,Stim8hr,24
LPAR2-1,LPAR2,143,18,0.09340118616819382,0.3986174762248993,0.31200239062309265,0.7261187434196472,0.4287343919277191,1.2850668712764982e-10,0.0932319840710961,0.5904466670404345,3.3599415762178627e-10,0.23092833978496055,True,False,False,Stim8hr,24
ZNF85-1,ZNF85,86,12,0.09750235080718994,0.08656731992959976,0.23986832797527313,-0.04749373346567154,0.4281044602394104,0.6881537217888878,0.11988015421306428,,0.7496029414528533,0.27067865267690094,False,False,False,Stim8hr,24
ARL14EP-1,ARL14EP,49,11,0.5164538025856018,1.1531997919082642,0.7762560248374939,1.0193673372268677,0.4274462163448334,6.828369665189816e-08,0.1209517554469979,0.41932500751660057,1.50457581169738e-07,0.2725107594446762,True,False,False,Stim8hr,24
HIST1H2AE-3,H2AC8,100,10,0.010378608480095863,0.035183001309633255,0.2701481878757477,0.13538311421871185,0.4274090826511383,0.15312596969959477,0.18069070260933495,3.1570339116343384,0.18984870946724364,0.33911300767554364,False,False,False,Stim8hr,24
C19orf12-1,C19orf12,151,10,0.8280029296875,1.5969579219818115,1.1114484071731567,1.3026752471923828,0.42648231983184814,8.953458967524666e-34,0.12859320704440275,0.32738959364663817,9.977817241330802e-33,0.28372369098399536,True,False,False,Stim8hr,24
FOLR3-4,FOLR3,76,11,0.0,0.09296789765357971,0.07336335629224777,0.42673662304878235,0.4264014661312103,0.0051697879476257,0.17044655085083682,0.9992146047480586,0.007692023852815921,0.3311409535228894,True,False,False,Stim8hr,24
C7orf77-3,LINC03043,167,11,0.0,0.18039588630199432,0.05392800271511078,0.5254641175270081,0.4264014661312103,1.7467223991485092e-06,0.1704465579229047,0.8114758970374298,3.4674412307532265e-06,0.3311409535228894,True,False,False,Stim8hr,24
PRM2-4,PRM2,104,11,0.0,0.1212916374206543,0.09458644688129425,0.45455673336982727,0.42640143632888794,0.0007133271779435427,0.1704465777051229,0.9380598834556649,0.0011517478902328517,0.3311409535228894,True,False,False,Stim8hr,24
VSX2-1,VSX2,97,11,0.0,0.0793382003903389,0.2574411630630493,0.24992740154266357,0.42640143632888794,0.042483941560729585,0.1704465485744902,1.7061011865723719,0.057202438027625806,0.3311409535228894,False,False,False,Stim8hr,24
C11orf42-1,C11orf42,22,11,0.0,0.11281419545412064,0.05531873553991318,0.3716889023780823,0.42640143632888794,0.11564551345000565,0.17044657083601356,1.1471998050002365,0.14538400536774118,0.3311409535228894,False,False,False,Stim8hr,24
KIAA1239-2,NWD2,59,11,0.0,0.4353025257587433,0.08824744075536728,0.8310781717300415,0.42640143632888794,1.582744599262093e-05,0.1704465520341118,0.513070191028186,2.9200731704897486e-05,0.3311409535228894,True,False,False,Stim8hr,24
ABRA-3,ABRA,201,11,0.0,0.3218608498573303,0.06028014421463013,0.6065685749053955,0.42640140652656555,2.983785762054313e-09,0.17044657968063542,0.7029731248327034,7.166645678176415e-09,0.3311409535228894,True,False,False,Stim8hr,24
DNMT3L-1,DNMT3L,155,11,0.0,0.4282464385032654,0.1350422352552414,0.7031525373458862,0.42640140652656555,2.604902409577361e-09,0.17044656207489017,0.6064138062219854,6.295723511147285e-09,0.3311409535228894,True,False,False,Stim8hr,24
C1QTNF2-4,C1QTNF2,82,11,0.0,1.0082155466079712,0.11909341812133789,1.4765753746032715,0.42640140652656555,5.021184583315345e-15,0.17044658133171037,0.28877727060911584,1.7764794861555753e-14,0.3311409535228894,True,False,False,Stim8hr,24
PRND-2,PRND,64,11,1.8048483980237506e-05,1.528425931930542,0.1888769567012787,1.816173791885376,0.42635321617126465,2.159265639404109e-15,0.17046857254630315,0.23475353409249783,7.862410760429087e-15,0.3311409535228894,True,False,False,Stim8hr,24
STRA6-3,STRA6,76,11,2.3797478206688538e-05,0.5645438432693481,0.2197556346654892,1.1952824592590332,0.4263504445552826,9.412892677619754e-11,0.1704715198010272,0.35669430372096417,2.4795405983893454e-10,0.3311409535228894,True,False,False,Stim8hr,24
APOBEC4-1,APOBEC4,68,11,1.27840730783646e-05,0.02161598764359951,0.042699217796325684,0.2144632339477539,0.4262002110481262,0.10769019126177644,0.17051554874390057,1.9872879989861305,0.13609083974159789,0.3311409535228894,False,False,False,Stim8hr,24
IGFBP7-2,IGFBP7,15,11,0.00018636732420418411,2.9879202842712402,0.39570921659469604,3.1755785942077637,0.42617857456207275,2.5553904384159144e-07,0.17055507468696846,0.13420501553304962,5.408699959143044e-07,0.3311409535228894,True,False,False,Stim8hr,24
MAP1LC3C-4,MAP1LC3C,63,11,5.845581108587794e-05,0.3815162777900696,0.12760859727859497,0.5660205483436584,0.42615410685539246,0.0011606522567048144,0.17055210758412914,0.7528951167982221,0.0018409525335018528,0.3311409535228894,True,False,False,Stim8hr,24
SLC2A2-4,SLC2A2,106,11,0.00011647817882476375,0.49817636609077454,0.22536906599998474,0.6581912040710449,0.4260760247707367,2.7248505229113586e-06,0.17056568518584642,0.6473438449729666,5.340596539330067e-06,0.3311409535228894,True,False,False,Stim8hr,24
UCMA-1,UCMA,48,11,1.59115170390578e-05,0.8396377563476562,0.03319156542420387,0.8493340611457825,0.42600855231285095,6.688369218217469e-05,0.17055703929353366,0.5015794983403232,0.00011740319458396256,0.3311409535228894,True,False,False,Stim8hr,24
PGLYRP1-2,PGLYRP1,60,11,2.211813989561051e-05,1.0357078313827515,0.042030490934848785,1.081921935081482,0.42594996094703674,8.577947559922662e-08,0.1705678503781734,0.39369749991708736,1.8825722596039122e-07,0.3311409535228894,True,False,False,Stim8hr,24
HHIP-1,HHIP,81,11,0.00016894044529180974,0.2035832405090332,0.17896617949008942,0.4633440375328064,0.4259369969367981,0.0020886348117791506,0.1706641223534166,0.9192672451442525,0.0032541300633158643,0.3311409535228894,True,False,False,Stim8hr,24
ZNF667-2,ZNF667,72,11,0.00011616472329478711,0.06319835782051086,0.07784629613161087,0.3583729863166809,0.42552250623703003,0.017417608731568713,0.17079061923839128,1.1873732744493515,0.024474525059947752,0.3311409535228894,True,False,False,Stim8hr,24
GMFB-4,GMFB,65,14,0.4540681540966034,0.6327971816062927,0.6829362511634827,0.3268199563026428,0.4254319369792938,0.009253917000247542,0.0816464120370269,1.3017318213742555,0.013382534420328064,0.2185776004834096,True,False,False,Stim8hr,24
MILR1-4,MILR1,234,11,0.0002846510033123195,0.7088943719863892,0.1559484899044037,1.2888810634613037,0.42542794346809387,7.682819357984423e-33,0.17086745239756496,0.33007540845204336,8.184424919373488e-32,0.3311409535228894,True,False,False,Stim8hr,24
PHF21B-1,PHF21B,49,11,0.000149721818161197,0.38237911462783813,0.08885796368122101,1.170214295387268,0.4254233241081238,2.5858430585961904e-07,0.17083507961958005,0.36354309273527985,5.470161437413276e-07,0.3311409535228894,True,False,False,Stim8hr,24
SLC26A8-2,SLC26A8,23,11,0.00013046014646533877,0.21144232153892517,0.08065233379602432,0.7817051410675049,0.42540234327316284,0.007283321980181054,0.1708195079188043,0.5441979602337383,0.01065227159506813,0.3311409535228894,True,False,False,Stim8hr,24
TMEM240-2,TMEM240,112,10,0.00575772812590003,0.360382616519928,0.14694999158382416,1.0086760520935059,0.4253906309604645,4.672480024480214e-12,0.1808726277586557,0.42173166506488063,1.3443809713292403e-11,0.33911300767554364,True,False,False,Stim8hr,24
BICD1-2,BICD1,115,16,0.3172192871570587,1.4112404584884644,0.6519892811775208,1.4552855491638184,0.4250401556491852,1.8886873286026838e-22,0.1057536163873399,0.2920664991783955,1.0478556527556066e-21,0.2500370973417812,True,False,False,Stim8hr,24
CLCN4-4,CLCN4,152,11,0.0003681285015773028,0.0782100111246109,0.11803309619426727,0.3985075354576111,0.42471715807914734,0.00032789686686611507,0.1711661922886828,1.06576945299526,0.0005446637389051835,0.3311409535228894,True,False,False,Stim8hr,24
ZNF442-1,ZNF442,48,11,0.0004341038002166897,0.24289266765117645,0.13772059977054596,0.6987303495407104,0.42466652393341064,0.0006411499466082374,0.17117385740477364,0.607768825574204,0.0010395500392176328,0.3311409535228894,True,False,False,Stim8hr,24
RNF121-4,RNF121,14,11,0.18836620450019836,0.21606183052062988,0.34001314640045166,0.08218386024236679,0.4244197607040405,0.3789385281789836,0.10166124713905061,5.164271420840937,0.4334088401266281,0.2447376426988475,False,False,False,Stim8hr,24
CRLF2-1,CRLF2,71,10,0.002994762733578682,0.44877806305885315,0.0846770778298378,0.9032106399536133,0.4243873953819275,4.413518819321856e-07,0.1799661227785858,0.46986536319337757,9.210511211180582e-07,0.3384544387611196,True,False,False,Stim8hr,24
HYDIN-4,HYDIN,148,11,0.0002528031764086336,0.38441163301467896,0.07638896256685257,0.9940179586410522,0.42433422803878784,7.174007193567334e-15,0.1712103086925721,0.4268878890466991,2.5037803084408736e-14,0.3311409535228894,True,False,False,Stim8hr,24
FAM167A-1,FAM167A,39,11,0.0002128878841176629,0.5070702433586121,0.0655171126127243,1.2570310831069946,0.4243203103542328,1.1708502964228528e-06,0.17119636278717137,0.3375575322333664,2.3618560752567406e-06,0.3311409535228894,True,False,False,Stim8hr,24
SPEG-3,SPEG,52,11,0.0005821159575134516,0.4506503641605377,0.1323617696762085,0.9875376224517822,0.42409539222717285,3.1342200426517936e-06,0.17146196122941598,0.4294473269527307,6.096594016566643e-06,0.3311409535228894,True,False,False,Stim8hr,24
PSMD5-4,PSMD5,107,10,0.18494531512260437,0.3260212540626526,0.3579576015472412,0.32738515734672546,0.42405030131340027,0.002338891220010623,0.13482549398954952,1.2952642836654296,0.0036308680641433475,0.2938962641316866,True,False,False,Stim8hr,24
AARD-2,AARD,42,11,0.00026313227135688066,1.0002878904342651,0.06582001596689224,1.4379167556762695,0.42375069856643677,3.134048326531504e-08,0.17136943678965127,0.29469765679664933,7.083205656748875e-08,0.3311409535228894,True,False,False,Stim8hr,24
SCN3A-4,SCN3A,75,11,0.0005245875800028443,0.3586480915546417,0.11332949995994568,0.7368704080581665,0.4237366020679474,1.1739375747922506e-05,0.17151542077356902,0.5750490146355542,2.1919925648100597e-05,0.3311409535228894,True,False,False,Stim8hr,24
MANBAL-2,MANBAL,194,13,0.3163321018218994,0.7048528790473938,0.5486015677452087,0.7519769072532654,0.423632949590683,4.8884196129707945e-17,0.10998885169302745,0.5633589881610602,1.9752893044261296e-16,0.25551464195517803,True,False,False,Stim8hr,24
MC5R-2,MC5R,65,11,0.0005602953024208546,0.021373465657234192,0.1101696565747261,0.23609469830989838,0.4234381318092346,0.08802129373118171,0.17162121542333425,1.7935097011514798,0.11293242961462498,0.3311409535228894,False,False,False,Stim8hr,24
MT3-4,MT3,57,11,0.001203505089506507,0.927281379699707,0.19234389066696167,1.4638696908950806,0.4232231676578522,7.658095071397801e-11,0.1718925194587949,0.2891125967633588,2.0275827149156373e-10,0.3311409535228894,True,False,False,Stim8hr,24
ARTN-2,ARTN,190,11,0.0006902835448272526,0.3852498531341553,0.11063692718744278,0.8939254879951477,0.4228501617908478,7.109937244899687e-16,0.1718884121186986,0.47302618335583585,2.661580573671548e-15,0.3311409535228894,True,False,False,Stim8hr,24
LARP7-1,LARP7,66,17,0.7206723093986511,0.7292935252189636,0.9472127556800842,0.015345084480941296,0.4225058853626251,0.4509157577672198,0.043711868536403464,27.53363045262999,0.508513046160933,0.14432071579559128,False,False,False,Stim8hr,24
ZDHHC22-2,ZDHHC22,142,11,0.00011735514272004366,1.4014729261398315,0.02835598774254322,1.7722970247268677,0.4224308729171753,3.888499879126458e-31,0.1714021894764951,0.23835218759805624,3.694552587857988e-30,0.3311409535228894,True,False,False,Stim8hr,24
CCDC117-2,CCDC117,67,11,0.47506558895111084,0.46830645203590393,0.6732251644134521,-0.01329843606799841,0.4217022657394409,0.5426500610003071,0.08094950181775827,,0.6031698148571967,0.21774609948418333,False,False,False,Stim8hr,24
NT5C1A-4,NT5C1A,56,11,0.0016335577238351107,0.3303857743740082,0.15741364657878876,0.8319386839866638,0.4209626019001007,2.4132632801742198e-05,0.1728496735332245,0.5060019566380073,4.3874419860995337e-05,0.331331710746404,True,False,False,Stim8hr,24
CAPZA2-2,CAPZA2,66,11,0.7613850235939026,1.2037841081619263,1.0429457426071167,0.6639379262924194,0.4209562838077545,6.885205160839472e-06,0.1260594397140577,0.6340295788771554,1.3006882441116873e-05,0.27978685504610695,True,False,False,Stim8hr,24
AUNIP-1,AUNIP,68,12,0.18191082775592804,0.3892885446548462,0.3618895709514618,0.47575291991233826,0.4194762706756592,0.000717859945888166,0.12026157871864482,0.8817103440015701,0.0011580994621399824,0.27137785842119017,True,False,False,Stim8hr,24
SMPD1-4,SMPD1,16,21,0.18289592862129211,0.3574593961238861,0.4148321747779846,0.2872186303138733,0.4192885160446167,0.19342170475411208,0.0716929750309306,1.4598235343801238,0.2309949759988114,0.19768874703841646,False,False,False,Stim8hr,24
SORBS3-2,SORBS3,91,13,0.04949241504073143,0.762262761592865,0.22660401463508606,1.285504937171936,0.4187329113483429,2.251272972372478e-14,0.1408157687535086,0.3257341914761837,7.557007451531574e-14,0.3036289837091046,True,False,False,Stim8hr,24
CHD3-4,CHD3,32,14,0.916761577129364,0.9586949348449707,1.2192716598510742,0.06848415732383728,0.4177466332912445,0.35044279489035557,0.09548524588287306,6.099901781894883,0.40260317523499856,0.23449688307079605,False,False,False,Stim8hr,24
MTFMT-1,MTFMT,54,12,0.2193150520324707,0.7942641973495483,0.41310974955558777,1.1107025146484375,0.41726306080818176,8.907274024005142e-09,0.12357654937209545,0.3756749042206454,2.0762163140945078e-08,0.27622134144519206,True,False,False,Stim8hr,24
GLI2-3,GLI2,31,11,0.001498426659964025,0.7121589779853821,0.09820196777582169,1.5493848323822021,0.4169403910636902,5.115250977638421e-07,0.17398875347023712,0.2691006019612559,1.0606260338084599e-06,0.331791569886432,True,False,False,Stim8hr,24
CBX6-1,CBX6,173,14,0.9523702263832092,1.4071459770202637,1.2699356079101562,0.6792054772377014,0.4166780114173889,3.5686658275262694e-14,0.10378511589145267,0.6134785795780092,1.1764732101486858e-13,0.2476437276349994,True,False,False,Stim8hr,24
KDM3A-2,KDM3A,70,13,0.32286837697029114,0.4446977972984314,0.5547818541526794,0.256230890750885,0.4160885214805603,0.02274723201562143,0.11046119511362834,1.6238811809973899,0.031573419312422135,0.25607951130061024,True,False,False,Stim8hr,24
HDAC6-1,HDAC6,66,12,0.26114946603775024,0.3312039375305176,0.42977747321128845,0.14516592025756836,0.4155994951725006,0.15254891440479987,0.08996642808980357,2.862927431142937,0.18925462046947739,0.22793517627903986,False,False,False,Stim8hr,24
ADGRA2-1,ADGRA2,113,11,0.0028664390556514263,0.25164350867271423,0.13709403574466705,0.7057546973228455,0.4155136048793793,2.6189873225833016e-07,0.17531372769392484,0.5887507464782821,5.537246569945121e-07,0.3329427793884411,True,False,False,Stim8hr,24
PHYHD1-4,PHYHD1,73,11,0.0019280040869489312,0.6037770509719849,0.09766602516174316,1.4605412483215332,0.41515907645225525,2.0513104213651869e-13,0.1750393554424819,0.2842501551595066,6.417813429950791e-13,0.33282998606509123,True,False,False,Stim8hr,24
JUP-1,JUP,136,11,0.005887037608772516,0.2739943861961365,0.24193458259105682,0.6406004428863525,0.41459450125694275,2.1344034885394924e-07,0.17612045370002677,0.6471967134285841,4.542508690248881e-07,0.3329427793884411,True,False,False,Stim8hr,24
CD2-3,CD2,113,14,3.139005422592163,4.0323872566223145,3.4611165523529053,1.751175880432129,0.41455966234207153,1.1827721829835624e-40,0.11253461394067046,0.2367321677818979,1.9886000137380154e-39,0.25935770525193375,True,False,False,Stim8hr,24
RSAD1-3,RSAD1,61,10,0.5148000121116638,0.8556234240531921,0.7335888743400574,0.6053520441055298,0.41440901160240173,2.0758596656367163e-05,0.11373801901291557,0.6845752246772931,3.790061060914628e-05,0.26018416814015505,True,False,False,Stim8hr,24
STX1B-1,STX1B,86,11,0.0017619871068745852,0.08725782483816147,0.07956565171480179,0.4471644461154938,0.41319724917411804,0.0020040592943455955,0.17560493119763926,0.9240386903823685,0.0031248779400138782,0.3329427793884411,True,False,False,Stim8hr,24
TTC33-4,TTC33,184,13,0.35140931606292725,0.9066885113716125,0.5869836211204529,0.9556884765625,0.41293179988861084,3.182647500427802e-22,0.11337957508965837,0.4320778266301571,1.7457160119367816e-21,0.2600373274645773,True,False,False,Stim8hr,24
RIC1-4,RIC1,99,16,0.35906344652175903,1.192488670349121,0.6163884997367859,1.2594255208969116,0.4116814434528351,2.947090562319966e-17,0.09714513718182294,0.32688034077604866,1.2098088327485466e-16,0.23723600482899515,True,False,False,Stim8hr,24
CARMIL3-3,CARMIL3,77,10,0.014315061271190643,0.22876672446727753,0.20976030826568604,0.7054188847541809,0.4116050601005554,1.148807435018353e-05,0.18789132304285378,0.583490276481595,2.147142750708541e-05,0.34748409963230953,True,False,False,Stim8hr,24
CYB5A-2,CYB5A,88,14,0.25554221868515015,0.6549780368804932,0.5157528519630432,0.7446116805076599,0.4114251434803009,4.3724808141462206e-08,0.12185648655535121,0.5525365156772726,9.784944044157081e-08,0.2733459265434984,True,False,False,Stim8hr,24
RAB11FIP1-4,RAB11FIP1,63,13,0.8959888219833374,1.8271262645721436,1.1772446632385254,1.4355181455612183,0.4113262891769409,2.3194095520338856e-18,0.08111496439929823,0.28653506780726357,1.0258410009712382e-17,0.2180361018892295,True,False,False,Stim8hr,24
MTA1-2,MTA1,88,13,0.8635810017585754,1.3238121271133423,1.1182217597961426,0.6983665227890015,0.4113156497478485,2.9068282111236803e-08,0.09255550243156746,0.5889681654630514,6.581208836308707e-08,0.23019622446058352,True,False,False,Stim8hr,24
TGFBR3L-4,TGFBR3L,89,11,0.004795142915099859,0.921843945980072,0.14861653745174408,1.6901664733886719,0.40989893674850464,3.928297408311797e-19,0.17799968300797442,0.24251986014530533,1.8280055448786665e-18,0.33575800555419416,True,False,False,Stim8hr,24
UTP15-4,UTP15,92,10,0.4277653992176056,0.7181731462478638,0.6684912443161011,0.5565527081489563,0.40858304500579834,1.888189144298691e-06,0.14767973122864292,0.7341318064280172,3.742505085086129e-06,0.31519455051169726,True,False,False,Stim8hr,24
RHOQ-3,RHOQ,61,11,0.2254953682422638,0.5195187926292419,0.406984806060791,0.6071711778640747,0.4082721471786499,7.20409747487825e-05,0.126366328759578,0.6724168769256836,0.00012599839409929532,0.27997507637300767,True,False,False,Stim8hr,24
FSHR-1,FSHR,73,12,0.0,0.2461034655570984,0.09152406454086304,0.601037323474884,0.40824833512306213,0.0002624225285672621,0.16940031325034616,0.6792395732810458,0.0004398733931381026,0.3311409535228894,True,False,False,Stim8hr,24
CPB2-4,CPB2,60,12,0.0,0.10085247457027435,0.08075165003538132,0.3192307949066162,0.40824833512306213,0.04278953814945862,0.1694003197486063,1.2788501035512128,0.057553789225723996,0.3311409535228894,False,False,False,Stim8hr,24
CACNG1-1,CACNG1,60,12,9.226135261997115e-06,0.12833181023597717,0.15717940032482147,0.3885994553565979,0.4082218110561371,0.018742453873789568,0.16941395250975771,1.050495067424973,0.026278850300922498,0.3311409535228894,True,False,False,Stim8hr,24
ARNT-1,ARNT,11,10,0.2838939428329468,0.3371407687664032,0.4586358964443207,0.12046501040458679,0.40820053219795227,0.35787658739310113,0.12281618425085185,3.388540214515349,0.41041185155667914,0.2749120749626637,False,False,False,Stim8hr,24
GJA9-4,GJA9,138,12,1.3211441910243593e-05,0.13374488055706024,0.09537319093942642,0.45626595616340637,0.4081778824329376,0.00011241372915763733,0.16943242340584147,0.894605168146171,0.0001935458106200283,0.3311409535228894,True,False,False,Stim8hr,24
NR1I3-2,NR1I3,68,12,1.9029996110475622e-05,0.2605026960372925,0.05062227323651314,0.6484640836715698,0.40804335474967957,0.00016743193877930094,0.16948733561751517,0.6292458827316377,0.0002848479134445916,0.3311409535228894,True,False,False,Stim8hr,24
GNRHR-2,GNRHR,55,12,1.2856467947131023e-05,0.03965664282441139,0.03797883912920952,0.2646295130252838,0.4080275893211365,0.08544339502656581,0.1694786985167389,1.5418824025200537,0.10995349082412006,0.3311409535228894,False,False,False,Stim8hr,24
FUT6-3,FUT6,60,12,4.14458590967115e-05,0.09477205574512482,0.07091223448514938,0.412148118019104,0.4079057276248932,0.013837469719651755,0.16953562819011414,0.9897066365009722,0.01966537868647311,0.3311409535228894,True,False,False,Stim8hr,24
MGMT-1,MGMT,48,10,0.33915936946868896,0.6089008450508118,0.5833624601364136,0.545891284942627,0.4077998995780945,0.0006275695541132294,0.15715126150815695,0.7470350064682827,0.001017957829595578,0.33034188829918987,True,False,False,Stim8hr,24
MICU2-4,MICU2,140,12,0.7639961242675781,1.543627381324768,0.9921848177909851,1.2892627716064453,0.4075041711330414,1.967347862944508e-29,0.09206884739445897,0.31607534174378094,1.690607596890314e-28,0.2295649345514879,True,False,False,Stim8hr,24
SAMD12-2,SAMD12,169,10,0.006041049957275391,0.421912282705307,0.091917984187603,1.0058292150497437,0.4071507453918457,3.528599329558816e-17,0.1872749782540305,0.4047911308399507,1.4348153109783323e-16,0.34668329307721163,True,False,False,Stim8hr,24
HOXA9-1,HOXA9,624,68,0.0011043365811929107,0.47430604696273804,0.09625115245580673,0.7954802513122559,0.40682023763656616,1.6408175692204105e-39,0.009953430348979019,0.5114146290438504,2.517873627053701e-38,0.05800288687186232,True,False,False,Stim8hr,24
BZRAP1-3,TSPOAP1,64,11,0.15529078245162964,1.2131423950195312,0.38147813081741333,1.3425166606903076,0.405753493309021,1.6259676811503476e-11,0.1550726627723593,0.3022334881865726,4.5137236346076057e-11,0.3274622058096387,True,False,False,Stim8hr,24
MIB2-2,MIB2,101,16,0.04330005124211311,0.16531440615653992,0.16206622123718262,0.482016921043396,0.4057183563709259,7.496755426558829e-05,0.11172675791461109,0.8417097795917399,0.00013093926483515354,0.2579673983107809,True,False,False,Stim8hr,24
FBXO30-1,FBXO30,130,14,0.3513477146625519,0.5567286610603333,0.5962430834770203,0.3525855541229248,0.4056309759616852,0.0003016463186257595,0.10728632590667359,1.1504469517213025,0.0005030040164406261,0.25233637100686535,True,False,False,Stim8hr,24
PSAP-3,PSAP,117,11,0.7047804594039917,2.0403077602386475,0.9941112995147705,1.5478090047836304,0.40550464391708374,1.9606397570812077e-25,0.13986309908488537,0.2619862287038249,1.298252387094697e-24,0.30209151384296773,True,False,False,Stim8hr,24
TIMM22-3,TIMM22,122,12,0.5495257377624512,1.1296143531799316,0.8117137551307678,0.9759939312934875,0.4053686261177063,5.4849910676886504e-17,0.12727399866080252,0.41533928964135064,2.2071238770813745e-16,0.28132686319997374,True,False,False,Stim8hr,24
ZDHHC1-1,ZDHHC1,74,10,0.008813451044261456,0.23065103590488434,0.11659741401672363,0.7869232892990112,0.40364861488342285,2.9102495988607183e-06,0.18969622312990342,0.5129453154741319,5.672346370360079e-06,0.3491148982371264,True,False,False,Stim8hr,24
TNFRSF1A-4,TNFRSF1A,102,24,0.7229293584823608,1.7730661630630493,1.0319805145263672,1.5000704526901245,0.403463751077652,2.4566414608898938e-24,0.0545278689766228,0.2689632012643856,1.524852733428767e-23,0.16497952037566993,True,False,False,Stim8hr,24
OSBPL1A-2,OSBPL1A,79,11,0.024606868624687195,0.04930407181382179,0.09694342315196991,0.15009331703186035,0.4025287628173828,0.12671614780700657,0.146717799900627,2.681856666089523,0.15873383335591007,0.3136725377185819,False,False,False,Stim8hr,24
CUEDC1-2,CUEDC1,118,12,0.0022090603597462177,0.3741218149662018,0.1709754467010498,0.8245189785957336,0.4020729959011078,2.175356651927888e-09,0.17240926905469173,0.48764553192685994,5.277355190091055e-09,0.3311409535228894,True,False,False,Stim8hr,24
NEFH-3,NEFH,62,15,0.14108465611934662,0.6113156080245972,0.46628710627555847,0.5561276078224182,0.40182945132255554,0.0009739070681286691,0.13354149624351727,0.722549007944355,0.0015511114631192602,0.2917700397417575,True,False,False,Stim8hr,24
NCCRP1-3,NCCRP1,58,12,0.00027488390333019197,0.06461302936077118,0.03371299430727959,0.36421817541122437,0.40154069662094116,0.027147180385973513,0.17129510061875802,1.1024729783668192,0.03737207068442847,0.3311409535228894,True,False,False,Stim8hr,24
GPT-2,GPT,68,12,0.001769468653947115,1.0438915491104126,0.11998375505208969,1.4565882682800293,0.4007282257080078,1.5199436443830191e-12,0.17283797823681524,0.27511427521052073,4.497032955492835e-12,0.331331710746404,True,False,False,Stim8hr,24
CFAP36-1,CFAP36,44,11,0.2271062135696411,1.2442148923873901,0.4104140102863312,1.4601781368255615,0.40068519115448,1.6468766203764884e-09,0.1375052374886788,0.27440843075871046,4.025582737671227e-09,0.2975084715001048,True,False,False,Stim8hr,24
WFIKKN1-2,WFIKKN1,30,11,0.005673098843544722,0.14550891518592834,0.11905065178871155,0.33741211891174316,0.40058836340904236,0.09939807981878498,0.18168683421959114,1.1872376270925356,0.126396703274989,0.34016812228638305,False,False,False,Stim8hr,24
TP53INP1-3,TP53INP1,79,13,0.052636731415987015,0.48078787326812744,0.16763104498386383,0.9005264639854431,0.40045079588890076,3.112041007482409e-08,0.12450195727725846,0.4446852057147029,7.037580453762851e-08,0.27746231294155427,True,False,False,Stim8hr,24
EPC1-1,EPC1,64,11,0.3908672630786896,0.6794062852859497,0.6109199523925781,0.5274670124053955,0.39974862337112427,0.00016509482144678433,0.1309145868800597,0.7578646891075898,0.00028124302842938984,0.2878598648723173,True,False,False,Stim8hr,24
PNPO-2,PNPO,137,14,0.7119578123092651,0.9683494567871094,0.9281705021858215,0.42240601778030396,0.39954662322998047,4.995753702696668e-06,0.07364909056559574,0.9458828861614069,9.563653251647532e-06,0.20169504744321728,True,False,False,Stim8hr,24
TMEM107-3,TMEM107,40,13,0.04115832969546318,1.1263320446014404,0.163186177611351,1.8766859769821167,0.3993130624294281,8.33771936086572e-11,0.1459660310514455,0.21277564138437277,2.20382506961502e-10,0.3124185226013395,True,False,False,Stim8hr,24
LPCAT2-2,LPCAT2,23,11,0.011534632183611393,1.6597890853881836,0.1999828964471817,2.1132495403289795,0.3981741666793823,1.6552548990924026e-07,0.1841181728967688,0.18841795967805897,3.5599948246887216e-07,0.3421793267300145,True,False,False,Stim8hr,24
BAG6-1,BAG6,136,23,1.329734206199646,1.9146995544433594,1.5642915964126587,1.0126973390579224,0.39794254302978516,1.8834250398570796e-22,0.03896947050578562,0.3929530844822575,1.0464374467136965e-21,0.1343505355085517,True,False,False,Stim8hr,24
ETS2-3,ETS2,83,12,0.4403935670852661,1.7115024328231812,0.7489547729492188,1.7355293035507202,0.39756298065185547,6.659083745611577e-22,0.14528258570858313,0.2290730440785305,3.5715224471955576e-21,0.31148454600332276,True,False,False,Stim8hr,24
C10orf67-1,C10orf67,122,11,0.003946895711123943,0.3027859330177307,0.0783836841583252,0.8869613409042358,0.39632275700569153,8.835288860247636e-11,0.18233995707089107,0.44683205313283436,2.332154404271509e-10,0.34063227542427704,True,False,False,Stim8hr,24
ZNF410-1,ZNF410,227,38,0.8362642526626587,1.5007444620132446,1.098496913909912,0.9107815027236938,0.39498093724250793,3.7073813825412263e-25,0.018303820054911327,0.43367255050889447,2.401414372912382e-24,0.08374170291330423,True,False,False,Stim8hr,24
GRM3-1,GRM3,129,24,0.0,0.25624072551727295,0.1220194399356842,0.636812686920166,0.3942302167415619,5.603156204362864e-07,0.0926277419156251,0.6190677805873935,1.1586847616187806e-06,0.23019622446058352,True,False,False,Stim8hr,24
C8orf82-4,C8orf82,43,12,0.002859952626749873,0.1434871256351471,0.10491188615560532,0.5180172920227051,0.3941085636615753,0.00999663770250971,0.17579431290615255,0.7608019456699937,0.014392032016234194,0.3329427793884411,True,False,False,Stim8hr,24
PYROXD1-4,PYROXD1,145,10,0.3281427025794983,0.9943883419036865,0.5254762172698975,1.1794618368148804,0.39352723956108093,1.459463919297591e-23,0.1480319775037285,0.3336498284877072,8.696066218680716e-23,0.3155653104554338,True,False,False,Stim8hr,24
PIGB-3,PIGB,43,10,0.13256707787513733,0.5167479515075684,0.29581838846206665,0.8581278324127197,0.39276254177093506,2.6412672225754435e-05,0.1679521929351119,0.4576970084592647,4.786213847094302e-05,0.3311409535228894,True,False,False,Stim8hr,24
C14orf119-4,C14orf119,188,10,0.6026438474655151,1.1720749139785767,0.8835698366165161,0.8143482208251953,0.39240527153015137,1.1076073291382756e-17,0.16420191151775476,0.48186422158879316,4.681002777899138e-17,0.3311409535228894,True,False,False,Stim8hr,24
DNAH3-2,DNAH3,36,13,0.0,0.41029632091522217,0.09316155314445496,1.1397217512130737,0.3922322988510132,1.3174152233076088e-05,0.16852450649581896,0.34414741881826594,2.448075285214091e-05,0.3311409535228894,True,False,False,Stim8hr,24
FLRT3-3,FLRT3,37,13,0.0,0.12755373120307922,0.05094832926988602,0.5913251638412476,0.3922322690486908,0.0077087145937116425,0.16852453092703784,0.6633106335281767,0.011240422071599894,0.3311409535228894,True,False,False,Stim8hr,24
ZNF804B-2,ZNF804B,89,13,0.0,0.16951048374176025,0.12114039808511734,0.5935361385345459,0.3922322690486908,7.604531389197095e-05,0.1685245214308232,0.6608397426601876,0.00013270181805968034,0.3311409535228894,True,False,False,Stim8hr,24
KPRP-3,KPRP,196,13,1.0228138307866175e-05,0.1763475239276886,0.21639090776443481,0.5589916706085205,0.3922123312950134,5.0056027025493005e-08,0.16853549132111767,0.7016425322904177,1.1137322008491453e-07,0.3311409535228894,True,False,False,Stim8hr,24
AQP5-3,AQP5,92,13,2.090960151690524e-05,1.0826514959335327,0.09849866479635239,1.122480869293213,0.3921305537223816,1.2022843371114337e-11,0.16857381469473104,0.34934275001879767,3.3665702618464254e-11,0.3311409535228894,True,False,False,Stim8hr,24
LOC653602-1,LRATD1,84,13,1.775419877958484e-05,0.13675664365291595,0.06679156422615051,0.4726981222629547,0.3920828700065613,0.0014745402679929396,0.16858626814012473,0.829457219185761,0.002321680462674551,0.3311409535228894,True,False,False,Stim8hr,24
GNA11-4,GNA11,21,13,0.021488117054104805,0.14277008175849915,0.10944525897502899,0.36689114570617676,0.3920803666114807,0.11629596716422916,0.15029261221922552,1.0686558430207433,0.14615421027756714,0.3193295839399499,False,False,False,Stim8hr,24
NPBWR1-4,NPBWR1,100,13,2.6265724955010228e-05,0.018784770742058754,0.0637754276394844,0.2461688071489334,0.39199501276016235,0.042288946474618595,0.16862019454347293,1.5923829558267442,0.056999426984088566,0.3311409535228894,False,False,False,Stim8hr,24
SHROOM4-2,SHROOM4,82,13,1.597669870534446e-05,0.20975643396377563,0.03718535602092743,0.6901211738586426,0.39194583892822266,1.5226587287332636e-05,0.16862435844029733,0.5679377097456002,2.8172829205796794e-05,0.3311409535228894,True,False,False,Stim8hr,24
CEL-4,CEL,95,10,0.013737364672124386,0.023639079183340073,0.13742366433143616,0.08369582146406174,0.3918612003326416,0.2344571532180017,0.19577464815229068,4.68196850784126,0.2759956808200952,0.3559914575948826,False,False,False,Stim8hr,24
FAM19A5-4,TAFA5,117,13,5.735021113650873e-05,0.21557511389255524,0.058666422963142395,0.816349446773529,0.39172399044036865,3.6089144671853045e-09,0.1687516800870762,0.479848417841876,8.625260966999735e-09,0.3311409535228894,True,False,False,Stim8hr,24
SLC16A5-4,SLC16A5,431,40,0.02103618159890175,0.48112887144088745,0.1462060958147049,1.2911360263824463,0.391552209854126,9.07488237012631e-62,0.037967320027899154,0.30326178021009276,4.228020497021499e-60,0.13207637654490587,True,False,False,Stim8hr,24
ARSK-3,ARSK,60,12,0.0404508039355278,0.12507933378219604,0.15286175906658173,0.34639203548431396,0.3910647928714752,0.01711314131977124,0.1579151185559706,1.1289658906986741,0.0240817021410318,0.33106151794827093,True,False,False,Stim8hr,24
GHR-1,GHR,93,13,0.0001485321408836171,1.3983311653137207,0.06622422486543655,2.3537304401397705,0.3908667266368866,1.0204567699057738e-28,0.16904606704545982,0.16606265525192254,8.360394765308532e-28,0.3311409535228894,True,False,False,Stim8hr,24
GUCY1A2-2,GUCY1A2,43,13,0.00013489533739630133,0.15140055119991302,0.05568753182888031,0.5849867463111877,0.39071354269981384,0.004804604779695717,0.16908785714806002,0.6679015296732399,0.00717905976935214,0.3311409535228894,True,False,False,Stim8hr,24
SLC16A1-2,SLC16A1,109,10,1.36246919631958,3.7411279678344727,1.7430751323699951,2.6349704265594482,0.39031267166137695,9.255540875718689e-43,0.17558157282397868,0.1481279135914321,1.8354449521232906e-41,0.3329427793884411,True,False,False,Stim8hr,24
NR5A1-2,NR5A1,37,13,0.00028056034352630377,0.0693235918879509,0.06411778926849365,0.30946823954582214,0.38974300026893616,0.09553579006276723,0.16954304803557046,1.2593957972583094,0.12176562299694162,0.3311409535228894,False,False,False,Stim8hr,24
DVL3-4,DVL3,172,17,0.6069663763046265,1.5319714546203613,0.9594464302062988,1.2985830307006836,0.3891710937023163,6.071808427256049e-31,0.11523455959721479,0.29968903374036016,5.6714210599514834e-30,0.2626986765501304,True,False,False,Stim8hr,24
FAM174A-3,FAM174A,36,12,0.11356733739376068,0.10011862218379974,0.22386431694030762,-0.04928070306777954,0.388602614402771,0.6159459137507901,0.10944626533727077,,0.6784001277340659,0.25488040363642733,False,False,False,Stim8hr,24
YPEL3-3,YPEL3,49,11,0.09991426020860672,0.27196404337882996,0.25431326031684875,0.47957298159599304,0.38853347301483154,0.003807822972762211,0.16272610137774846,0.8101654762155556,0.005756392273522858,0.3311409535228894,True,False,False,Stim8hr,24
CYP21A2-2,CYP21A2,104,11,0.002008129144087434,0.36053764820098877,0.03887837752699852,0.7722295522689819,0.38830316066741943,9.878143263987871e-08,0.18265527619260546,0.5028338523519315,2.1569045737911404e-07,0.34063227542427704,True,False,False,Stim8hr,24
BCCIP-2,BCCIP,130,10,1.6486421823501587,2.4253456592559814,1.9096860885620117,1.2023237943649292,0.3872469365596771,3.6765893503149806e-24,0.1532986469703105,0.3220820700502081,2.2711455299789185e-23,0.32411737309338423,True,False,False,Stim8hr,24
STX4-1,STX4,80,12,0.4579775333404541,1.099883794784546,0.6710786819458008,0.9193525910377502,0.3871908187866211,1.3035013627188355e-09,0.12263325126607795,0.42115595535502476,3.2105985793845457e-09,0.27479067442105093,True,False,False,Stim8hr,24
LDLRAD4-4,LDLRAD4,78,12,0.17330308258533478,2.124847173690796,0.4509046971797943,2.5731232166290283,0.38487300276756287,3.983836250985207e-28,0.16817158265652443,0.14957426068067328,3.1311981265365435e-27,0.3311409535228894,True,False,False,Stim8hr,24
MUC3A-4,MUC3A,39,13,0.0016308221966028214,1.472679615020752,0.13463208079338074,1.2765871286392212,0.3842845857143402,8.83503906708375e-07,0.17135509993771303,0.3010249571636905,1.806935530742137e-06,0.3311409535228894,True,False,False,Stim8hr,24
PPP1R26-3,PPP1R26,76,11,0.0016381924506276846,0.11304833739995956,0.031747814267873764,0.5601854920387268,0.38418203592300415,0.00042000925517951776,0.18264340520970185,0.6858121843263388,0.0006923170459416859,0.34063227542427704,True,False,False,Stim8hr,24
C7orf10-1,SUGCT,94,10,0.005334647838026285,0.5703346133232117,0.05782262235879898,1.2368923425674438,0.3841211795806885,1.3769672673504795e-13,0.19383980917257482,0.3105534462145347,4.353828636830993e-13,0.3534725931970482,True,False,False,Stim8hr,24
EMB-2,EMB,55,10,0.49152153730392456,2.3086111545562744,0.8038575053215027,2.239475727081299,0.38408392667770386,9.354613807855235e-19,0.18103362308221116,0.17150617978712326,4.25579901117367e-18,0.33911300767554364,True,False,False,Stim8hr,24
GUSB-4,GUSB,140,14,0.5388240814208984,0.7723873257637024,0.7520028948783875,0.36662977933883667,0.38324955105781555,0.00011856230896606495,0.0980498494148451,1.0453312105441903,0.00020340747505402537,0.2382796922196558,True,False,False,Stim8hr,24
EPM2A-4,EPM2A,104,10,0.09943230450153351,0.21133814752101898,0.22340738773345947,0.32272329926490784,0.38303378224372864,0.0034522188535415555,0.16124120101703618,1.1868798537824654,0.005253730935318849,0.3311409535228894,True,False,False,Stim8hr,24
GORASP2-4,GORASP2,110,10,1.0771597623825073,1.4712159633636475,1.3841025829315186,0.5976333022117615,0.38273346424102783,7.287864754827992e-08,0.17343016307417625,0.6404152225529972,1.6012598299386275e-07,0.3317874492452793,True,False,False,Stim8hr,24
RUNX2-1,RUNX2,59,11,0.2686227262020111,0.7582835555076599,0.5105462670326233,0.7956973314285278,0.382474809885025,1.3913150483893424e-06,0.15587974916319747,0.48067876412047533,2.784790523872457e-06,0.3284329868162746,True,False,False,Stim8hr,24
PTPLB-2,HACD2,85,12,0.47733092308044434,1.098384976387024,0.6995018124580383,1.0208511352539062,0.3823184669017792,1.7765033402634673e-12,0.13338408719120354,0.3745095182822017,5.240075070021989e-12,0.2915945767382265,True,False,False,Stim8hr,24
ADCY1-3,ADCY1,75,10,0.009996107779443264,0.3885660767555237,0.09589190781116486,0.8842668533325195,0.3821706473827362,2.7698908268798763e-07,0.19685704419297628,0.4321892717593756,5.84990050657809e-07,0.3574235915208047,True,False,False,Stim8hr,24
TMEM79-3,TMEM79,117,11,0.07974420487880707,0.09994643181562424,0.2571929395198822,0.07577783614397049,0.3802848756313324,0.2294126378441862,0.18099733161831866,5.018418247108934,0.27071671362327376,0.33911300767554364,False,False,False,Stim8hr,24
MAP3K7CL-3,MAP3K7CL,93,11,0.03950455039739609,0.43925347924232483,0.1079019084572792,0.828971266746521,0.37984076142311096,3.944741755862636e-08,0.12943541270090114,0.45820739108832936,8.848211351462188e-08,0.2852708221648066,True,False,False,Stim8hr,24
PCYT1A-1,PCYT1A,519,35,0.7607018351554871,1.4351398944854736,1.0149885416030884,0.8636214137077332,0.37948140501976013,9.036246884582267e-49,0.02679033807978115,0.4394071279341671,2.345178973334203e-47,0.10554276939347117,True,False,False,Stim8hr,24
PICK1-3,PICK1,112,13,0.18986636400222778,0.42144083976745605,0.3430788218975067,0.5071679949760437,0.37881502509117126,7.897564980155922e-06,0.12264586420484767,0.7469221812962877,1.4861257313023333e-05,0.27479067442105093,True,False,False,Stim8hr,24
RER1-2,RER1,293,38,1.3774299621582031,1.7911630868911743,1.5862061977386475,0.707059919834137,0.3788051903247833,1.827826422567905e-26,0.010872360718443682,0.5357469426546536,1.2993023485422958e-25,0.06140665660101442,True,False,False,Stim8hr,24
DRP2-4,DRP2,113,12,0.004162248224020004,0.5301058292388916,0.0751834511756897,1.035979151725769,0.37833458185195923,1.688571881066824e-12,0.18256626113282154,0.36519516944111924,4.984509514569014e-12,0.34063227542427704,True,False,False,Stim8hr,24
IP6K3-3,IP6K3,112,14,0.0,0.5854479670524597,0.05523550882935524,1.3431119918823242,0.37796440720558167,1.3661686136598433e-17,0.1677806726855094,0.28140945020964175,5.723698839677805e-17,0.3311409535228894,True,False,False,Stim8hr,24
EDN3-3,EDN3,32,14,0.00013148559082765132,1.1685245037078857,0.1820524036884308,1.2931607961654663,0.37763282656669617,6.541751031713182e-06,0.16794896358837702,0.2920231016022668,1.2382257092332294e-05,0.3311409535228894,True,False,False,Stim8hr,24
ZSWIM4-4,ZSWIM4,78,17,0.03510946035385132,0.26716187596321106,0.11712020635604858,0.6142851114273071,0.37749260663986206,6.877382410923687e-05,0.10921736146149531,0.6145234511101015,0.00012050221016330719,0.2545901316252471,True,False,False,Stim8hr,24
ZNF778-3,ZNF778,32,10,0.09860315918922424,0.5491835474967957,0.22454388439655304,0.9485836625099182,0.37748420238494873,0.00012565274103887343,0.1664520501085257,0.3979450809706538,0.00021547634128484414,0.3311409535228894,True,False,False,Stim8hr,24
CCDC64B-2,BICDL2,121,14,0.0001747420319588855,0.15065991878509521,0.13749557733535767,0.7026128172874451,0.37740233540534973,1.2567536906663024e-07,0.168076899391417,0.5371412620429769,2.7256682679790195e-07,0.3311409535228894,True,False,False,Stim8hr,24
SPEF1-4,SPEF1,78,14,9.206798858940601e-05,0.1714015156030655,0.055614400655031204,0.7111893892288208,0.37705907225608826,1.4679225978242583e-05,0.1681666196378837,0.5301809587808288,2.7186095238440646e-05,0.3311409535228894,True,False,False,Stim8hr,24
CDK2AP1-1,CDK2AP1,34,10,0.5172491073608398,1.0261927843093872,0.7365010380744934,0.746127724647522,0.3769795298576355,0.0004342259173346883,0.15145523210790673,0.5052479855720738,0.000714838704531103,0.32089842455580014,True,False,False,Stim8hr,24
EHBP1-2,EHBP1,170,15,0.2676486074924469,0.7292180061340332,0.48062172532081604,0.7888801693916321,0.376221626996994,1.3482582211311794e-14,0.1263624702718649,0.4769059251256478,4.6220873591438566e-14,0.27997507637300767,True,False,False,Stim8hr,24
FNBP4-3,FNBP4,94,10,0.6119349002838135,1.1330889463424683,0.8976601362228394,0.6908951997756958,0.37575221061706543,1.332644124268187e-07,0.17586441425315696,0.5438628184695105,2.8837911743397195e-07,0.3329427793884411,True,False,False,Stim8hr,24
TSC2-3,TSC2,36,11,0.2016332596540451,0.2450333684682846,0.3588436543941498,0.1216740608215332,0.37564918398857117,0.2398762274429409,0.15054916849326294,3.0873399100204177,0.281688846499196,0.3196950899727796,False,False,False,Stim8hr,24
ZNF585B-1,ZNF585B,63,10,0.03897136077284813,0.17341084778308868,0.11872640997171402,0.5214261412620544,0.3751896321773529,0.0008439275634150831,0.1706299455434179,0.71954511384728,0.0013524525021658212,0.3311409535228894,True,False,False,Stim8hr,24
RCN2-3,RCN2,227,16,0.4994299113750458,1.7126359939575195,0.7684412598609924,1.6874240636825562,0.374750554561615,4.7934718846903625e-54,0.12172597866121405,0.22208439634538382,1.4711393474680659e-52,0.2732152233214905,True,False,False,Stim8hr,24
NUPL1-4,NUP58,53,13,1.1463102102279663,1.2944822311401367,1.3669190406799316,0.23822973668575287,0.3746200203895569,0.05310968456559932,0.10186093370900792,1.5725157807806145,0.07031707928370806,0.24506237359253685,False,False,False,Stim8hr,24
ZNF330-2,ZNF330,108,13,0.47792568802833557,1.0266950130462646,0.6916351318359375,0.8555662631988525,0.3744983673095703,1.056864604891385e-11,0.12562460290942898,0.43771988613642726,2.972287583356353e-11,0.27914938202318473,True,False,False,Stim8hr,24
ARAF-1,ARAF,88,10,0.7413641810417175,0.7764738202095032,1.0090370178222656,0.06298169493675232,0.3735753893852234,0.27804716436503063,0.17153282197506398,5.931491519248195,0.3234682264138308,0.3311409535228894,False,False,False,Stim8hr,24
AKTIP-1,AKTIP,68,13,0.1694033145904541,1.0026261806488037,0.3765241801738739,1.0980279445648193,0.37290331721305847,2.2678062789577804e-09,0.15738327556072457,0.3396118642143037,5.491300488872722e-09,0.33034188829918987,True,False,False,Stim8hr,24
FASTKD5-2,FASTKD5,48,10,0.4752161204814911,0.6200987696647644,0.7145614624023438,0.27017942070961,0.3727906346321106,0.044208562948444365,0.17351520707258283,1.3797891551214316,0.059235797963144265,0.3317874492452793,False,False,False,Stim8hr,24
FBXO3-2,FBXO3,43,10,0.28564944863319397,0.6048331260681152,0.4702394902706146,0.6001055836677551,0.3722824454307556,0.0009076409158738423,0.16482056805579817,0.6203615756337765,0.0014503501742496481,0.3311409535228894,True,False,False,Stim8hr,24
PGBD2-4,PGBD2,146,12,0.11689452826976776,0.41064295172691345,0.2816230356693268,0.6775480508804321,0.3722728490829468,5.928932539729185e-10,0.1649434695983018,0.5494412515823801,1.489745427623961e-09,0.3311409535228894,True,False,False,Stim8hr,24
SAMD4B-3,SAMD4B,114,12,0.5533450245857239,0.8382548689842224,0.7932947278022766,0.4909471571445465,0.37011048197746277,2.8525838219725557e-06,0.14810376151729113,0.7538703027228111,5.565560867592267e-06,0.3155653104554338,True,False,False,Stim8hr,24
NOL12-2,NOL12,641,44,0.6840090155601501,1.749453067779541,0.9105501770973206,1.3541878461837769,0.37001660466194153,6.236533902289984e-113,0.014896993635381193,0.273238757610092,1.0485511565284943e-110,0.0741004769757365,True,False,False,Stim8hr,24
C2orf74-2,C2orf74,59,13,0.19453468918800354,0.35641658306121826,0.33501142263412476,0.4226066470146179,0.3696430027484894,0.001663911708356187,0.11483276371627775,0.8746738967778315,0.002607109633797964,0.2619405985373718,True,False,False,Stim8hr,24
L3MBTL2-4,L3MBTL2,141,14,0.584894061088562,0.990044355392456,0.7726212739944458,0.6819193363189697,0.3691985309123993,1.1094172466735709e-11,0.09075019254149334,0.5414108549925407,3.117817218667659e-11,0.22831881724528713,True,False,False,Stim8hr,24
SEC23IP-2,SEC23IP,107,15,0.6948000192642212,1.4603707790374756,0.9645536541938782,1.2071279287338257,0.3686133921146393,1.108405331648897e-19,0.12808887836557672,0.3053639828392367,5.285084361881978e-19,0.28279751195482267,True,False,False,Stim8hr,24
SUGP1-4,SUGP1,54,10,0.23622393608093262,0.34692928194999695,0.3810235261917114,0.26404815912246704,0.3680982291698456,0.042006484478356275,0.1485711381204724,1.394057168939093,0.05667797469567471,0.3163829078669069,False,False,False,Stim8hr,24
FADD-3,FADD,97,10,0.67424076795578,0.8641215562820435,0.8811464309692383,0.30825430154800415,0.3678899109363556,0.0035677210263985086,0.14403806307474987,1.1934623753468188,0.005418844151250209,0.30951815599358184,True,False,False,Stim8hr,24
TERT-2,TERT,143,22,0.008932390250265598,0.13667449355125427,0.07768561691045761,0.5038670301437378,0.3678824305534363,1.2173443656557977e-05,0.10778031309578323,0.7301180838295586,2.269754417546273e-05,0.2525860712543205,True,False,False,Stim8hr,24
NCDN-4,NCDN,56,14,0.4485131502151489,0.5142186284065247,0.6283848881721497,0.13270054757595062,0.3671363294124603,0.16943005733062644,0.10031765492923556,2.766652708816679,0.2049377640592845,0.24254198228517054,False,False,False,Stim8hr,24
NPS-4,NPS,120,15,0.0,0.0352870337665081,0.20387020707130432,0.2147926539182663,0.3651483952999115,0.04939416570627987,0.16714095487606495,1.7000041139156423,0.06563822638700491,0.3311409535228894,False,False,False,Stim8hr,24
ANKRD1-3,ANKRD1,59,15,0.0,0.908499002456665,0.16173556447029114,0.895538330078125,0.3651483654975891,4.585756336241763e-06,0.16714096997763644,0.40774174955273473,8.804925398335103e-06,0.3311409535228894,True,False,False,Stim8hr,24
SLC22A8-4,SLC22A8,41,15,7.420572728733532e-06,0.11425532400608063,0.1755080223083496,0.3854014575481415,0.3651319742202759,0.04433288370820962,0.16715086184544486,0.9474068327171967,0.059381801627865126,0.3311409535228894,False,False,False,Stim8hr,24
DCTN4-1,DCTN4,93,16,0.5474565625190735,1.2996262311935425,0.7859882712364197,1.1902226209640503,0.3650873899459839,1.6271699988323878e-16,0.11642046640443016,0.3067387424129717,6.298564950435278e-16,0.2646703853935446,True,False,False,Stim8hr,24
R3HDM2-4,R3HDM2,24,11,0.2530270218849182,0.4132518768310547,0.3996063470840454,0.362138956785202,0.3650707006454468,0.05929542362343345,0.12967375565380698,1.0080956323679469,0.07796511497851653,0.2854634132029674,False,False,False,Stim8hr,24
RAX2-2,RAX2,107,15,3.8096168282208964e-05,0.4841501712799072,0.05857188254594803,1.0567991733551025,0.3648379445075989,3.2483854817125827e-12,0.1672929519436438,0.34522921072063245,9.437645873615746e-12,0.3311409535228894,True,False,False,Stim8hr,24
MAGEB3-1,MAGEB3,181,15,2.6731235266197473e-05,0.20465536415576935,0.043686643242836,0.5565559267997742,0.3648186922073364,1.7221142072124484e-07,0.16728397471256717,0.6554933199706687,3.695569167197857e-07,0.3311409535228894,True,False,False,Stim8hr,24
SLC34A1-4,SLC34A1,91,15,3.416082836338319e-05,0.1597546935081482,0.04750050976872444,0.524173378944397,0.3647502064704895,0.00032215223357738614,0.16730905689891312,0.6958579377019093,0.0005358119084919364,0.3311409535228894,True,False,False,Stim8hr,24
HAPLN4-1,TM6SF2,49,15,8.903162961360067e-05,0.16111737489700317,0.08796565234661102,0.5602633357048035,0.36466217041015625,0.003934380405652087,0.1673775632432875,0.6508763775366745,0.005931481102790105,0.3311409535228894,True,False,False,Stim8hr,24
PPP3CA-2,PPP3CA,22,16,0.33271661400794983,0.7021725177764893,0.6171685457229614,0.5335164070129395,0.3643612861633301,0.028754463029050423,0.13692598026799416,0.6829429823973402,0.03947231399834505,0.2967645027928676,True,False,False,Stim8hr,24
HMGN3-2,HMGN3,116,10,0.6348922848701477,1.4512197971343994,0.9258555173873901,1.0296754837036133,0.36420026421546936,1.7262367775412215e-15,0.18551581982267085,0.3537039290335308,6.315380907050051e-15,0.34420713957408633,True,False,False,Stim8hr,24
NEURL4-4,NEURL4,113,15,0.28485357761383057,1.146810531616211,0.500737190246582,1.5586519241333008,0.3640986979007721,5.455627986698438e-26,0.13691272903083965,0.23359846561202668,3.7472315141319464e-25,0.2967645027928676,True,False,False,Stim8hr,24
RIOK1-3,RIOK1,46,10,0.7480162382125854,0.7532730102539062,0.9605898857116699,0.008988714776933193,0.36407843232154846,0.47651488877732706,0.14572175713618288,40.503947600589704,0.5347310141909238,0.31224911359152613,False,False,False,Stim8hr,24
SLITRK1-3,SLITRK1,66,15,3.440256477915682e-05,0.06575840711593628,0.024115949869155884,0.41303348541259766,0.36402058601379395,0.010296064468606404,0.16747452915948757,0.8813343200253061,0.014801071115279169,0.3311409535228894,True,False,False,Stim8hr,24
CNFN-4,CNFN,80,13,0.003295889124274254,1.1796563863754272,0.06602319329977036,1.2244300842285156,0.36340439319610596,1.3350645802598382e-11,0.18040905821686765,0.29679472750383984,3.7222024022096567e-11,0.3389503518013877,True,False,False,Stim8hr,24
RFK-2,RFK,167,11,0.48063066601753235,0.987436830997467,0.6930703520774841,0.7723609805107117,0.3631705641746521,5.243755382043266e-15,0.1502353514087242,0.47020832659686046,1.853528524895915e-14,0.3193295839399499,True,False,False,Stim8hr,24
CCNA1-4,CCNA1,83,13,0.004272389691323042,0.16032083332538605,0.07597745209932327,0.5415862798690796,0.3626759946346283,0.0003510539102879381,0.18195268067339404,0.669655063496623,0.0005818797561437878,0.3403499867446394,True,False,False,Stim8hr,24
ADAMTS17-4,ADAMTS17,49,13,0.023702338337898254,0.009161083027720451,0.09205356240272522,-0.13837115466594696,0.3621586859226227,0.9400713102130444,0.1533172872723597,,0.9823524509474377,0.32411737309338423,False,False,False,Stim8hr,24
DNAI2-2,DNAI2,147,15,0.0005011349567212164,0.2693932056427002,0.06812083721160889,0.9324795603752136,0.3616049885749817,1.7366308423551569e-13,0.16886581829992608,0.38778864861067636,5.446513761060334e-13,0.3311409535228894,True,False,False,Stim8hr,24
BANK1-1,BANK1,26,15,0.0005492926575243473,0.27144545316696167,0.065711610019207,0.846293032169342,0.36096638441085815,0.002648311949292186,0.1691018826365659,0.4265264756884224,0.0040866010805717815,0.3311409535228894,True,False,False,Stim8hr,24
ZNF33B-1,ZNF33B,69,11,0.061812624335289,0.2849523723125458,0.17510642111301422,0.5943160057067871,0.3609044551849365,0.0001557741709962375,0.17971888866681324,0.6072601978062712,0.00026559908255839967,0.3383259516863552,True,False,False,Stim8hr,24
PAFAH1B3-2,PAFAH1B3,444,77,0.5551210641860962,0.8893148303031921,0.7699423432350159,0.5283077955245972,0.3606950640678406,6.6718863545920205e-21,0.0025005434616994526,0.6827365924246469,3.403718276148726e-20,0.024601832473583902,True,True,False,Stim8hr,24
FAM118B-1,FAM118B,45,12,0.24439549446105957,0.3087882101535797,0.4161970615386963,0.15134663879871368,0.360329806804657,0.17844358455247195,0.15315843567441348,2.380824639811687,0.21496614998891247,0.32411737309338423,False,False,False,Stim8hr,24
LRRC25-3,LRRC25,83,25,0.00012917412095703185,2.33327054977417,0.1443917602300644,3.852956533432007,0.3596387207508087,3.4148598873938853e-40,0.10783242448609322,0.09334097533419664,5.595450501928879e-39,0.2525860712543205,True,False,False,Stim8hr,24
PSMD4-2,PSMD4,100,11,1.0745604038238525,1.7270267009735107,1.3095718622207642,1.1103107929229736,0.3590405583381653,1.4602161944639776e-18,0.15613751455448374,0.32336942109061645,6.543054488982853e-18,0.32879291761974244,True,False,False,Stim8hr,24
PRCC-2,PRCC,74,10,0.986855149269104,1.2268248796463013,1.1692074537277222,0.40176963806152344,0.3588637709617615,0.0006075121929934478,0.10263385949180089,0.8932077911442583,0.0009866651198259817,0.24572593864547335,True,False,False,Stim8hr,24
FAM73A-1,MIGA1,86,12,0.23244336247444153,0.431074857711792,0.4213266670703888,0.40794089436531067,0.35841646790504456,0.000932449766214752,0.16440783620050842,0.8785990148467022,0.0014869209261659572,0.3311409535228894,True,False,False,Stim8hr,24
FAM103A1-2,RAMAC,67,10,0.29197126626968384,0.6148268580436707,0.5050433874130249,0.6354159712791443,0.3577873408794403,1.5586654385285796e-05,0.19195163689970585,0.5630757756358958,2.878395057683867e-05,0.35172533466796874,True,False,False,Stim8hr,24
EED-3,EED,85,12,1.1333904266357422,1.3847124576568604,1.458940863609314,0.3513597548007965,0.3560251295566559,0.0010347075955585727,0.16068759682595313,1.0132780567270843,0.0016465902354012348,0.3311409535228894,True,False,False,Stim8hr,24
GAA-2,GAA,40,11,0.09528356790542603,0.1802099496126175,0.2201371192932129,0.2824493944644928,0.35552918910980225,0.059712794010480644,0.17578041884542267,1.2587358871271945,0.07848721089005053,0.3329427793884411,False,False,False,Stim8hr,24
PPP4R4-1,PPP4R4,87,10,0.018194841220974922,0.8870818018913269,0.11183415353298187,1.5037598609924316,0.3547569215297699,2.0197904463095177e-16,0.2120507742313108,0.23591328025981628,7.794939776326252e-16,0.37722296714149456,True,False,False,Stim8hr,24
KCNA7-4,KCNA7,176,16,2.8209113224875182e-05,0.13344043493270874,0.06011627987027168,0.5868756771087646,0.3533358871936798,6.458901784753318e-08,0.16669495651167965,0.60206258493176,1.4280487822550645e-07,0.3311409535228894,True,False,False,Stim8hr,24
WDR91-2,WDR91,146,11,0.13646282255649567,0.19343052804470062,0.2601729929447174,0.16410313546657562,0.3532005548477173,0.03716095659796948,0.15768160345365947,2.152308387304744,0.05045695897624578,0.3307553101839934,False,False,False,Stim8hr,24
SPOCK3-4,SPOCK3,131,16,1.937618071679026e-05,0.25174200534820557,0.025443274527788162,0.652153491973877,0.35301321744918823,2.656929968942556e-07,0.16676348684917758,0.5413038828952996,5.614397917978615e-07,0.3311409535228894,True,False,False,Stim8hr,24
C11orf71-3,C11orf71,134,15,0.12090693414211273,0.19134202599525452,0.26414746046066284,0.1864171326160431,0.3530069887638092,0.0322852473485234,0.13578442544116787,1.8936402669109038,0.044146765027135784,0.2948996071720457,True,False,False,Stim8hr,24
FABP2-1,FABP2,97,16,9.025086183100939e-05,0.3924914598464966,0.07054229080677032,0.5968135595321655,0.3529839813709259,3.511405448435857e-05,0.16688480691762542,0.591447656865614,6.30097673740207e-05,0.3311409535228894,True,False,False,Stim8hr,24
VASH2-4,VASH2,90,12,0.003179275430738926,0.08878712356090546,0.03803729638457298,0.47687363624572754,0.35261836647987366,0.0008035757245562506,0.1895540711957565,0.7394377455124683,0.00128992417055169,0.34902312427573084,True,False,False,Stim8hr,24
ERGIC3-1,ERGIC3,37,10,0.986171305179596,1.9767528772354126,1.2148542404174805,1.4053294658660889,0.3525489568710327,4.166327467297079e-09,0.16676253384923453,0.25086569764177025,9.920682460614412e-09,0.3311409535228894,True,False,False,Stim8hr,24
SPPL2B-4,SPPL2B,70,10,0.20981504023075104,0.560029149055481,0.35734206438064575,0.7023988962173462,0.35243940353393555,3.5113895361445514e-06,0.17098228483156516,0.5017653151676917,6.805735559164619e-06,0.3311409535228894,True,False,False,Stim8hr,24
RPH3AL-3,RPH3AL,148,15,0.004452184308320284,0.3909033536911011,0.1460045725107193,0.9535826444625854,0.35228103399276733,4.29477854538917e-14,0.17437274838700967,0.36942894885770894,1.4062581401371652e-13,0.33205533195144343,True,False,False,Stim8hr,24
UBE2Z-2,UBE2Z,84,14,0.8827500939369202,0.8675596117973328,1.1288546323776245,-0.02614522911608219,0.35226818919181824,0.5934151224405491,0.1361626989071297,,0.6562013950464979,0.2954488395104788,False,False,False,Stim8hr,24
XRCC3-4,XRCC3,69,12,0.1984463930130005,0.1800559014081955,0.34918394684791565,-0.051464926451444626,0.35179585218429565,0.6630367241365307,0.15576252836693652,,0.7251026618314378,0.3284098352715276,False,False,False,Stim8hr,24
MALSU1-3,MALSU1,35,13,1.0318483114242554,1.1168676614761353,1.2662262916564941,0.1469164788722992,0.3516874611377716,0.19218889118245291,0.13713932900817985,2.3937917913446642,0.2296645371454096,0.2968866298276681,False,False,False,Stim8hr,24
SPRY3-4,SPRY3,98,12,0.006686495151370764,0.03187362849712372,0.0667160227894783,0.20600859820842743,0.35157835483551025,0.05907772169507195,0.19375884501330587,1.7066198104984136,0.07770528904586504,0.3534725931970482,False,False,False,Stim8hr,24
NDUFAF1-3,NDUFAF1,53,10,0.3946518898010254,0.7719026803970337,0.5513380169868469,0.6877137422561646,0.3499225974082947,2.6397505074363563e-05,0.14102521959191788,0.5088201324293924,4.785708022623718e-05,0.30390733931432107,True,False,False,Stim8hr,24
ZNF799-2,ZNF799,75,14,0.00789418164640665,0.2967991828918457,0.12465275079011917,0.6876649856567383,0.34952330589294434,3.131080116044415e-05,0.18300266756475764,0.5082755603139228,5.637511243123259e-05,0.3409863590772994,True,False,False,Stim8hr,24
MKI67-2,MKI67,63,15,1.0003259181976318,1.549852967262268,1.3379971981048584,0.5213068127632141,0.34899553656578064,0.0001661836603400145,0.10236415780225883,0.6694628345942987,0.0002829732340532083,0.24572593864547335,True,False,False,Stim8hr,24
CDCA3-1,CDCA3,208,10,0.20294024050235748,0.8528426289558411,0.45314329862594604,0.8777492642402649,0.3488948941230774,8.216371116668084e-19,0.20910937028624144,0.3974881077514352,3.751205089510682e-18,0.3742790527319286,True,False,False,Stim8hr,24
PRDM13-2,PRDM13,99,16,0.0006773298955522478,0.00641089491546154,0.06951874494552612,0.11928039789199829,0.34886521100997925,0.186700770184833,0.16887756124507852,2.9247488872887324,0.22372850272846273,0.3311409535228894,False,False,False,Stim8hr,24
PNMA8B-3,PNMA8B,70,16,0.00037071676342748106,0.17305007576942444,0.035611413419246674,0.5786006450653076,0.34776654839515686,0.0005188626134013195,0.16903551148506674,0.6010476333912553,0.0008483897361619037,0.3311409535228894,True,False,False,Stim8hr,24
PIP5K1C-4,PIP5K1C,124,10,0.2946072518825531,0.6027389168739319,0.4645870625972748,0.5926152467727661,0.34775790572166443,4.627161796614298e-08,0.1767379139615312,0.5868190324421565,1.0325005578480953e-07,0.3338775177834721,True,False,False,Stim8hr,24
EFS-4,EFS,60,16,0.0005378946661949158,0.17460748553276062,0.05406637489795685,0.6428785920143127,0.34754428267478943,0.0004074025439876109,0.16892648077527994,0.5406064021914917,0.0006723967723431888,0.3311409535228894,True,False,False,Stim8hr,24
RYK-2,RYK,66,10,0.12888067960739136,0.9201536774635315,0.23623494803905487,1.5345561504364014,0.34734925627708435,1.6974500506045704e-14,0.1573971662387996,0.2263516106454001,5.773121676066733e-14,0.33034188829918987,True,False,False,Stim8hr,24
SUV39H2-4,SUV39H2,65,12,0.5725270509719849,0.6728387475013733,0.7700331211090088,0.18077540397644043,0.34712669253349304,0.07955074073819457,0.13712349295203777,1.9202097458940397,0.10315986399550582,0.2968866298276681,False,False,False,Stim8hr,24
ELP4-4,ELP4,120,12,0.20732520520687103,0.3218863308429718,0.33702826499938965,0.29235902428627014,0.3470310568809509,0.0019967314067846865,0.13878842540332276,1.1870030614863025,0.003115964628747531,0.2999416142144953,True,False,False,Stim8hr,24
TSC2-1,TSC2,251,20,0.2016332596540451,0.22995410859584808,0.3982277512550354,0.07780883461236954,0.34665775299072266,0.1190892495390608,0.11918947567310108,4.455249262088463,0.14951887271673642,0.2698311354360499,False,False,False,Stim8hr,24
UQCRQ-4,UQCRQ,94,10,1.2179254293441772,2.5035862922668457,1.4917691946029663,1.968379020690918,0.3449499011039734,2.376678578715254e-31,0.19499705164080244,0.1752456704110233,2.2919242054593233e-30,0.3548983875387463,True,False,False,Stim8hr,24
REC8-2,REC8,85,10,0.08093634247779846,0.4804656505584717,0.2037149965763092,0.8060926198959351,0.34364503622055054,1.2588925109943593e-07,0.20094940337805556,0.4263096172061647,2.7287765358829525e-07,0.363980193283432,True,False,False,Stim8hr,24
CCDC9-1,CCDC9,213,17,0.3301989436149597,0.43334946036338806,0.5253443717956543,0.21205514669418335,0.34332290291786194,0.002303342306792019,0.1235022460352204,1.619026504520483,0.003578555524453491,0.27621850650810387,True,False,False,Stim8hr,24
KAL1-1,ANOS1,64,17,0.0,0.07090940326452255,0.14611682295799255,0.4409710466861725,0.34299716353416443,0.007624032259368909,0.16609749651402061,0.7778224128584716,0.011129532935817128,0.3311409535228894,True,False,False,Stim8hr,24
ITIH3-3,ITIH3,144,17,9.24415944609791e-05,0.9216597080230713,0.19921335577964783,0.7914814352989197,0.3428242802619934,2.0439887252025603e-10,0.16620638957121137,0.43314254128085594,5.29410877451996e-10,0.3311409535228894,True,False,False,Stim8hr,24
GPX7-1,GPX7,113,11,0.43704530596733093,0.8894476890563965,0.6670895218849182,0.80113685131073,0.34143728017807007,4.236913288102093e-12,0.18616183344064013,0.4261909555395546,1.226358060261287e-11,0.34496034006491966,True,False,False,Stim8hr,24
TNNI2-1,TNNI2,116,17,0.0005600384902209044,0.2383703887462616,0.1448363959789276,0.5000285506248474,0.3414039611816406,0.00011221027824205547,0.16700644446487645,0.6827689354038169,0.00019336771210429077,0.3311409535228894,True,False,False,Stim8hr,24
EXPH5-1,EXPH5,173,11,0.017557140439748764,1.0178353786468506,0.1079215556383133,1.6818883419036865,0.34032872319221497,1.3862243238185742e-35,0.2109899720109797,0.2023491778336519,1.723642913249655e-34,0.376220685594307,True,False,False,Stim8hr,24
HSPA4L-2,HSPA4L,71,11,0.02021920122206211,1.0768603086471558,0.1195915937423706,1.4578282833099365,0.3392906188964844,3.876548499902661e-13,0.21270575031278022,0.23273702587669626,1.1916226589128449e-12,0.37785493080457244,True,False,False,Stim8hr,24
FNDC3A-4,FNDC3A,44,10,0.4567394554615021,0.4459381103515625,0.6537478566169739,-0.02129310369491577,0.3389866352081299,0.5555562344233806,0.18090644135584888,,0.6168061896397395,0.33911300767554364,False,False,False,Stim8hr,24
FAM133B-2,FAM133B,84,12,0.2116933912038803,0.41909849643707275,0.3760204017162323,0.4652997553348541,0.3388653099536896,0.0001959663121706046,0.1740368537656281,0.7282731316070096,0.00033149681940670517,0.331791569886432,True,False,False,Stim8hr,24
FAM53B-4,FAM53B,64,10,0.3022574186325073,1.040116310119629,0.4739493429660797,1.329427719116211,0.3387746512889862,2.0838404499557497e-13,0.1801896320005349,0.2548274316968507,6.514317720273957e-13,0.33870635597714854,True,False,False,Stim8hr,24
HCAR1-2,HCAR1,560,43,0.011517947539687157,0.2965365946292877,0.08739063143730164,0.7093741297721863,0.33837994933128357,3.177355068706935e-30,0.05276725883006725,0.47701196749302577,2.8376055544318055e-29,0.16133045504875854,True,False,False,Stim8hr,24
TRAPPC11-1,TRAPPC11,96,10,0.46315085887908936,1.179395079612732,0.672684371471405,1.1142774820327759,0.3379901051521301,4.4307254915082446e-15,0.19219664740980275,0.30332669429479536,1.5762295745779558e-14,0.3520033505010592,True,False,False,Stim8hr,24
VPS37A-1,VPS37A,67,11,0.5443349480628967,1.1487401723861694,0.7477502822875977,1.045912504196167,0.3378908634185791,3.1983492607555463e-11,0.17183016820476665,0.323058441373415,8.68540490965007e-11,0.3311409535228894,True,False,False,Stim8hr,24
CARD16-3,CARD16,107,16,0.022374020889401436,0.7448693513870239,0.08676265180110931,1.8507487773895264,0.3374323844909668,5.584671603041591e-26,0.1472466448543534,0.18232208963926147,3.8290647320854304e-25,0.31444766281149894,True,False,False,Stim8hr,24
CC2D1A-3,CC2D1A,69,11,0.27877387404441833,1.1799302101135254,0.46524330973625183,1.494134783744812,0.33710286021232605,2.979212578710668e-15,0.18842133099317737,0.2256174368469163,1.0756876789798462e-14,0.3477840282167871,True,False,False,Stim8hr,24
NUDT19-4,NUDT19,46,10,0.31963005661964417,0.8493220210075378,0.48625683784484863,0.9801691174507141,0.3366581201553345,4.818521121630536e-07,0.18334909524753495,0.3434694219207153,1.0023249691955502e-06,0.3412530896782368,True,False,False,Stim8hr,24
PHKB-1,PHKB,98,11,0.25026044249534607,0.40969234704971313,0.42669975757598877,0.357468843460083,0.33658596873283386,0.0009119665191567852,0.1865292833603993,0.941581273139456,0.0014566602765713707,0.34547196359893745,True,False,False,Stim8hr,24
ZNF765-2,ZNF765,139,10,0.08848538994789124,0.11162137240171432,0.20906010270118713,0.08901353925466537,0.3364003002643585,0.15796454181673464,0.2052010035426195,3.7792037377811276,0.1952217587744688,0.3689751694868529,False,False,False,Stim8hr,24
CALCRL-4,CALCRL,71,14,0.008507178165018559,0.7377221584320068,0.09729810059070587,1.1199754476547241,0.3363421559333801,2.1892164653598086e-09,0.1890436250326029,0.30031207973147517,5.307648947677982e-09,0.34859238901672557,True,False,False,Stim8hr,24
GINS1-4,GINS1,47,12,0.41334080696105957,1.2836931943893433,0.6356210112571716,1.4670534133911133,0.3361470401287079,9.303641254298408e-12,0.1760457579870125,0.22913074402090075,2.6299108721032122e-11,0.3329427793884411,True,False,False,Stim8hr,24
SUPT5H-2,SUPT5H,73,15,1.28172767162323,1.795408844947815,1.5086332559585571,0.8458327651023865,0.33569565415382385,1.071685504394007e-09,0.13534230963407878,0.3968818281864365,2.6514445588558063e-09,0.2945704374577518,True,False,False,Stim8hr,24
TIMELESS-2,TIMELESS,190,26,0.2625989019870758,0.7996913194656372,0.43114838004112244,1.002701759338379,0.33568572998046875,9.291728429610394e-24,0.07843879562113285,0.33478123166151325,5.623022509750139e-23,0.21219994637991732,True,False,False,Stim8hr,24
ARFIP1-2,ARFIP1,71,12,0.43805742263793945,1.2002447843551636,0.6478669047355652,1.2264289855957031,0.3341466188430786,3.637079573042212e-13,0.17480036109289998,0.27245492626772544,1.1197919354262925e-12,0.3325427392622473,True,False,False,Stim8hr,24
IL31-2,IL31,30,14,0.029738973826169968,2.710942268371582,0.2958117425441742,2.4036805629730225,0.3337852358818054,1.3292073046426154e-10,0.1923825820956344,0.13886422390043332,3.47065810064348e-10,0.3520033505010592,True,False,False,Stim8hr,24
PIGG-4,PIGG,4700,391,0.26792147755622864,0.5566498637199402,0.43174028396606445,0.6027458906173706,0.3333432078361511,2.5472442266909894e-244,1.2335762106885621e-08,0.5530410294373302,1.970038684922811e-241,5.763055524132129e-06,True,True,False,Stim8hr,24
KCNMB3-3,KCNMB3,94,10,0.01677045039832592,0.028649182990193367,0.08562885969877243,0.09366703033447266,0.33317092061042786,0.2092529024210273,0.22101989864697963,3.5569711073439425,0.24806283680628832,0.38894399283167697,False,False,False,Stim8hr,24
SLC22A13-4,SLC22A13,74,13,0.0021982863545417786,0.17125941812992096,0.026921888813376427,0.5532838106155396,0.33295103907585144,0.0005832628798490623,0.18826877539072862,0.6017726032963744,0.0009488686456486468,0.34777420698256634,True,False,False,Stim8hr,24
RAP1GDS1-3,RAP1GDS1,93,13,0.8826811909675598,2.0025415420532227,1.1872117519378662,1.8135401010513306,0.3322472870349884,8.267683052815752e-30,0.1806950929204682,0.1832037167760342,7.282717623061164e-29,0.33911300767554364,True,False,False,Stim8hr,24
MSN-1,MSN,105,11,2.2307653427124023,3.18097186088562,2.4862473011016846,1.3019729852676392,0.33211782574653625,1.5669179977203812e-19,0.1957858888940655,0.2550881082054592,7.434689444398422e-19,0.3559914575948826,True,False,False,Stim8hr,24
SNRPC-4,SNRPC,30,13,1.6359235048294067,1.7574094533920288,1.8000614643096924,0.23418337106704712,0.33187437057495117,0.0868682766777833,0.09331781534094889,1.4171560049835261,0.11163829375639349,0.23092833978496055,False,False,False,Stim8hr,24
JPH2-4,JPH2,182,18,0.00012226168473716825,0.1573212593793869,0.04296259209513664,0.6930133104324341,0.3318319618701935,2.0340750859005761e-10,0.16633626926919354,0.4788248030375251,5.271962705883062e-10,0.3311409535228894,True,False,False,Stim8hr,24
SELK-1,SELENOK,92,15,0.9454917311668396,1.1778898239135742,1.1460679769515991,0.32811570167541504,0.3316492736339569,0.003285295385297284,0.11107396907908934,1.010769286384342,0.005011533433903194,0.25693073459150817,True,False,False,Stim8hr,24
ALAD-2,ALAD,58,17,0.22511684894561768,0.2768500745296478,0.3855298161506653,0.12047037482261658,0.3315829932689667,0.20704167938317847,0.13271137488210616,2.7524027692052697,0.24574284044651662,0.29062792113730485,False,False,False,Stim8hr,24
CDADC1-1,CDADC1,96,11,0.08374140411615372,0.5798234939575195,0.21958927810192108,1.0872589349746704,0.33146822452545166,9.669615949795075e-13,0.20737947784783234,0.3048659467058542,2.8941489843543e-12,0.3720631808446404,True,False,False,Stim8hr,24
BTBD8-3,BTBD8,108,15,0.03942599520087242,0.16597217321395874,0.14115728437900543,0.4444864094257355,0.3312777876853943,0.0002160986425310679,0.1688161460910445,0.7453046497268528,0.00036475488898631144,0.3311409535228894,True,False,False,Stim8hr,24
ACSM1-4,ACSM1,106,18,0.0005276435404084623,0.4298936128616333,0.10198665410280228,0.9143170118331909,0.3312504291534424,6.469485285341988e-10,0.16688555311245207,0.3622927549923747,1.618208253455205e-09,0.3311409535228894,True,False,False,Stim8hr,24
SDCCAG3-1,ENTR1,69,11,0.3887724280357361,1.0171531438827515,0.5756093859672546,0.8672730326652527,0.33053675293922424,1.1509093886281302e-07,0.17873899022550888,0.38112190796874895,2.4989144333660747e-07,0.33664883517573435,True,False,False,Stim8hr,24
DTYMK-2,DTYMK,116,10,0.787142813205719,1.364383339881897,0.9839943647384644,0.8722091913223267,0.3294503092765808,4.353464257071752e-15,0.15126319841526256,0.3777193734648822,1.5501700075595272e-14,0.3207652844137985,True,False,False,Stim8hr,24
CHAF1A-3,CHAF1A,77,10,0.5824054479598999,1.3202320337295532,0.8102490305900574,0.9689860939979553,0.32903793454170227,1.6195408810280405e-10,0.1885184780618317,0.33956930504969307,4.2201917701721243e-10,0.34779360196577924,True,False,False,Stim8hr,24
SH2D6-3,SH2D6,140,18,9.84264406724833e-05,0.03990120813250542,0.01493680477142334,0.2712804675102234,0.32852092385292053,0.012329952867475992,0.16722089754526587,1.2110010236565962,0.017587579394514816,0.3311409535228894,True,False,False,Stim8hr,24
MRRF-1,MRRF,357,52,0.4390427768230438,0.5675719976425171,0.6244648694992065,0.2526530623435974,0.3271118402481079,4.3572545129520124e-06,0.021267154919695788,1.294707601063033,8.391186853379198e-06,0.09243882533514104,True,False,False,Stim8hr,24
RAD50-2,RAD50,92,13,0.7499890923500061,1.1754825115203857,0.9306656122207642,0.6692716479301453,0.3271050751209259,2.2642989182966766e-08,0.1164493710457055,0.48874784421626544,5.171910169553011e-08,0.2646703853935446,True,False,False,Stim8hr,24
FAF1-4,FAF1,60,11,0.5321731567382812,1.5341944694519043,0.742577314376831,1.468320369720459,0.3268337547779083,6.450218920113628e-14,0.1855038249431895,0.2225902204436021,2.0803166442101247e-13,0.34420713957408633,True,False,False,Stim8hr,24
NKIRAS2-3,NKIRAS2,58,13,0.48447853326797485,0.6233017444610596,0.6479473114013672,0.27527084946632385,0.326206237077713,0.021694118005759523,0.13300002361327,1.1850373467083026,0.030176674218802907,0.2909231285745444,True,False,False,Stim8hr,24
SIN3B-3,SIN3B,74,10,0.42474496364593506,0.8728047013282776,0.5953632593154907,0.7167111039161682,0.3257701098918915,9.387409844636893e-07,0.18252116347876535,0.45453476039628365,1.914615710401417e-06,0.34063227542427704,True,False,False,Stim8hr,24
DCTN6-1,DCTN6,47,11,1.009928584098816,1.2723517417907715,1.2122164964675903,0.4087117910385132,0.3246520757675171,0.006433110998669828,0.1664721920147123,0.7943300949125907,0.009448097315554965,0.3311409535228894,True,False,False,Stim8hr,24
ATP6V1G1-3,ATP6V1G1,27,13,0.9382176995277405,0.8856251835823059,1.1164982318878174,-0.09538143128156662,0.3244509696960449,0.6956100839215622,0.12145844105923571,,0.75708533479445,0.2729386952382825,False,False,False,Stim8hr,24
ZNF92-4,ZNF92,126,11,0.22705620527267456,0.7912842035293579,0.40394851565361023,0.8790714740753174,0.32445043325424194,2.152786859381429e-12,0.2019070176284502,0.3690831096476275,6.325856219778104e-12,0.3651900242328066,True,False,False,Stim8hr,24
KCNJ6-4,KCNJ6,263,19,0.0,0.23949088156223297,0.10057663917541504,0.6477922201156616,0.32444286346435547,7.756536007456634e-13,0.16528246041892392,0.5008440258921711,2.336022176077477e-12,0.3311409535228894,True,False,False,Stim8hr,24
DSCAM-4,DSCAM,141,19,0.0,0.6658666729927063,0.033122818917036057,1.198338508605957,0.32444286346435547,1.4760933532837923e-18,0.16528244767042805,0.2707439184623918,6.60654282077364e-18,0.3311409535228894,True,False,False,Stim8hr,24
DNAH3-4,DNAH3,62,19,0.0,0.16318942606449127,0.021129826083779335,0.6331970691680908,0.3244428336620331,0.00040431458539827664,0.16528247207738306,0.5123884007996021,0.0006675851843446352,0.3311409535228894,True,False,False,Stim8hr,24
KIAA1143-3,KIAA1143,48,10,0.41569802165031433,0.4446313679218292,0.6261608004570007,0.060606203973293304,0.3234296143054962,0.3395966123756605,0.21045825625554804,5.336576012053461,0.39107209650288244,0.37578980249147287,False,False,False,Stim8hr,24
MTF2-3,MTF2,198,13,0.5674057602882385,0.9174826145172119,0.733627200126648,0.6432148218154907,0.3231557607650757,1.1856088270524859e-15,0.13284273204255853,0.502407204879017,4.3999513764030355e-15,0.2907472295051831,True,False,False,Stim8hr,24
C16orf58-1,RUSF1,150,17,0.5474076867103577,1.184124231338501,0.7978290319442749,1.0047941207885742,0.32277774810791016,1.4120633622847715e-20,0.14985425555333967,0.32123769579243794,7.054843697616552e-20,0.31893573129022545,True,False,False,Stim8hr,24
MCTS1-3,MCTS1,110,11,0.8287944197654724,1.3486183881759644,1.0502463579177856,0.8793134689331055,0.3222286105155945,1.1325137183925421e-14,0.18809122891093422,0.3664547648821564,3.903235783443815e-14,0.3476837867747572,True,False,False,Stim8hr,24
RASA3-2,RASA3,48,10,0.18322250247001648,0.6713669896125793,0.356269508600235,0.9450026154518127,0.32125842571258545,1.5507682633929613e-06,0.21903061314954264,0.33995506516031115,3.0943348165844073e-06,0.3868061605602011,True,False,False,Stim8hr,24
IER3-2,IER3,116,10,0.9206628799438477,0.9349130988121033,1.209060788154602,0.018232911825180054,0.3209153413772583,0.4161376411609707,0.18258806176338482,17.60088264859961,0.4720458370106992,0.34063227542427704,False,False,False,Stim8hr,24
C9orf41-2,CARNMT1,26,10,0.8609898090362549,1.5661449432373047,1.046506404876709,1.1372350454330444,0.3207239508628845,4.860451683415735e-06,0.16489661454358678,0.2820208119252577,9.313858602462164e-06,0.3311409535228894,True,False,False,Stim8hr,24
UVRAG-3,UVRAG,94,10,0.1945638507604599,0.6202542185783386,0.3216498792171478,0.8692311644554138,0.3206368386745453,2.8469110850310854e-10,0.19039051541547508,0.3688740714622548,7.285906794053743e-10,0.35005198313141794,True,False,False,Stim8hr,24
HS3ST1-2,HS3ST1,73,17,0.018398325890302658,0.7899049520492554,0.08330442756414413,1.139902114868164,0.3205244839191437,6.582027466943044e-10,0.15130757995616512,0.281185971793915,1.6452941315235135e-09,0.3207652844137985,True,False,False,Stim8hr,24
HBS1L-4,HBS1L,71,23,1.686328411102295,1.9807308912277222,1.8703639507293701,0.5472688674926758,0.3204372227191925,2.233997927285208e-06,0.06913152492344661,0.5855206494520374,4.407586726944848e-06,0.1935273332794042,True,False,False,Stim8hr,24
LTA4H-4,LTA4H,66,11,0.813111424446106,0.8724799752235413,0.9922910332679749,0.103119857609272,0.3203746974468231,0.20049726262748496,0.1469227553288522,3.1068186562159945,0.2385608967939952,0.3139332546066209,False,False,False,Stim8hr,24
PANK3-4,PANK3,73,25,0.7118073105812073,1.4724794626235962,0.9059169888496399,1.2556365728378296,0.31968405842781067,1.638535613349817e-15,0.07547584565951977,0.25459919322459806,6.005893096515395e-15,0.20580363971471075,True,False,False,Stim8hr,24
IL13RA1-1,IL13RA1,70,12,0.011590070091187954,0.19780103862285614,0.07222880423069,0.5865522623062134,0.31958842277526855,0.0003451199488078065,0.20952431551900041,0.54485924496942,0.0005727806189011964,0.3748391647661937,True,False,False,Stim8hr,24
SSR1-4,SSR1,295,11,0.771445631980896,1.5310821533203125,0.9503694176673889,1.222318172454834,0.31907615065574646,1.5030845226916582e-54,0.15671589176835718,0.2610418120634926,4.764285122334952e-53,0.3296437723403375,True,False,False,Stim8hr,24
COG1-2,COG1,82,12,0.3013902008533478,0.4342460632324219,0.44563087821006775,0.2822084128856659,0.3190516531467438,0.01119632501563969,0.1610373684718709,1.1305533023780003,0.016011904155132647,0.3311409535228894,True,False,False,Stim8hr,24
NOL12-3,NOL12,114,21,0.6840090155601501,1.5428749322891235,0.8733822107315063,1.0208065509796143,0.31900712847709656,1.6040132410753507e-14,0.09313734205983622,0.31250497772664393,5.4660331843620645e-14,0.23092833978496055,True,False,False,Stim8hr,24
SNUPN-2,SNUPN,39,12,0.597395658493042,1.26127290725708,0.8224284052848816,1.1489781141281128,0.31801068782806396,2.815866051528472e-08,0.18782112382294291,0.2767769759212361,6.382739754549004e-08,0.34748409963230953,True,False,False,Stim8hr,24
TXLNG-1,TXLNG,71,11,0.6230756640434265,0.6183112263679504,0.8125121593475342,-0.008639207109808922,0.3179193437099457,0.5287608680765495,0.1744563576381592,,0.5890862220835543,0.33205533195144343,False,False,False,Stim8hr,24
GNA11-1,GNA11,62,21,0.021488117054104805,0.08182135224342346,0.13773317635059357,0.2980324625968933,0.3175671696662903,0.03593372875558884,0.1512205127913473,1.0655455680873893,0.04887644357997258,0.3207652844137985,True,False,False,Stim8hr,24
PGP-4,PGP,29,12,0.8743733763694763,0.8972386121749878,1.094865083694458,0.03640402853488922,0.31678059697151184,0.42502015142440003,0.17190065637255164,8.701800589676848,0.48169780936639944,0.3311409535228894,False,False,False,Stim8hr,24
PIK3R1-4,PIK3R1,41,12,0.5352249145507812,0.7901777625083923,0.7127071022987366,0.34980520606040955,0.3165435791015625,0.036282547111030565,0.16040379495317553,0.9049138595350038,0.049316207268314656,0.3311409535228894,True,False,False,Stim8hr,24
AEBP1-1,AEBP1,39,68,0.0847911462187767,1.791953682899475,0.22024881839752197,1.737809181213379,0.31613093614578247,1.0170552332493553e-09,0.022882533384672412,0.181913491747726,2.5195083837125284e-09,0.09658676480003467,True,False,False,Stim8hr,24
HOOK2-4,HOOK2,103,11,0.05047381669282913,0.5923731327056885,0.12800635397434235,1.0238361358642578,0.31591957807540894,8.00516995283432e-12,0.20041345478855088,0.30856459057164415,2.2695008949860936e-11,0.3631833665597985,True,False,False,Stim8hr,24
CYP1A1-3,CYP1A1,62,17,0.010804145596921444,1.370535135269165,0.15497054159641266,1.6236757040023804,0.31583377718925476,3.283535076848579e-13,0.18302546507850814,0.19451777002681056,1.0141717365953238e-12,0.3409863590772994,True,False,False,Stim8hr,24
FAM26E-2,CALHM5,136,20,3.852071677101776e-05,0.33683693408966064,0.04170205444097519,0.6427294611930847,0.3157426118850708,2.2955828610733943e-07,0.16515634118108874,0.4912527446601944,4.874804461159152e-07,0.3311409535228894,True,False,False,Stim8hr,24
EGR3-3,EGR3,312,29,0.06884568184614182,1.4321343898773193,0.29407429695129395,1.7087211608886719,0.31542259454727173,1.4049380172170908e-66,0.10801606720446139,0.18459570921637483,8.358300480889985e-65,0.25263869274413914,True,False,False,Stim8hr,24
SCN3A-3,SCN3A,89,20,0.0005245875800028443,1.4037916660308838,0.12837909162044525,1.924902319908142,0.3147154748439789,3.4758073680892507e-22,0.1659037383544099,0.16349685466584993,1.898438854858917e-21,0.3311409535228894,True,False,False,Stim8hr,24
KIAA0825-1,KIAA0825,43,10,0.01661469042301178,0.21362948417663574,0.07442747056484222,0.7278898358345032,0.31451743841171265,0.0005193866496280725,0.22861720054489099,0.4320948348607288,0.0008488876475535741,0.3982635893416756,True,False,False,Stim8hr,24
RGMB-1,RGMB,198,15,0.0017071430338546634,0.07903683930635452,0.024055102840065956,0.36374396085739136,0.31424054503440857,0.00016906891275244107,0.1843132235818571,0.8639058756981233,0.0002875063701027659,0.34237358132936324,True,False,False,Stim8hr,24
ZNF629-4,ZNF629,16,10,0.023930534720420837,0.4216594398021698,0.10082318633794785,0.7733616828918457,0.31398385763168335,0.020874772626090034,0.23259939035326843,0.4059987255349886,0.029120759648300926,0.40315806338957894,True,False,False,Stim8hr,24
FREM2-2,FREM2,253,20,9.913607937050983e-05,0.20245397090911865,0.022166620939970016,0.672370433807373,0.3138449192047119,3.6636601767612277e-13,0.16599539977692707,0.46677382499930853,1.1270782739487404e-12,0.3311409535228894,True,False,False,Stim8hr,24
MOB4-4,MOB4,89,11,0.8783499598503113,2.0845866203308105,1.164594292640686,1.9381952285766602,0.31313356757164,9.05064423256314e-30,0.21626015398446347,0.16155935323481002,7.954282101664014e-29,0.38344861808215697,True,False,False,Stim8hr,24
HIST3H2A-3,H2AC25,77,16,0.062156226485967636,0.2123706340789795,0.18707765638828278,0.5093126893043518,0.31265318393707275,0.0001762491331387968,0.175450415870185,0.6138727553874855,0.00029919025366449833,0.3329427793884411,True,False,False,Stim8hr,24
LCA5-2,LCA5,111,13,0.006057446356862783,0.009532944299280643,0.044183049350976944,0.049691092222929,0.31230637431144714,0.30910416394487183,0.2025591099367618,6.284956927699395,0.35776887218641706,0.3658445815572269,False,False,False,Stim8hr,24
FRAT2-4,FRAT2,84,10,0.08407691866159439,0.38544854521751404,0.19318628311157227,0.6216818690299988,0.31201106309890747,2.2455864697470044e-05,0.22187983311769105,0.5018821983432359,4.0902886851208975e-05,0.38934120872197653,True,False,False,Stim8hr,24
SORL1-3,SORL1,119,14,0.10156849026679993,0.4857576787471771,0.20288307964801788,0.8653486967086792,0.3110150098800659,1.0357715919623606e-11,0.1628839112437293,0.35941004021037953,2.9150864236669936e-11,0.3311409535228894,True,False,False,Stim8hr,24
OSGEPL1-4,OSGEPL1,39,13,0.11940077692270279,0.4335075914859772,0.21768099069595337,0.5942815542221069,0.3104250431060791,0.0036207128725411417,0.1626440484182285,0.5223534886799814,0.005490704579653566,0.3311409535228894,True,False,False,Stim8hr,24
FAM46A-1,TENT5A,153,12,0.007021733559668064,0.021444402635097504,0.046241745352745056,0.13825702667236328,0.3102297782897949,0.07684027892455783,0.20722088541972578,2.243862650286605,0.0998458866267692,0.3720631808446404,False,False,False,Stim8hr,24
TMA16-3,TMA16,113,10,0.575114905834198,0.8068056106567383,0.7501269578933716,0.43277212977409363,0.3099632263183594,9.242940088635115e-06,0.19232116429616636,0.7162273284098948,1.735913031702379e-05,0.3520033505010592,True,False,False,Stim8hr,24
KIF15-4,KIF15,105,15,0.2955557703971863,0.616749107837677,0.4437299072742462,0.582427442073822,0.30981484055519104,5.009354312150779e-07,0.13491206111861617,0.5319372305879817,1.039226026023984e-06,0.2939155617226995,True,False,False,Stim8hr,24
C2CD5-3,C2CD5,103,15,0.4616628885269165,0.7818050384521484,0.6441277861595154,0.6280032396316528,0.3096810579299927,7.314780042465154e-09,0.15563539809239307,0.4931201598762963,1.715358060898287e-08,0.3284098352715276,True,False,False,Stim8hr,24
ATXN1L-4,ATXN1L,46,10,0.18025584518909454,0.39072078466415405,0.3722379207611084,0.5733338594436646,0.3096610903739929,0.00035361689056491495,0.2358700082538761,0.5401060573580515,0.0005856259168370561,0.40751958484063927,True,False,False,Stim8hr,24
SELENOF-3,SELENOF,124,16,1.327828049659729,1.3808906078338623,1.532065510749817,0.08521535247564316,0.30962902307510376,0.19389706795114076,0.14582871436237219,3.6334887327210676,0.23149118918402634,0.31230135771149015,False,False,False,Stim8hr,24
BCAS3-2,BCAS3,121,14,0.07205613702535629,0.2988737225532532,0.16186346113681793,0.6140410900115967,0.30890220403671265,2.82773247712029e-07,0.17364841422762373,0.5030643861811899,5.965543638311053e-07,0.3317874492452793,True,False,False,Stim8hr,24
GJA8-3,GJA8,222,21,1.0599373126751743e-05,0.07791470736265182,0.0872100219130516,0.35051780939102173,0.3085646331310272,0.0001396478783117747,0.164656972968155,0.8803108568637851,0.000238840488912708,0.3311409535228894,True,False,False,Stim8hr,24
SEPHS1-4,SEPHS1,66,10,0.44706466794013977,1.0350000858306885,0.6488405466079712,0.7183613181114197,0.30730846524238586,1.152848077398382e-05,0.21907424535165276,0.42779094237744236,2.153653872125383e-05,0.3868061605602011,True,False,False,Stim8hr,24
TIPRL-3,TIPRL,104,11,0.8025386929512024,1.3883612155914307,1.073837399482727,0.8392015695571899,0.30687466263771057,2.45846213381102e-11,0.21975566790799655,0.36567455754358863,6.737684671472158e-11,0.38764735822203494,True,False,False,Stim8hr,24
MORN5-2,MORN5,72,21,5.796463665319607e-05,0.042369432747364044,0.02349848672747612,0.3605111241340637,0.3067203462123871,0.016818862624310028,0.16521166458359898,0.8507930149149201,0.02367620741470946,0.3311409535228894,True,False,False,Stim8hr,24
TAF13-4,TAF13,98,11,0.97801673412323,1.7055342197418213,1.1714781522750854,1.038935661315918,0.30664730072021484,4.249743100136948e-15,0.1761515165992535,0.2951552364001201,1.5160292037112157e-14,0.3329427793884411,True,False,False,Stim8hr,24
NFATC2-2,NFATC2,24,10,1.0495835542678833,1.2836779356002808,1.258782982826233,0.33300891518592834,0.30638962984085083,0.0663784672110593,0.18356974465347936,0.9200643462346489,0.086718085373367,0.3414957079584156,False,False,False,Stim8hr,24
TNFSF8-4,TNFSF8,133,14,0.6599417924880981,1.7575615644454956,0.933466911315918,1.2771018743515015,0.30617988109588623,1.3177623739863704e-25,0.17047690835055673,0.23974585524068787,8.83152010434193e-25,0.3311409535228894,True,False,False,Stim8hr,24
SEL1L-3,SEL1L,72,10,0.7187984585762024,1.000816822052002,0.9195698499679565,0.4509003758430481,0.3059232234954834,0.00035243838950584474,0.2039514468602806,0.678471875130951,0.0005839242725874471,0.36765699333917123,True,False,False,Stim8hr,24
NKRF-2,NKRF,48,10,0.49319782853126526,0.7131107449531555,0.6930291652679443,0.368490993976593,0.30582931637763977,0.014858759679409477,0.21841672067236934,0.8299505859756953,0.02102408477141473,0.38654751407716464,True,False,False,Stim8hr,24
CBR4-4,CBR4,201,12,0.21243001520633698,0.18020068109035492,0.3526977300643921,-0.0962030217051506,0.3056198060512543,0.9312136582241516,0.1931847022116649,,0.9740338697194466,0.35295871679445245,False,False,False,Stim8hr,24
KIF1B-1,KIF1B,103,14,0.4919947385787964,0.6028891205787659,0.6422013640403748,0.21224941313266754,0.30458417534828186,0.015942975713649124,0.11953829822371412,1.435029528952808,0.022492333850668064,0.27006800709802076,True,False,False,Stim8hr,24
PPP2R3C-1,PPP2R3C,99,12,0.48726341128349304,0.5833835005760193,0.6429103016853333,0.18471628427505493,0.30390071868896484,0.04010560159079055,0.16308017994453605,1.645229709344068,0.0542266997732822,0.3311409535228894,False,False,False,Stim8hr,24
C2orf16-2,ZNF512,116,10,0.244501531124115,0.2584763467311859,0.39615869522094727,0.036971572786569595,0.30344805121421814,0.34166136851886686,0.21888498417990165,8.207604609248584,0.39309863494866354,0.3868061605602011,False,False,False,Stim8hr,24
HOXC5-4,HOXC4,110,11,0.008143036626279354,0.12864068150520325,0.04249149560928345,0.523173987865448,0.30342912673950195,6.008005572396629e-05,0.21885240796634436,0.5799774716963548,0.00010579671014780402,0.3868061605602011,True,False,False,Stim8hr,24
PSIP1-1,PSIP1,40,11,0.3645794093608856,0.8310774564743042,0.530968427658081,0.8046576976776123,0.3029344379901886,5.6164588587431425e-05,0.20253956157266062,0.3764761573331271,9.908232849799147e-05,0.3658445815572269,True,False,False,Stim8hr,24
HAS1-2,HAS1,173,22,0.0,0.6827772855758667,0.05643024295568466,0.8964433073997498,0.30151137709617615,1.1739498732398155e-14,0.1643473208710478,0.3363418239696039,4.042443597344939e-14,0.3311409535228894,True,False,False,Stim8hr,24
GLYCTK-4,GLYCTK,38,10,0.27162590622901917,0.44854727387428284,0.4051811695098877,0.36572903394699097,0.30145469307899475,0.024644779165608113,0.19160093469145545,0.8242569364145363,0.03412150412939727,0.3512529011163764,True,False,False,Stim8hr,24
WDR25-4,WDR25,24,11,0.11194048076868057,0.0557931549847126,0.21983684599399567,-0.25023481249809265,0.3014005422592163,0.95082683686733,0.21001928798552916,,0.9919333404069473,0.37519742426134683,False,False,False,Stim8hr,24
FOXRED1-3,FOXRED1,53,10,0.3374995291233063,0.3850213587284088,0.5090116262435913,0.1052168533205986,0.3009050190448761,0.2307242554405955,0.22200754892508195,2.8598557127346353,0.2719831683594125,0.38934120872197653,False,False,False,Stim8hr,24
LEPR-2,LEPR,92,11,0.06906799972057343,0.17090168595314026,0.1575556844472885,0.35850271582603455,0.3004487454891205,0.002276515226146735,0.21270472594225165,0.8380654656878943,0.0035382975801886746,0.37785493080457244,True,False,False,Stim8hr,24
NPTXR-1,NPTXR,119,15,0.012745439074933529,0.8619067668914795,0.0883277878165245,1.202141523361206,0.3004452884197235,4.132946065649548e-16,0.20328758691860205,0.24992505672682688,1.5714948314519963e-15,0.36698503757811596,True,False,False,Stim8hr,24
TANK-3,TANK,375,29,1.1939303874969482,1.6529765129089355,1.3993518352508545,0.7410416603088379,0.3003857433795929,5.380143641144437e-42,0.06456985314634069,0.405356081133689,1.0148788029417336e-40,0.18528314461264073,True,False,False,Stim8hr,24
ZNF221-2,ZNF221,80,15,0.006873624864965677,0.08758088946342468,0.05248407647013664,0.40214940905570984,0.299602746963501,0.005176629366029853,0.19974541707612709,0.7450035738383913,0.007699240676322093,0.3621462930881652,True,False,False,Stim8hr,24
PAIP2-4,PAIP2,76,11,0.24742382764816284,0.7096177339553833,0.4107620120048523,0.8871201276779175,0.2994457185268402,5.919936192304177e-09,0.21852911218247045,0.3375481055881967,1.3975820058388432e-08,0.38656552959499685,True,False,False,Stim8hr,24
PNISR-4,PNISR,64,21,0.819252073764801,0.8525048494338989,1.001190185546875,0.05911458656191826,0.29772526025772095,0.3120201561777548,0.10260203489279149,5.036409413874108,0.36103588986815616,0.24572593864547335,False,False,False,Stim8hr,24
KLF11-3,KLF11,128,13,0.0665094181895256,0.11697070300579071,0.1434154212474823,0.174190953373909,0.2973208725452423,0.04894620884164511,0.17749214397422391,1.7068674738063419,0.06511007553857641,0.33506690706902426,False,False,False,Stim8hr,24
SMC4-4,SMC4,96,21,1.1449030637741089,1.3964290618896484,1.379551887512207,0.2796429693698883,0.29608461260795593,0.006880265606050118,0.09033849187205535,1.0587951246373728,0.010085666072250117,0.22793517627903986,True,False,False,Stim8hr,24
SHFM1-1,SEM1,71,10,0.8960027694702148,1.4113444089889526,1.0819613933563232,0.835036039352417,0.2952616810798645,4.367623899184446e-09,0.20736704109338655,0.3535915423588716,1.0380824596279197e-08,0.3720631808446404,True,False,False,Stim8hr,24
FAM231C-1,NBPF1,80,16,0.004760431591421366,0.005002685822546482,0.04149274528026581,0.004579736385494471,0.2943751811981201,0.48078205056889767,0.1949958406055513,64.27775671335647,0.5385817466830611,0.3548983875387463,False,False,False,Stim8hr,24
FAM86A-1,EEF2KMT,771,68,0.23472587764263153,0.5170495510101318,0.3660706579685211,0.5774299502372742,0.2941274344921112,9.584285463562608e-38,0.017966001585861906,0.5093733609959963,1.3477247959126039e-36,0.08262267442897164,True,False,False,Stim8hr,24
SHARPIN-3,SHARPIN,96,10,0.372806578874588,0.8530896306037903,0.5385728478431702,0.8907202482223511,0.2938862144947052,6.6867836984015e-12,0.22205420074386656,0.3299422182006378,1.9041084360617526e-11,0.38934120872197653,True,False,False,Stim8hr,24
LFNG-1,LFNG,48,10,0.186595618724823,1.1169630289077759,0.3260778784751892,1.3805876970291138,0.2932865023612976,1.3254315934233727e-09,0.2273991419175616,0.21243598142473727,3.258387776076403e-09,0.39632421877060736,True,False,False,Stim8hr,24
SNX32-3,SNX32,128,11,0.023045288398861885,0.12776385247707367,0.0919315293431282,0.41880062222480774,0.2931458353996277,0.00021843648577858803,0.23546596282091814,0.6999651381660796,0.00036821878400427195,0.4070074366493201,True,False,False,Stim8hr,24
C6orf57-1,SDHAF4,103,10,0.23805302381515503,0.23985040187835693,0.3752438426017761,0.004883051849901676,0.2930843234062195,0.4793262417988834,0.22065769656032364,60.020727285974026,0.5372621962424006,0.3886946475971793,False,False,False,Stim8hr,24
ACAT1-3,ACAT1,91,11,0.8838823437690735,2.3132901191711426,1.1310466527938843,1.8486740589141846,0.29268667101860046,4.205762416555515e-26,0.22448232164196258,0.15832248503043822,2.9146385779247627e-25,0.3925067685852531,True,False,False,Stim8hr,24
FPGS-2,FPGS,98,12,0.5981024503707886,0.6616355776786804,0.754313051700592,0.12353433668613434,0.2923552095890045,0.10852650128580212,0.17130339681263973,2.366590677795082,0.1370581255624418,0.3311409535228894,False,False,False,Stim8hr,24
VPS37B-4,VPS37B,49,19,0.199895441532135,0.20980586111545563,0.3164900839328766,0.028750699013471603,0.2909245193004608,0.41280534576925987,0.1242228660860374,10.118867689587075,0.4685407314616167,0.27724051567038505,False,False,False,Stim8hr,24
PPP2R5A-4,PPP2R5A,108,14,0.835504949092865,1.4771311283111572,1.0141290426254272,1.0947288274765015,0.29044538736343384,3.435090000100286e-20,0.16048761615213522,0.26531263274846784,1.6729840088649628e-19,0.3311409535228894,True,False,False,Stim8hr,24
IL10RB-4,IL10RB,46,11,0.3547344207763672,1.0508131980895996,0.5452456474304199,1.0247520208358765,0.29031333327293396,6.152941868661308e-07,0.2256419055901076,0.2833010595442684,1.270337757934505e-06,0.39416983230567526,True,False,False,Stim8hr,24
SEC13-4,SEC13,80,10,1.2000480890274048,1.929490089416504,1.3927472829818726,1.1584097146987915,0.2888127565383911,1.1390172852215003e-15,0.21362318963226917,0.2493183136102134,4.231104555188801e-15,0.37912853270260066,True,False,False,Stim8hr,24
C1GALT1C1-4,C1GALT1C1,103,11,0.5053637027740479,0.7773892283439636,0.6707525253295898,0.4441463351249695,0.28869161009788513,7.294821501977047e-05,0.20164326754711587,0.649992102302625,0.0001275274626950508,0.3650621531178517,True,False,False,Stim8hr,24
DND1-4,DND1,120,14,0.009319647215306759,0.01804169826209545,0.0527169369161129,0.08824144303798676,0.28790247440338135,0.20206104124589874,0.21262093214812328,3.2626673419137444,0.24019982984872132,0.37785493080457244,False,False,False,Stim8hr,24
MCTP2-2,MCTP2,115,11,0.4461457133293152,1.0039435625076294,0.6735343337059021,0.90095055103302,0.28754040598869324,3.283703998586305e-14,0.23119635916682157,0.3191522616407777,1.0834542118202424e-13,0.40183117204454005,True,False,False,Stim8hr,24
PGAP2-3,PGAP2,44,10,0.5703116059303284,0.6248881816864014,0.734408974647522,0.1069648414850235,0.28734079003334045,0.23076720335847745,0.207502083390476,2.686310623604037,0.2719831683594125,0.3721066284413372,False,False,False,Stim8hr,24
HPS1-3,HPS1,202,16,0.29618263244628906,0.6217625141143799,0.42477551102638245,0.7302520871162415,0.286851167678833,6.684145793351261e-19,0.15010523493672212,0.39281115759847474,3.0844381602493228e-18,0.31929021289689713,True,False,False,Stim8hr,24
CEP78-2,CEP78,167,24,0.3876572549343109,0.8869649767875671,0.5363377332687378,0.7407668232917786,0.2864369750022888,3.971394045414287e-13,0.10536644798019285,0.38667630082221566,1.2198078454024661e-12,0.24952780604952368,True,False,False,Stim8hr,24
ZNF575-4,ZNF575,239,27,0.025106923654675484,0.019605189561843872,0.08147267997264862,-0.04233839735388756,0.28599658608436584,0.7559583942852928,0.11902863288384333,,0.8190784843657123,0.26972216271222016,False,False,False,Stim8hr,24
THYN1-2,THYN1,61,11,0.5057765245437622,0.9209303855895996,0.6939939260482788,0.6369643807411194,0.2857738733291626,4.2233092009881566e-05,0.221107769589663,0.44864969214865613,7.52605376968719e-05,0.38894399283167697,True,False,False,Stim8hr,24
TCP11L1-2,TCP11L1,43,11,0.3612265884876251,0.37123191356658936,0.5149779915809631,0.021584874019026756,0.28532642126083374,0.44426051943894473,0.2098865020858261,13.218813369460605,0.5018858979463626,0.3751374059019822,False,False,False,Stim8hr,24
RPA3-4,RPA3,116,13,0.4414542317390442,0.5792096257209778,0.6265630125999451,0.2567747235298157,0.28524893522262573,0.0063017287801768246,0.20453549635003748,1.1108918015814893,0.009258656988200524,0.3681833637295772,True,False,False,Stim8hr,24
RBMXL1-4,RBMXL1,165,14,0.3126632869243622,0.9573525190353394,0.4695117771625519,1.1835001707077026,0.2849462926387787,2.8770793049379083e-27,0.19060520363385186,0.24076573851982475,2.1900916677549e-26,0.3501214524107193,True,False,False,Stim8hr,24
GABARAPL2-1,GABARAPL2,45,13,0.4839596748352051,0.5928859114646912,0.6259238719940186,0.22599999606609344,0.28490039706230164,0.06608844008399069,0.16705426106930327,1.260621247882601,0.0863683669499128,0.3311409535228894,False,False,False,Stim8hr,24
DEFB124-3,METRNL,166,12,0.10711874067783356,0.09692474454641342,0.2387268990278244,-0.03286677598953247,0.2846193015575409,0.6673731841736269,0.22097512949986942,,0.7294324768794277,0.38894399283167697,False,False,False,Stim8hr,24
LATS1-3,LATS1,23,10,0.6850168108940125,0.88648921251297,0.8468552827835083,0.3071337640285492,0.2838224172592163,0.10365929609841432,0.20234788871782478,0.924100344867437,0.13125425606174465,0.36581248333212874,False,False,False,Stim8hr,24
SEH1L-1,SEH1L,41,13,1.2666840553283691,1.8437294960021973,1.450876235961914,0.890236496925354,0.28257569670677185,1.6839975534559036e-06,0.17809144215710698,0.31741643673643466,3.351527812256294e-06,0.3357636262403682,True,False,False,Stim8hr,24
XYLT2-2,XYLT2,265,19,0.44636452198028564,1.2193561792373657,0.6397083401679993,1.2132761478424072,0.28231722116470337,1.1960080132183506e-43,0.1621127278176589,0.23268999532114237,2.473242239099124e-42,0.3311409535228894,True,False,False,Stim8hr,24
TPCN2-1,TPCN2,74,10,0.030396629124879837,0.1295958012342453,0.0993829146027565,0.48380523920059204,0.2818681597709656,0.0005518655836301849,0.2525601694235123,0.5826066708924152,0.0008993106666236515,0.43065038807922607,True,False,False,Stim8hr,24
SYAP1-3,SYAP1,42,10,0.8171793222427368,0.900475800037384,0.9702466130256653,0.137643963098526,0.2817164361476898,0.19583102802012226,0.17754470697152952,2.0467039004539287,0.23343976120647744,0.33506690706902426,False,False,False,Stim8hr,24
XPO6-3,XPO6,48,10,0.8003120422363281,1.184572696685791,0.9948596954345703,0.6816263198852539,0.28130581974983215,1.2125800481329266e-05,0.23144287810446096,0.41269800115287164,2.261961913232044e-05,0.4020748575981035,True,False,False,Stim8hr,24
RNF141-2,RNF141,72,11,0.31108877062797546,1.0444130897521973,0.4913940727710724,1.2649095058441162,0.28088393807411194,1.5321665246670377e-13,0.2354187865532965,0.22205852416823188,4.828759536175578e-13,0.4070074366493201,True,False,False,Stim8hr,24
NINJ1-4,NINJ1,29,12,1.1268008947372437,1.4770411252975464,1.3681288957595825,0.5016471743583679,0.28087806701660156,0.004197837939412928,0.2039260871717844,0.559911590005184,0.006304092936586327,0.36765699333917123,True,False,False,Stim8hr,24
LRRC41-2,LRRC41,72,11,0.9808615446090698,1.0185049772262573,1.1488685607910156,0.06405772268772125,0.28083035349845886,0.29224900200889226,0.18832405497099308,4.384020251039757,0.33958139746646226,0.34777420698256634,False,False,False,Stim8hr,24
LEUTX-1,LEUTX,256,24,0.0007598024094477296,0.4932403266429901,0.03619198501110077,0.6842926740646362,0.2800174653530121,1.1347933709074185e-13,0.1688826541123537,0.40920716524660977,3.5998736384733283e-13,0.3311409535228894,True,False,False,Stim8hr,24
CCDC12-3,CCDC12,112,11,0.6131076216697693,0.7808071970939636,0.7623666524887085,0.3210631310939789,0.27971571683883667,0.0004342270796337111,0.1906134506910817,0.8712171836290996,0.000714838704531103,0.3501214524107193,True,False,False,Stim8hr,24
FUZ-4,FUZ,168,11,0.10207349807024002,0.2957773506641388,0.21721826493740082,0.53769850730896,0.27892565727233887,2.0144364850196402e-08,0.24014876296084625,0.5187398764937784,4.614825762778998e-08,0.41340128425940853,True,False,False,Stim8hr,24
PAK1IP1-4,PAK1IP1,94,10,0.848174512386322,1.0255253314971924,1.0396634340286255,0.26261115074157715,0.27842700481414795,0.011381704444175918,0.22434188352465478,1.0602253713443204,0.016264985619227006,0.3924426473127865,True,False,False,Stim8hr,24
STK40-3,STK40,64,10,0.7436339855194092,0.9645289778709412,0.9188596606254578,0.36697861552238464,0.27749186754226685,0.003281033886980405,0.21930562744803894,0.7561526906609103,0.005008984619405142,0.3870340098033053,True,False,False,Stim8hr,24
KAT8-2,KAT8,42,10,0.42531317472457886,0.8122572302818298,0.5659856796264648,0.7752082347869873,0.27718386054039,9.257682620114403e-06,0.21304340462750843,0.3575605212921338,1.7378378005816697e-05,0.37827706868602673,True,False,False,Stim8hr,24
ZZEF1-1,ZZEF1,159,19,0.39669492840766907,0.7445634603500366,0.534150242805481,0.705020010471344,0.2770540118217468,1.048035736061257e-14,0.13455082938941026,0.3929732599171494,3.6185305279900725e-14,0.2936360281308423,True,False,False,Stim8hr,24
SYNJ1-3,SYNJ1,41,10,0.0943618044257164,0.1533646285533905,0.2064787894487381,0.21783806383609772,0.2765287756919861,0.10077108083410437,0.25481946690618457,1.2694235838418373,0.12789030836412263,0.43333058625862864,False,False,False,Stim8hr,24
AAMP-1,AAMP,114,18,1.2346243858337402,1.3723781108856201,1.373855710029602,0.23336078226566315,0.2764900326728821,0.007097350152118535,0.07786652854002162,1.1848179029418904,0.010388135139380158,0.2109535894973938,True,False,False,Stim8hr,24
PQLC2-1,SLC66A1,163,14,0.11641260981559753,0.5877072215080261,0.2219051569700241,0.9447506070137024,0.2756243646144867,5.5137513990427244e-17,0.20561874135995722,0.2917429875866585,2.2140889574349133e-16,0.36942996666192784,True,False,False,Stim8hr,24
CDCA8-1,CDCA8,74,11,0.40193814039230347,0.42788827419281006,0.56950843334198,0.04423004761338234,0.2740532159805298,0.35753141627027285,0.2082161475266242,6.196086840693602,0.4102593432395089,0.3730333822575522,False,False,False,Stim8hr,24
PRMT10-2,PRMT9,63,16,0.2292626053094864,0.3792797923088074,0.35844406485557556,0.3606506884098053,0.27365779876708984,0.005384773578003613,0.18196395378044972,0.758789065324434,0.007990375835049874,0.3403499867446394,True,False,False,Stim8hr,24
MCM6-2,MCM6,88,14,1.1705594062805176,1.9302188158035278,1.4182058572769165,1.0106266736984253,0.2734949588775635,2.2222828548899714e-15,0.1937082257895259,0.27061917718508127,8.074923274616325e-15,0.3534725931970482,True,False,False,Stim8hr,24
STYX-4,STYX,129,12,0.5880050659179688,1.182060956954956,0.7574279308319092,0.8386197686195374,0.27263522148132324,5.259081924337406e-13,0.21119432015321943,0.32509992213767097,1.6051199527555443e-12,0.37623029619381815,True,False,False,Stim8hr,24
PNPLA6-1,PNPLA6,68,11,0.34370970726013184,0.3568713665008545,0.48266080021858215,0.030421188101172447,0.27199146151542664,0.3998086610859914,0.220095245020124,8.940855978762512,0.4548573381640273,0.3880653690751091,False,False,False,Stim8hr,24
TSHZ1-3,TSHZ1,48,12,0.14635518193244934,0.3347209692001343,0.25799402594566345,0.4710480570793152,0.2704530954360962,0.004112908847339385,0.2253550764370767,0.5741518118406276,0.006183755253756377,0.39385069273799633,True,False,False,Stim8hr,24
EFCC1-1,EFCC1,15,41,0.004709408152848482,0.975615382194519,0.05539596453309059,1.5570930242538452,0.2695172429084778,0.00038608426127733606,0.10923882677728879,0.17309000728304574,0.0006385747811631559,0.2545901316252471,True,False,False,Stim8hr,24
ERMN-4,ERMN,163,12,0.02320137433707714,0.04017040878534317,0.08435044437646866,0.09517933428287506,0.26949623227119446,0.15710185547340055,0.24181764721822469,2.831457419845423,0.1944041200370048,0.4155176473327241,False,False,False,Stim8hr,24
TUBGCP6-3,TUBGCP6,82,20,0.3311304450035095,1.2972263097763062,0.490499347448349,1.4107577800750732,0.2693594992160797,2.0074069877956698e-16,0.1637417380320268,0.19093249246638624,7.754887933871983e-16,0.3311409535228894,True,False,False,Stim8hr,24
PQBP1-1,PQBP1,76,10,0.7274389266967773,0.9667102694511414,0.9066171646118164,0.3794901669025421,0.2693108022212982,0.0019201273135158337,0.237650989104416,0.7096647705511185,0.003000053463178072,0.4098677622761384,True,False,False,Stim8hr,24
HSP90B1-4,HSP90B1,64,12,1.080685019493103,1.1831486225128174,1.2527484893798828,0.16304947435855865,0.2689591944217682,0.09905399801168785,0.1901937731613536,1.6495557282834639,0.12600059549710424,0.34986033564992186,False,False,False,Stim8hr,24
SEC31A-4,SEC31A,115,13,0.9604898691177368,0.9652203321456909,1.126600742340088,0.008178070187568665,0.2687758803367615,0.4651445396300138,0.18917646006502625,32.865440644581746,0.5231861357618567,0.3486044490735964,False,False,False,Stim8hr,24
MTIF2-4,MTIF2,56,10,0.8757385611534119,1.1341339349746704,1.023389220237732,0.4226577877998352,0.2679564654827118,0.001705388149020903,0.19121358044910497,0.6339797188585395,0.0026688530846879126,0.35088659618390766,True,False,False,Stim8hr,24
NUDT16-4,NUDT16,91,17,0.15572038292884827,0.3694673478603363,0.28443560004234314,0.461109459400177,0.26734331250190735,0.0003078336562046886,0.19593303359711056,0.5797827545105546,0.0005126583757724078,0.3560878102182951,True,False,False,Stim8hr,24
ZNF444-1,ZNF444,98,11,0.29485759139060974,0.37551069259643555,0.40359610319137573,0.18298767507076263,0.26646339893341064,0.045396341307334005,0.19610205507785278,1.4561822200886883,0.060680142355845346,0.3562238099444953,False,False,False,Stim8hr,24
CRTC2-1,CRTC2,107,12,0.578231155872345,0.5956079363822937,0.7012743949890137,0.03227223455905914,0.2651676833629608,0.3729101056417462,0.15183686218260548,8.216588872322928,0.42676631503895607,0.3215268828525274,False,False,False,Stim8hr,24
ZNF700-3,ZNF700,79,15,0.13494239747524261,0.17250747978687286,0.23167845606803894,0.11635550856590271,0.26483291387557983,0.166073979810618,0.19300734499032274,2.276066832930225,0.20131914731274603,0.3528051129789273,False,False,False,Stim8hr,24
ZDHHC5-4,ZDHHC5,64,13,0.6836337447166443,1.4158825874328613,0.8340049982070923,1.141672968864441,0.2643377184867859,1.6706367085356027e-11,0.19149649920570339,0.23153540961008126,4.634398961195965e-11,0.351231697379229,True,False,False,Stim8hr,24
LOC100653515-1,CEP295NL,191,27,0.0006652702577412128,0.009204358793795109,0.03203456476330757,0.14812903106212616,0.2640148103237152,0.06656577975145396,0.16824601277122248,1.7823299621327158,0.08693342461968,0.3311409535228894,False,False,False,Stim8hr,24
CLN6-4,CLN6,81,10,1.0597091913223267,1.8953642845153809,1.246042251586914,1.3895145654678345,0.263728529214859,6.213177167169422e-21,0.23894510201920316,0.18979903900904016,3.182298821913133e-20,0.41189169363565464,True,False,False,Stim8hr,24
FXR2-2,FXR2,147,17,0.8179903030395508,1.0892741680145264,0.9660282135009766,0.42756932973861694,0.2636617124080658,2.605141727626418e-06,0.14375160708609538,0.6166525381258013,5.113747746564142e-06,0.30907821375759675,True,False,False,Stim8hr,24
SNRK-2,SNRK,84,13,0.4507514536380768,0.5471795201301575,0.5694226026535034,0.19462576508522034,0.26296788454055786,0.04130098983184264,0.1592180494518155,1.3511463111033255,0.055803957959376475,0.3311409535228894,False,False,False,Stim8hr,24
PPFIA3-4,PPFIA3,100,14,0.017163971439003944,0.4618144929409027,0.07031162828207016,1.0155587196350098,0.2627590000629425,3.62896261657543e-11,0.23160298663568069,0.2587334390249514,9.813425481326705e-11,0.4021682715592949,True,False,False,Stim8hr,24
PCMTD2-3,PCMTD2,37,13,0.2059711515903473,0.5097770690917969,0.32624486088752747,0.6687313318252563,0.2624826729297638,0.000645818861033567,0.21713625325595654,0.3925084117314129,0.0010462427882768344,0.38464136291055157,True,False,False,Stim8hr,24
LOXL1-4,LOXL1,51,12,0.027721131220459938,0.26215824484825134,0.09383177757263184,0.613548755645752,0.26227161288261414,0.0011321954504490645,0.24786889530199446,0.4274666201654614,0.001797290561119266,0.4241810687928249,True,False,False,Stim8hr,24
AARS-3,AARS1,109,11,0.195732980966568,0.23546874523162842,0.32250234484672546,0.10537829995155334,0.26208603382110596,0.15516699862446565,0.24643331869490087,2.4870968115978096,0.19225593837898386,0.42262606424285903,False,False,False,Stim8hr,24
SMYD4-3,SMYD4,169,20,0.2763032019138336,0.6557199358940125,0.3931073248386383,0.7261756062507629,0.26108986139297485,7.769581723258049e-14,0.14511959860536297,0.35954094181293017,2.4954296116145244e-13,0.3114333342707268,True,False,False,Stim8hr,24
TRIB1-2,TRIB1,106,11,0.19568215310573578,0.7265591621398926,0.38036566972732544,0.9748913049697876,0.26098141074180603,1.7250470936303803e-13,0.2595069504607026,0.26770308588391195,5.414575577166137e-13,0.43893349134274473,True,False,False,Stim8hr,24
PPP1R37-4,PPP1R37,113,12,0.12210417538881302,0.15505409240722656,0.21414096653461456,0.10972344130277634,0.2593715786933899,0.13596706692003122,0.22906781850107671,2.363866605110088,0.169607950896697,0.398864866285024,False,False,False,Stim8hr,24
EMC10-4,EMC10,72,11,1.2038583755493164,1.4839105606079102,1.3682007789611816,0.456702321767807,0.2592679262161255,0.00021872398107252545,0.22159449514092366,0.5676956605181009,0.0003685427602646867,0.38934120872197653,True,False,False,Stim8hr,24
FAM90A1-1,FAM90A1,261,24,0.004613038618117571,0.10344114154577255,0.056567903608083725,0.46070316433906555,0.2592085003852844,8.869693256717001e-08,0.18396012678064783,0.5626366833341603,1.9432920013441725e-07,0.3420536870621485,True,False,False,Stim8hr,24
TMEM109-4,TMEM109,62,10,0.9197783470153809,1.1467125415802002,1.1204904317855835,0.3613488972187042,0.2587805688381195,0.004065599765951394,0.25309441324308857,0.7161515389418613,0.00611976422535385,0.4311725544528653,True,False,False,Stim8hr,24
SMCO2-1,SMCO2,118,21,0.004903109278529882,0.018134599551558495,0.040983423590660095,0.15990209579467773,0.2585848569869995,0.07705191222532494,0.1945649517912093,1.6171448892016735,0.10002005524515996,0.35462392659004993,False,False,False,Stim8hr,24
ZNF543-3,ZNF543,190,17,0.09683724492788315,0.13502387702465057,0.18716281652450562,0.1265917271375656,0.2576564848423004,0.06001588173815085,0.19465918163091145,2.0353343039731846,0.07885878854278945,0.35462477115997454,False,False,False,Stim8hr,24
LYPLA2-3,LYPLA2,105,11,0.273315966129303,0.8855972290039062,0.41644564270973206,1.1628960371017456,0.257538765668869,4.8509537926888364e-17,0.25054207682264523,0.22146327569464072,1.9622006607037376e-16,0.42798109057960443,True,False,False,Stim8hr,24
NFX1-3,NFX1,107,11,0.5964453220367432,0.6112321615219116,0.7887622714042664,0.027733396738767624,0.25750496983528137,0.3858612098281345,0.2490028576353731,9.285013742125697,0.4402848328136312,0.42573635062250503,False,False,False,Stim8hr,24
FGD3-4,FGD3,327,34,0.618901789188385,1.2231801748275757,0.7828677892684937,0.9845340251922607,0.25744301080703735,4.930905653377163e-44,0.09531777118082202,0.2614871647089735,1.0419569487218302e-42,0.23430101745604892,True,False,False,Stim8hr,24
CNP-1,CNP,87,12,0.9310210347175598,0.9672294855117798,1.0878956317901611,0.05865630879998207,0.25728729367256165,0.3017132931995216,0.20437470491801474,4.386353300033095,0.3496329951461043,0.36806911142853893,False,False,False,Stim8hr,24
ZNF575-2,ZNF575,104,11,0.025106923654675484,0.011705458164215088,0.07811624556779861,-0.1173301413655281,0.2556329071521759,0.944106172230868,0.25640225787313975,,0.9861854586755178,0.4344593813961535,False,False,False,Stim8hr,24
SENP5-3,SENP5,37,12,0.5807713866233826,0.5422365069389343,0.7029038071632385,-0.0714186280965805,0.2555943429470062,0.6614515930952996,0.17380035571599273,,0.7235737794906715,0.331791569886432,False,False,False,Stim8hr,24
PDE3B-4,PDE3B,74,12,0.4242003560066223,1.1896986961364746,0.573920726776123,1.307011604309082,0.2554187774658203,8.023969054598049e-16,0.22170681054620905,0.19542196612771534,2.9979409018483727e-15,0.38934120872197653,True,False,False,Stim8hr,24
PPIL2-1,PPIL2,61,11,0.26644429564476013,0.633726179599762,0.37674981355667114,0.6996583938598633,0.2546086609363556,1.2680866586884343e-05,0.22630071378615646,0.36390424694504836,2.3598128532955607e-05,0.39495583735082773,True,False,False,Stim8hr,24
TRAPPC2L-4,TRAPPC2L,46,10,0.6032822728157043,0.920150101184845,0.762200653553009,0.5175075531005859,0.25376227498054504,0.0015274555714032574,0.248763248308774,0.4903547271149147,0.0023962152919336293,0.42551904346620684,True,False,False,Stim8hr,24
CTNND1-1,CTNND1,93,11,0.07376809418201447,0.4080767333507538,0.1466374546289444,0.6907684803009033,0.2536235451698303,1.2981786481880322e-06,0.24174323520917618,0.367161433103245,2.609177147891435e-06,0.4155176473327241,True,False,False,Stim8hr,24
NDUFB11-4,NDUFB11,77,13,1.144663691520691,2.3634157180786133,1.3075047731399536,1.7808576822280884,0.25300753116607666,1.438925826575205e-22,0.21114573407820791,0.14207060659082582,8.099455853517202e-22,0.37623029619381815,True,False,False,Stim8hr,24
MCTS1-4,MCTS1,156,11,0.8287944197654724,1.0952750444412231,0.9888805150985718,0.4174402058124542,0.2526610791683197,2.7815288648318025e-06,0.23220482663812325,0.6052629230492336,5.437902993076127e-06,0.4028434194244872,True,False,False,Stim8hr,24
KIAA1279-1,KIFBP,99,15,0.19999706745147705,0.5798963904380798,0.3072217106819153,0.7322608232498169,0.2518993020057678,2.769339100662557e-08,0.20367018380715934,0.3440021560730558,6.28095853505109e-08,0.3675003030337198,True,False,False,Stim8hr,24
C1orf53-2,C1orf53,234,18,0.05511198192834854,0.10891241580247879,0.14038309454917908,0.23906876146793365,0.25177276134490967,0.0005001052660564256,0.20837233473211186,1.053139522700376,0.0008187582827435216,0.3731364441083556,True,False,False,Stim8hr,24
ERAL1-4,ERAL1,71,13,0.6717235445976257,0.8152499198913574,0.8392301797866821,0.2578924894332886,0.24998347461223602,0.01951852724371778,0.2269374155952683,0.9693321242567692,0.027307577732075487,0.3958843661352882,True,False,False,Stim8hr,24
ARRDC2-1,ARRDC2,115,19,0.1796456128358841,0.1470377892255783,0.2705234885215759,-0.10302858799695969,0.24809221923351288,0.8881197038890879,0.15956469579826277,,0.9380931152524181,0.3311409535228894,False,False,False,Stim8hr,24
ATP11B-4,ATP11B,143,13,1.1305978298187256,1.4120368957519531,1.274871587753296,0.4458845555782318,0.24604368209838867,7.000280162443894e-07,0.19358654789840685,0.5518102814288205,1.44143149031792e-06,0.3534725931970482,True,False,False,Stim8hr,24
WBP2-1,WBP2,79,12,0.38470298051834106,0.6163558959960938,0.5085108280181885,0.44336771965026855,0.24600952863693237,0.00030744037535959223,0.2224308892316007,0.5548656740977588,0.000512224011855038,0.389663753994078,True,False,False,Stim8hr,24
SPTLC1-3,SPTLC1,137,13,0.4698641002178192,0.8200404047966003,0.5972492694854736,0.5833342671394348,0.24487271904945374,1.543569460321214e-08,0.21153629989499512,0.4197811320947508,3.55296613277508e-08,0.3766620933158529,True,False,False,Stim8hr,24
ANKRD36-4,ANKRD36,85,13,0.09215781092643738,0.305221825838089,0.15535816550254822,0.6004452109336853,0.24442541599273682,1.0046148114551345e-05,0.20407921881027186,0.4070736372643528,1.8840181745378298e-05,0.36771205599830786,True,False,False,Stim8hr,24
C20orf96-3,C20orf96,119,13,0.09554783254861832,0.49308982491493225,0.1668376922607422,0.7408391833305359,0.24359388649463654,8.114758483170196e-09,0.22289432154250755,0.32880804900130894,1.8960586739830297e-08,0.3902714463304461,True,False,False,Stim8hr,24
IREB2-1,IREB2,96,10,0.6133613586425781,0.7785718441009521,0.763426661491394,0.2885423004627228,0.2429758459329605,0.004814446079401141,0.2557376974182276,0.8420805044643738,0.007190986090785714,0.4339165417836415,True,False,False,Stim8hr,24
TMEM203-3,TMEM203,25,14,0.14977186918258667,0.11347824335098267,0.24027301371097565,-0.13214325904846191,0.2424997240304947,0.7758854023354005,0.22144317731137952,,0.8390741336204112,0.38934120872197653,False,False,False,Stim8hr,24
GCH1-2,GCH1,21,12,0.1967376321554184,0.5684536099433899,0.29510337114334106,0.7588217258453369,0.24233941733837128,0.004821554147776017,0.23316499765156773,0.3193627819082303,0.007196043955789216,0.40376832468783386,True,False,False,Stim8hr,24
RUNX3-3,RUNX3,176,12,0.9357421398162842,1.4705040454864502,1.1430503129959106,0.754008412361145,0.24152332544326782,3.566938088196904e-17,0.2492936447036223,0.32031913899600656,1.4488812591446878e-16,0.4260409237546767,True,False,False,Stim8hr,24
BACH1-2,BACH1,98,14,0.32921651005744934,1.1480928659439087,0.4573327898979187,1.2187782526016235,0.24067820608615875,3.0923318044757815e-16,0.22035894597308398,0.19747497592150434,1.1804587451044271e-15,0.3883492701165907,True,False,False,Stim8hr,24
ORAI1-3,ORAI1,57,15,0.84755539894104,0.8347440361976624,0.9949015378952026,-0.02143423818051815,0.24062466621398926,0.5628606557013552,0.1926205632318877,,0.6240201134166115,0.35226836080415824,False,False,False,Stim8hr,24
DYNC1LI2-1,DYNC1LI2,107,10,0.5768557190895081,0.6840200424194336,0.7067158818244934,0.18942081928253174,0.24052631855010986,0.03404526115999924,0.23766261308079628,1.2697987447269532,0.04643845675686669,0.4098677622761384,True,False,False,Stim8hr,24
ATP6V0C-3,ATP6V0C,80,10,0.5929521322250366,1.1894418001174927,0.7555573582649231,0.8959051966667175,0.24039116501808167,8.981925151474071e-10,0.26880427030437837,0.26832210139250784,2.2307710058285314e-09,0.45102828318152577,True,False,False,Stim8hr,24
KLHDC4-3,KLHDC4,62,13,0.5422073006629944,1.0362735986709595,0.6988096237182617,0.9089294672012329,0.23993690311908722,1.9420151982287784e-09,0.23667221869573746,0.2639774721551263,4.723127529277161e-09,0.40853232820962077,True,False,False,Stim8hr,24
TMEM79-1,TMEM79,96,11,0.07974420487880707,0.07553941011428833,0.15486811101436615,-0.016779161989688873,0.23972338438034058,0.5617683625929818,0.2606753430291257,,0.6230320906883914,0.44031895816710737,False,False,False,Stim8hr,24
PGS1-3,PGS1,317,65,0.3165936768054962,0.3412252366542816,0.43119677901268005,0.05815217271447182,0.23956720530986786,0.14812029223185763,0.04100634951449571,4.119660437902243,0.18399652106026132,0.1391931158375993,False,False,False,Stim8hr,24
PPIF-2,PPIF,51,10,0.9991917610168457,1.7525558471679688,1.1770970821380615,0.8965288996696472,0.23953542113304138,1.2354616730383313e-06,0.2612513588844307,0.26718092547970884,2.488297025853764e-06,0.4407014448264571,True,False,False,Stim8hr,24
TMEM106C-1,TMEM106C,28,17,1.0026922225952148,2.7378995418548584,1.1764276027679443,1.9628297090530396,0.23892399668693542,9.63275754061385e-10,0.1798705126310577,0.12172426145017108,2.3908776257736682e-09,0.3384429247615225,True,False,False,Stim8hr,24
GTPBP1-4,GTPBP1,103,11,0.7442312240600586,0.8029756546020508,0.8690319061279297,0.09675447642803192,0.23860964179039001,0.17882041050639452,0.20189160742027418,2.4661354244201097,0.215353013836259,0.3651900242328066,False,False,False,Stim8hr,24
AVL9-3,AVL9,12,10,0.47729364037513733,0.9716907143592834,0.6128608584403992,0.9299676418304443,0.23782916367053986,0.005719548635153466,0.2584793022939952,0.2557391816369261,0.008454699759991762,0.43739092674536456,True,False,False,Stim8hr,24
ZNF510-3,ZNF510,80,10,0.1430170238018036,0.190738707780838,0.2448781430721283,0.1378619223833084,0.2376934438943863,0.13169024371834046,0.27572914386615,1.7241413712011675,0.16448519782261709,0.4578159327421026,False,False,False,Stim8hr,24
ADAP1-1,ADAP1,171,17,0.051161836832761765,0.3888722062110901,0.12407907098531723,0.8147581815719604,0.2374403029680252,1.105552869352956e-13,0.22593450350181493,0.2914242634666372,3.512878344936632e-13,0.39449874988174705,True,False,False,Stim8hr,24
DOCK4-1,DOCK4,185,19,0.009187186136841774,0.20317675173282623,0.04513344168663025,0.5710616111755371,0.23705174028873444,4.233781933009823e-08,0.21808528046339593,0.41510711917889315,9.48553576764136e-08,0.3861416342287282,True,False,False,Stim8hr,24
ARHGAP27-2,ARHGAP27,73,15,0.3524180054664612,1.223524570465088,0.5194308161735535,1.0890092849731445,0.2369375377893448,2.6179979839423543e-10,0.23934694531676953,0.21757164154499176,6.708945131812514e-10,0.4123964224091218,True,False,False,Stim8hr,24
NPRL2-2,NPRL2,55,11,0.38428038358688354,0.7812957763671875,0.518008291721344,0.5869269967079163,0.23659436404705048,0.0004556064173425424,0.25638184613269155,0.40310697135097273,0.0007487590377660907,0.4344593813961535,True,False,False,Stim8hr,24
AGO3-2,AGO3,142,11,0.13237906992435455,0.14100085198879242,0.2720193564891815,0.029675235971808434,0.2362598180770874,0.36035526710741317,0.2834662972110534,7.961514385312217,0.41313187604635837,0.4677441256772268,False,False,False,Stim8hr,24
ARRDC4-4,ARRDC4,119,12,0.016740692779421806,0.02706989459693432,0.05305969715118408,0.0828866958618164,0.23539839684963226,0.1964923354598217,0.2539249682129437,2.840002178903041,0.2341558894370202,0.4323927193972774,False,False,False,Stim8hr,24
ZNF500-3,ZNF500,213,10,0.05653875693678856,0.25037097930908203,0.11343635618686676,0.5905884504318237,0.2347365766763687,8.242687278615018e-11,0.26918441323724374,0.3974621862393941,2.1801964231466672e-10,0.4512657140351311,True,False,False,Stim8hr,24
SLC25A51-1,SLC25A51,76,17,0.2658601999282837,0.9097828269004822,0.40012088418006897,1.0936604738235474,0.234597310423851,2.5335014586416112e-11,0.2219955717985096,0.21450652742681203,6.923710346690538e-11,0.38934120872197653,True,False,False,Stim8hr,24
CEBPG-1,CEBPG,36,10,0.7067848443984985,0.5647656917572021,0.8542091250419617,-0.2369641363620758,0.23447182774543762,0.9056583542794879,0.2581217712345159,,0.9547930359865812,0.4371771333671917,False,False,False,Stim8hr,24
SMYD3-1,SMYD3,55,11,0.09273388981819153,0.2907746732234955,0.16839757561683655,0.5953248739242554,0.23431441187858582,0.0002676606709617167,0.2632556110277907,0.39359083106008136,0.0004480709154151335,0.44305512867090246,True,False,False,Stim8hr,24
CEP350-4,CEP350,186,11,0.5772716403007507,0.8007917404174805,0.7011864185333252,0.3883522152900696,0.23407647013664246,1.1120019715161846e-06,0.23007890747970333,0.6027427189048095,2.2560921426301607e-06,0.4004410621666995,True,False,False,Stim8hr,24
FKBP3-4,FKBP3,84,10,0.5065367221832275,0.9164380431175232,0.6714825630187988,0.6719831228256226,0.23403967916965485,4.0412993494269656e-07,0.2802299018244357,0.34828207914737674,8.442844183810954e-07,0.4632478589793157,True,False,False,Stim8hr,24
PACSIN2-1,PACSIN2,68,13,0.3372570276260376,0.640639066696167,0.48408669233322144,0.5221225619316101,0.2336820363998413,0.00028139293194209093,0.25209771271095494,0.4475616520675274,0.0004700416707646072,0.43024979669351604,True,False,False,Stim8hr,24
KIAA1033-2,WASHC4,58,10,0.5656598806381226,1.1352678537368774,0.7165101766586304,0.848838210105896,0.23278263211250305,4.691541001799304e-07,0.27013260953629803,0.27423675011456244,9.77488634372732e-07,0.45265464300676966,True,False,False,Stim8hr,24
LYRM2-4,LYRM2,64,11,0.10972975939512253,0.28339406847953796,0.2027614265680313,0.446796178817749,0.2325511872768402,0.002569282816998861,0.2744666307534936,0.5204860701633245,0.003974166661333838,0.45728317070912455,True,False,False,Stim8hr,24
PNKD-2,PNKD,40,12,0.2483995109796524,0.6734821200370789,0.37534669041633606,0.8278078436851501,0.23147225379943848,4.3208582284733394e-05,0.2629799604704688,0.27962075446035156,7.692798696826153e-05,0.44282734216354097,True,False,False,Stim8hr,24
KRT10-4,KRT10,143,12,0.06248445808887482,0.48538005352020264,0.12576238811016083,0.9797402620315552,0.2309330254793167,2.015023574257828e-15,0.2584263790805682,0.2357084162290749,7.351034114768888e-15,0.43739092674536456,True,False,False,Stim8hr,24
EOMES-4,EOMES,54,11,0.07682374119758606,0.8885262608528137,0.18873538076877594,0.9841935634613037,0.2299400269985199,1.2509984003121974e-06,0.2831937128858245,0.2336329310972583,2.516967124873708e-06,0.4674983073479652,True,False,False,Stim8hr,24
POFUT1-3,POFUT1,164,11,0.5271924138069153,0.7582727670669556,0.6740713119506836,0.40966618061065674,0.2297414094209671,1.1618254960194803e-06,0.26220101860454237,0.5608015020388305,2.3448743179057045e-06,0.44190327089456455,True,False,False,Stim8hr,24
PUS3-2,PUS3,89,16,0.4642901122570038,0.7977369427680969,0.5922724604606628,0.5837573409080505,0.22904330492019653,1.7559888721645985e-06,0.20816390757835262,0.39236047047205164,3.484047700698051e-06,0.3730333822575522,True,False,False,Stim8hr,24
GPR3-1,GPR3,99,14,0.021032702177762985,0.034932203590869904,0.06484679877758026,0.09667549282312393,0.22789064049720764,0.1980240541536072,0.25555780107485115,2.3572741533798336,0.23590850813678343,0.43383194270555103,False,False,False,Stim8hr,24
GOLPH3L-3,GOLPH3L,82,10,0.3722795248031616,0.8177481889724731,0.5076088905334473,0.6482287049293518,0.22756275534629822,5.167958194267456e-06,0.27956666585748435,0.3510531909738547,9.868886092460371e-06,0.46303421230509706,True,False,False,Stim8hr,24
APEX2-1,APEX2,347,13,0.495380699634552,0.8440309762954712,0.6072173714637756,0.6535529494285583,0.22718198597431183,1.7258296752685857e-26,0.20962052709690632,0.34761068123546995,1.2290577079675176e-25,0.3748391647661937,True,False,False,Stim8hr,24
ZC3H4-4,ZC3H4,113,14,1.0864533185958862,1.2592569589614868,1.22823166847229,0.27229583263397217,0.22715288400650024,0.0026280338270564924,0.20526804775260138,0.8342135897167609,0.0040569288659590644,0.3689751694868529,True,False,False,Stim8hr,24
C1orf158-1,CFAP107,238,39,0.0,0.07262461632490158,0.017274171113967896,0.44105997681617737,0.22645536065101624,1.3341812685052949e-06,0.16181808723152857,0.5134343911358729,2.6787533568587617e-06,0.3311409535228894,True,False,False,Stim8hr,24
CCDC92-1,CCDC92,101,13,0.3038114309310913,1.4818707704544067,0.41557109355926514,1.7647244930267334,0.22639764845371246,6.036972254877925e-26,0.23613256703392832,0.1282906478310452,4.124553305585324e-25,0.40778692626589813,True,False,False,Stim8hr,24
ARL4A-1,ARL4A,90,13,0.04997727647423744,0.04705389216542244,0.09871093928813934,-0.016803229227662086,0.22629378736019135,0.5681508958228477,0.2400115608401096,,0.6297046472189602,0.41335324366907766,False,False,False,Stim8hr,24
SLC7A5-4,SLC7A5,170,15,1.5843086242675781,2.046391725540161,1.7553000450134277,0.5446443557739258,0.22568468749523163,2.055330588659936e-10,0.18923451452884543,0.41437074506085614,5.316363469129079e-10,0.3486044490735964,True,False,False,Stim8hr,24
ASIC3-1,ASIC3,67,18,0.006040936801582575,0.017415761947631836,0.02773541398346424,0.12757077813148499,0.2255984991788864,0.19171114272865286,0.222444221277952,1.7684183045929684,0.22916444789233403,0.389663753994078,False,False,False,Stim8hr,24
PAFAH2-2,PAFAH2,234,24,0.13420966267585754,0.22157496213912964,0.20595182478427887,0.25764763355255127,0.22553332149982452,0.0002669701032130589,0.1572454785593175,0.8753556878830151,0.0004471084405045037,0.33034188829918987,True,False,False,Stim8hr,24
ABCA7-1,ABCA7,53,10,0.041703760623931885,0.10043737292289734,0.08004739135503769,0.2686193585395813,0.22449657320976257,0.051482831586887115,0.24746905030622773,0.8357423472019899,0.06827301431635545,0.42372122032967746,False,False,False,Stim8hr,24
PIK3R1-3,PIK3R1,28,10,0.5352249145507812,0.841795027256012,0.6583110094070435,0.5351433157920837,0.22443893551826477,0.006793567840157427,0.2551713352992475,0.4193996802259692,0.009969915308496688,0.4337090745068314,True,False,False,Stim8hr,24
TMEM50A-2,TMEM50A,942,59,1.244687795639038,2.0332491397857666,1.4042425155639648,1.2110328674316406,0.2241448312997818,4.876789097580811e-163,0.07222375373339573,0.18508567135353504,1.8858543440344997e-160,0.19865471754160197,True,False,False,Stim8hr,24
TMEM120A-2,TMEM120A,282,28,0.12076602131128311,0.20421168208122253,0.1941055953502655,0.26455292105674744,0.2240285575389862,2.490807297700646e-05,0.14614660940579816,0.8468194440798912,4.519921079403284e-05,0.31262809772213157,True,False,False,Stim8hr,24
RYBP-3,RYBP,26,10,0.9724257588386536,1.4251435995101929,1.1457229852676392,0.6517329216003418,0.2238779366016388,0.0022395456544742126,0.2750870837637674,0.3435117809484022,0.003482236849960506,0.45729895549467314,True,False,False,Stim8hr,24
IFT52-3,IFT52,73,14,0.21242623031139374,0.23573674261569977,0.2948188781738281,0.06329791247844696,0.22339452803134918,0.29733895059415977,0.21201871471528294,3.529255851959026,0.3451845457663212,0.37722296714149456,False,False,False,Stim8hr,24
SUPT7L-2,SUPT7L,81,12,0.2374095916748047,0.24120104312896729,0.3465012013912201,0.00999973714351654,0.2231941968202591,0.4644806966232898,0.26379971377619865,22.320006377864637,0.5227435546688771,0.44361517007629314,False,False,False,Stim8hr,24
PM20D1-1,PM20D1,203,25,0.0026521231047809124,0.03011183813214302,0.01945621334016323,0.22837448120117188,0.22247214615345,0.009073092442820258,0.19816775845938506,0.974155014970685,0.013140692313253158,0.35963074015997804,True,False,False,Stim8hr,24
TIMM21-3,TIMM21,58,10,0.5046517252922058,0.5968649387359619,0.6306396722793579,0.17686830461025238,0.22242605686187744,0.09354312927615538,0.2656035892470015,1.2575800811344706,0.11934387360966442,0.44634836907036857,False,False,False,Stim8hr,24
HSF5-4,HSF5,63,11,0.0949675664305687,0.2378505915403366,0.17057909071445465,0.4199443459510803,0.22184443473815918,0.003244539193828247,0.27406625197614487,0.5282710360958212,0.004957184141656986,0.45681734904089016,True,False,False,Stim8hr,24
PPIG-1,PPIG,87,11,0.9371618628501892,1.071751594543457,1.0582505464553833,0.23359553515911102,0.2218393087387085,0.016430253068190865,0.22728131556512132,0.949672726354145,0.023146006781309316,0.3963014916861636,True,False,False,Stim8hr,24
TNFSF10-2,TNFSF10,43,10,1.3726080656051636,2.041091203689575,1.5651803016662598,0.752059280872345,0.22099244594573975,6.514585555009693e-06,0.2465132463563583,0.29384976898284054,1.2342921284283431e-05,0.42262606424285903,True,False,False,Stim8hr,24
IRF8-4,IRF8,148,14,1.3017597198486328,2.0680413246154785,1.5448216199874878,0.7283143997192383,0.2209058254957199,6.50581626096562e-17,0.21054960113152593,0.30331107771709315,2.60165372090528e-16,0.37578980249147287,True,False,False,Stim8hr,24
C5orf22-1,C5orf22,80,10,0.3879854083061218,0.7565780878067017,0.5028846859931946,0.6576738953590393,0.2208527773618698,1.0713730357345262e-06,0.27087301702080735,0.33580894561931973,2.1770885597401014e-06,0.45309232656908155,True,False,False,Stim8hr,24
NCALD-1,NCALD,190,25,0.2293383628129959,1.2670069932937622,0.36385592818260193,1.1437000036239624,0.22055578231811523,5.366389301980332e-25,0.18566636509725926,0.19284408640312628,3.458637905126324e-24,0.34421087882246787,True,False,False,Stim8hr,24
C3orf83-2,MKRN2OS,523,81,0.00017017679056152701,0.0451226532459259,0.05285726860165596,0.2920467257499695,0.21991808712482452,1.372545921000695e-06,0.082417854430767,0.7530236353791667,2.7500699878288533e-06,0.21966478185846428,True,False,False,Stim8hr,24
NUP88-4,NUP88,65,10,0.8609752058982849,0.8267198801040649,0.9894530177116394,-0.06008690968155861,0.21928931772708893,0.6873707145203913,0.25557312753780215,,0.7489609898704856,0.43383194270555103,False,False,False,Stim8hr,24
PYGO2-4,PYGO2,71,10,0.5097775459289551,0.5709983110427856,0.6391820907592773,0.12001249939203262,0.21926993131637573,0.1572919077930481,0.2752015924658583,1.8270591182349178,0.19451480890173234,0.45729895549467314,False,False,False,Stim8hr,24
CHFR-3,CHFR,93,10,0.23558643460273743,0.5706150531768799,0.3700985610485077,0.6513829231262207,0.21897365152835846,5.855602437191871e-07,0.29971720211802927,0.3361673199497236,1.210241294741901e-06,0.48859071483206323,True,False,False,Stim8hr,24
FDPS-2,FDPS,81,12,0.37381061911582947,0.5072520971298218,0.476062148809433,0.2815118432044983,0.2186374068260193,0.009120476889523886,0.24060500645683647,0.7766543827685246,0.013204374440954274,0.4138378940295631,True,False,False,Stim8hr,24
PDE7B-4,PDE7B,76,10,0.02722472883760929,0.563889741897583,0.06909747421741486,1.206198811531067,0.21856054663658142,2.3288256843012467e-11,0.2797549378945391,0.1811977797915051,6.391461264153955e-11,0.46303421230509706,True,False,False,Stim8hr,24
CSRNP2-1,CSRNP2,56,12,0.22103463113307953,0.2724124789237976,0.3417203426361084,0.11119203269481659,0.2182265669107437,0.23856280720749123,0.277809066462457,1.9626097447979898,0.28040193783324274,0.4606198550464763,False,False,False,Stim8hr,24
NUDT1-1,NUDT1,93,14,0.6911322474479675,1.1380000114440918,0.81430584192276,0.7137584686279297,0.2177988588809967,1.2098275324010842e-09,0.1997272892199642,0.30514364235800273,2.985579494444794e-09,0.3621462930881652,True,False,False,Stim8hr,24
PPP3CA-1,PPP3CA,115,91,0.33271661400794983,1.0665644407272339,0.44512704014778137,0.8806090950965881,0.21744650602340698,2.4967092593393064e-11,0.03049197609031692,0.24692739063699623,6.832820032459376e-11,0.11453537963417644,True,False,False,Stim8hr,24
TTLL4-2,TTLL4,149,11,0.3513139486312866,0.5482429265975952,0.4712579548358917,0.39749273657798767,0.21741239726543427,9.592800707816127e-06,0.27496915817243106,0.5469594215409724,1.799871923198688e-05,0.45729895549467314,True,False,False,Stim8hr,24
HTR1D-3,LUZP1,105,18,0.46415793895721436,0.35434985160827637,0.5942796468734741,-0.2307068109512329,0.2173900008201599,0.9928370120342519,0.21518352152531295,,1.0,0.3817186108858976,False,False,False,Stim8hr,24
FXN-4,FXN,30,11,0.5769400000572205,0.9801941514015198,0.7137704491615295,0.660689651966095,0.21738353371620178,0.0015303682734803508,0.2705505780937213,0.3290251831087516,0.0023998110760537375,0.45288016713347273,True,False,False,Stim8hr,24
CD84-1,CD84,115,14,0.11118145287036896,1.0250719785690308,0.18674969673156738,1.291401982307434,0.21620279550552368,2.0695098759801073e-18,0.2306078164540179,0.16741711602395073,9.188053605528216e-18,0.40099253417429687,True,False,False,Stim8hr,24
MKS1-4,MKS1,57,12,0.09950964152812958,0.4555256962776184,0.172775998711586,0.7693331837654114,0.21619854867458344,2.052894671190263e-05,0.2729278407178128,0.2810206984916794,3.751674713370863e-05,0.4557232201301404,True,False,False,Stim8hr,24
PNISR-3,PNISR,39,11,0.819252073764801,0.8211249113082886,0.9446518421173096,0.0032091543544083834,0.21595142781734467,0.4920487238253494,0.24373139637355068,67.2923156596361,0.5503775714944936,0.4184258470652604,False,False,False,Stim8hr,24
SGTA-1,SGTA,93,14,1.0067756175994873,1.0742714405059814,1.1327121257781982,0.11639691144227982,0.21556930243968964,0.12997856603586747,0.21651831677340633,1.8520190937075554,0.1626098721645744,0.38372646393487475,False,False,False,Stim8hr,24
ZNF107-4,ZNF107,97,10,0.1587548553943634,0.4537169933319092,0.23518571257591248,0.6973367929458618,0.21523214876651764,5.695559813632251e-08,0.2746981742079145,0.30864877766922494,1.2636104302533513e-07,0.45729895549467314,True,False,False,Stim8hr,24
STAT5A-3,STAT5A,78,12,1.00375235080719,1.9647727012634277,1.1720308065414429,1.4889086484909058,0.21406321227550507,7.418753714708664e-22,0.26566107318281323,0.1437718912389087,3.967955825003928e-21,0.44634836907036857,True,False,False,Stim8hr,24
HSPA6-1,HSPA6,198,34,0.003605593228712678,0.7145353555679321,0.03864739462733269,1.1505383253097534,0.21363946795463562,5.830675206847711e-24,0.1855733362219889,0.18568652886649264,3.567598263430395e-23,0.34420713957408633,True,False,False,Stim8hr,24
SMKR1-2,SMKR1,34,10,0.1306990385055542,0.19847142696380615,0.2160046547651291,0.19368551671504974,0.21260866522789001,0.15904168231847923,0.2933637348512763,1.0977003796348903,0.19642739876255486,0.4805117562613802,False,False,False,Stim8hr,24
BBS9-4,BBS9,201,43,0.040995482355356216,0.722138524055481,0.0866873562335968,1.3250184059143066,0.2121955156326294,9.698221035735287e-31,0.12157473132250417,0.16014533434817266,8.929290653616276e-30,0.27303778732880685,True,False,False,Stim8hr,24
TRPV1-3,TRPV1,78,10,0.09020329266786575,0.07167389243841171,0.15245921909809113,-0.07593770325183868,0.21076785027980804,0.7566132372812764,0.28383328525820783,,0.8195583721475339,0.46814543604297515,False,False,False,Stim8hr,24
SHISA2-3,SHISA2,65,11,0.030719267204403877,0.2641785740852356,0.08202863484621048,0.5441301465034485,0.21070964634418488,0.0007712404514915187,0.27283764391461846,0.3872412651609066,0.001239562271786244,0.4557232201301404,True,False,False,Stim8hr,24
DPYSL2-1,DPYSL2,65,11,0.27054277062416077,0.5196737051010132,0.36183249950408936,0.4827939569950104,0.2105512171983719,0.0005027768867500243,0.24744780214783235,0.4361098852787586,0.0008224357957116515,0.42372122032967746,True,False,False,Stim8hr,24
SUCO-4,SUCO,268,31,0.34445199370384216,1.144702434539795,0.4630099833011627,1.2790943384170532,0.21020352840423584,6.883523486601231e-46,0.159686649757268,0.16433778345416947,1.5844396025408905e-44,0.3311409535228894,True,False,False,Stim8hr,24
RNASEH2A-4,RNASEH2A,83,10,0.11893229931592941,0.1663426160812378,0.1975209265947342,0.16891734302043915,0.21015851199626923,0.07002677371570759,0.29866971290005456,1.24414999809013,0.09123771359792496,0.48745897487793105,False,False,False,Stim8hr,24
RCC2-2,RCC2,76,12,0.6963966488838196,0.826877236366272,0.8260576725006104,0.2124476283788681,0.20909631252288818,0.04662889613339522,0.26113236222356856,0.9842252140842761,0.06218982080042465,0.4407014448264571,False,False,False,Stim8hr,24
VAPA-3,VAPA,124,16,1.1337249279022217,1.8351359367370605,1.275221586227417,1.1632291078567505,0.20884115993976593,6.3597750449513906e-24,0.23481001087390146,0.17953570670575442,3.8790615297834424e-23,0.40624495019446266,True,False,False,Stim8hr,24
PPP6R1-1,PPP6R1,52,10,1.5165499448776245,1.9827468395233154,1.6308190822601318,0.8114050030708313,0.20837926864624023,2.0773290155459007e-07,0.2546752650112181,0.25681289597378765,4.428352427296581e-07,0.43328018545768193,True,False,False,Stim8hr,24
PHF23-4,PHF23,49,11,0.521303117275238,0.719616174697876,0.6521100401878357,0.34039852023124695,0.20777666568756104,0.018479023495723723,0.2826129175239791,0.6103923881525973,0.025937707389460486,0.466743255054886,True,False,False,Stim8hr,24
WDR33-1,WDR33,69,11,1.1799561977386475,1.6275463104248047,1.309177279472351,0.6844922304153442,0.2069249451160431,1.367705587326897e-06,0.2691603597316925,0.3023043007960554,2.7417923826817576e-06,0.4512657140351311,True,False,False,Stim8hr,24
LSM1-4,LSM1,92,11,1.1049455404281616,1.1053565740585327,1.2719974517822266,0.000687812571413815,0.20668527483940125,0.49744324735942697,0.29287188079002213,300.49650650402447,0.555475898798413,0.4799139745008075,False,False,False,Stim8hr,24
ALDH1B1-2,ALDH1B1,80,10,0.3934224545955658,0.9676183462142944,0.49966397881507874,0.8941780924797058,0.20638267695903778,2.138880933397774e-09,0.280687196060343,0.23080712745567722,5.195384779804768e-09,0.4637653890346078,True,False,False,Stim8hr,24
ASXL3-1,ASXL3,474,47,0.0,0.05943185091018677,0.03727573901414871,0.39759236574172974,0.20628423988819122,9.778857351801574e-10,0.1612710321982937,0.5188335030109469,2.4255831545488573e-09,0.3311409535228894,True,False,False,Stim8hr,24
ATAD3B-4,ATAD3B,59,12,0.45007994771003723,0.49863868951797485,0.5571387410163879,0.09240082651376724,0.20495139062404633,0.2515118265101015,0.2559569769927731,2.218068802593553,0.29436931994992815,0.43409385066666717,False,False,False,Stim8hr,24
ABCF2-1,ABCF2,120,19,0.7633166313171387,0.777191698551178,0.8631019592285156,0.024226171895861626,0.20383305847644806,0.398789138705574,0.15417847369373278,8.41375432126226,0.45409823303134705,0.325755858943965,False,False,False,Stim8hr,24
IDH1-2,IDH1,157,17,0.19560283422470093,0.41252297163009644,0.2787018418312073,0.4680671989917755,0.20366697013378143,1.0996476149979765e-06,0.2319771424837857,0.43512335530557034,2.2333704449564993e-06,0.4026331128378511,True,False,False,Stim8hr,24
PLA2G4C-1,PLA2G4C,64,10,0.04413400590419769,0.29511943459510803,0.09463302791118622,0.6047512888908386,0.20345167815685272,0.00031229034646933207,0.3032684078472112,0.33642206621832765,0.0005198565517851516,0.49289261644957144,True,False,False,Stim8hr,24
HDDC2-4,HDDC2,39,10,0.8018890619277954,0.9217243790626526,0.9217582941055298,0.21703839302062988,0.2033858299255371,0.08559224092704151,0.27502333894186104,0.9370960920550353,0.11010818219057536,0.45729895549467314,False,False,False,Stim8hr,24
UTP14A-1,UTP14A,24,14,0.3839634358882904,0.2736314535140991,0.47624677419662476,-0.27610570192337036,0.20305098593235016,0.9365566025835217,0.23238346561452933,,0.9790928310869096,0.4029684855360614,False,False,False,Stim8hr,24
OR56B1-4,TRIM22,43,11,1.0076311826705933,1.1456199884414673,1.1846312284469604,0.16428445279598236,0.202797070145607,0.15806096063142527,0.2757548108901401,1.2344264274200782,0.19527850950853723,0.4578159327421026,False,False,False,Stim8hr,24
ZFAT-1,ZFAT,26,19,0.1071910485625267,0.18749721348285675,0.1710294634103775,0.25414204597473145,0.20160149037837982,0.1306696969163163,0.22322019997295234,0.7932630336911053,0.16331600451693443,0.3906611736685357,False,False,False,Stim8hr,24
GTDC1-4,GTDC1,150,21,0.22528159618377686,0.5804226398468018,0.31129440665245056,0.7299253344535828,0.2014160305261612,1.5683820184655058e-12,0.20478572212903096,0.27594059422110606,4.636799132573479e-12,0.36845842107135823,True,False,False,Stim8hr,24
DPP3-1,DPP3,85,12,0.06545496731996536,0.08817629516124725,0.11290041357278824,0.10286525636911392,0.20113329589366913,0.18949881598592544,0.27319257205261094,1.955308361570962,0.2267456420289059,0.45572678473649186,False,False,False,Stim8hr,24
ITM2C-1,ITM2C,88,10,0.5149480104446411,2.83384108543396,0.6821959614753723,2.040191173553467,0.2006179839372635,8.65274242340385e-26,0.30186207615692606,0.09833293396120359,5.849677439038932e-25,0.4918752141428239,True,False,False,Stim8hr,24
THAP9-1,THAP9,138,12,0.023654211312532425,0.007866892032325268,0.057089194655418396,-0.15508601069450378,0.20057620108127594,0.9972783462648543,0.2849714862476609,,1.0,0.4698178557056031,False,False,False,Stim8hr,24
PPIL4-3,PPIL4,84,10,0.4932418465614319,0.895663857460022,0.6034033298492432,0.675311803817749,0.19998738169670105,2.893208532491109e-07,0.2878474600382306,0.2961408057227932,6.093702284936339e-07,0.47373328714734037,True,False,False,Stim8hr,24
HNRNPH3-4,HNRNPH3,45,13,1.5199642181396484,1.7547374963760376,1.6519947052001953,0.38161882758140564,0.1995776742696762,0.00892734750284731,0.262314342453278,0.5229764881741925,0.012939300147492708,0.44190327089456455,True,False,False,Stim8hr,24
RASA1-2,RASA1,69,10,0.617215633392334,1.457343339920044,0.7820136547088623,1.2390938997268677,0.1994866132736206,3.359904523916002e-13,0.31321017753989355,0.16099394349176704,1.0369314280912355e-12,0.5029982553952771,True,False,False,Stim8hr,24
FARSA-2,FARSA,58,11,1.2425339221954346,1.4056552648544312,1.3639484643936157,0.2657321095466614,0.1988876909017563,0.02708903100422394,0.26694141018950723,0.7484518571769834,0.03731859027193943,0.44810138186272364,True,False,False,Stim8hr,24
MBD3-2,MBD3,107,16,0.7049943804740906,0.657554566860199,0.8275938034057617,-0.08185148239135742,0.1983051896095276,0.7894827978849516,0.24062123981253553,,0.8515843736181612,0.4138378940295631,False,False,False,Stim8hr,24
VPS13D-2,VPS13D,121,14,0.26605144143104553,0.6660021543502808,0.3718597888946533,0.8423157930374146,0.19818319380283356,1.513834692016789e-13,0.2727384881583045,0.2352837207149819,4.774876634607605e-13,0.4557232201301404,True,False,False,Stim8hr,24
MUL1-3,MUL1,123,10,0.3083956837654114,0.37531617283821106,0.40252628922462463,0.14958061277866364,0.1975422501564026,0.06093782400833294,0.2938564445550875,1.3206407333596661,0.07993438447768775,0.48111042134516924,False,False,False,Stim8hr,24
AK9-1,AK9,45,10,0.04933833330869675,0.09863266348838806,0.10115469992160797,0.2191532552242279,0.19753128290176392,0.10225422604872406,0.31041103015025584,0.9013385755993387,0.12964494823948064,0.49914104188912845,False,False,False,Stim8hr,24
ATXN7-3,ATXN7,219,18,0.3731127381324768,0.7821828722953796,0.4788549840450287,0.785101592540741,0.1972043365240097,2.7584153471574788e-21,0.23456577147372365,0.25118320787736304,1.4337086219701575e-20,0.4060081225233972,True,False,False,Stim8hr,24
ZNF304-2,ZNF304,101,10,0.06950461119413376,0.1705969125032425,0.11666087061166763,0.3262060582637787,0.1971939355134964,0.0042275757763383425,0.2867875521754357,0.6045072754413416,0.006341363664507514,0.4721943936993896,True,False,False,Stim8hr,24
USP47-3,USP47,52,11,0.5793642997741699,1.3406901359558105,0.704906702041626,1.4326814413070679,0.1969934105873108,4.5652065085704456e-14,0.29225518348874313,0.13749979926283487,1.4910180378920533e-13,0.4793187788180514,True,False,False,Stim8hr,24
E4F1-2,E4F1,72,10,0.2963201403617859,1.159056544303894,0.4063599705696106,1.5185108184814453,0.19596455991268158,1.140552183121348e-16,0.30966442286618373,0.12905048652116408,4.491359767953414e-16,0.49914104188912845,True,False,False,Stim8hr,24
GNL1-2,GNL1,110,15,0.8042815923690796,1.106577754020691,0.9280982613563538,0.5019598603248596,0.19567489624023438,8.773771361200678e-07,0.2474881479926646,0.3898217999216053,1.7960917868588155e-06,0.42372122032967746,True,False,False,Stim8hr,24
ARL1-1,ARL1,178,18,0.7751654982566833,0.9567970633506775,0.8947722911834717,0.2942846417427063,0.1944686770439148,0.0002202781849131142,0.230186008613178,0.6608183012620115,0.000370838372250332,0.4004431851771109,True,False,False,Stim8hr,24
UBE2F-3,UBE2F,142,12,0.6721131801605225,1.184507966041565,0.8129551410675049,0.8853935599327087,0.19436752796173096,2.019767656707147e-19,0.2891569051761304,0.21952670174888464,9.524928693276265e-19,0.47533448444185883,True,False,False,Stim8hr,24
PLBD2-1,PLBD2,35,10,0.4343940317630768,0.7226253151893616,0.5369498133659363,0.5346881151199341,0.1930335909128189,0.003248398512139463,0.292805866739976,0.36102091191894214,0.004961120476478399,0.4799139745008075,True,False,False,Stim8hr,24
CHM-1,CHM,74,10,0.17226144671440125,0.20546816289424896,0.24932622909545898,0.0868343859910965,0.19302812218666077,0.2516575552221997,0.3023804503712937,2.2229456681648303,0.29445076128418946,0.49229567942498176,False,False,False,Stim8hr,24
NDE1-4,NDE1,145,12,0.7267986536026001,0.893097996711731,0.8550664782524109,0.28878873586654663,0.19280476868152618,0.00027535185097064867,0.2792061427664446,0.6676325795844891,0.00046054740817625365,0.4627334057592873,True,False,False,Stim8hr,24
ZNF141-3,ZNF141,70,11,0.13531753420829773,0.3694742023944855,0.19214099645614624,0.5533969402313232,0.19275812804698944,0.00014866705614786403,0.2600028066611783,0.3483180228036956,0.000253704989463279,0.439575598923816,True,False,False,Stim8hr,24
TICRR-3,TICRR,37,11,0.23332703113555908,0.4752776622772217,0.3450928330421448,0.46307891607284546,0.19206348061561584,0.011872142535735451,0.30914007649633196,0.4147532395653335,0.01695957709113003,0.49879171045611237,True,False,False,Stim8hr,24
LOC101927572-3,ALKBH6,40,10,0.28524166345596313,0.6228069067001343,0.37390273809432983,0.5892837643623352,0.19176049530506134,0.002003233631594095,0.2973277404481489,0.32541282638690316,0.0031248505257661817,0.4857423388228506,True,False,False,Stim8hr,24
ING3-4,ING3,23,11,0.319414883852005,0.4266321659088135,0.42505180835723877,0.24710965156555176,0.1904522031545639,0.12586145896656398,0.3023151595002118,0.770719403098838,0.15771427797268403,0.49229567942498176,False,False,False,Stim8hr,24
MCCC2-1,MCCC2,43,10,0.826816976070404,1.1298218965530396,0.9578211903572083,0.4856559634208679,0.18905508518218994,0.0024924336736087027,0.3072928699276936,0.3892778003805863,0.003861474765963483,0.49753035650174915,True,False,False,Stim8hr,24
DENND4C-3,DENND4C,68,12,0.33663156628608704,0.5229717493057251,0.4315463602542877,0.3548232316970825,0.18871477246284485,0.00554327717974156,0.2802514810535892,0.5318557399983135,0.008200402775080572,0.4632478589793157,True,False,False,Stim8hr,24
MSTO1-2,MSTO1,105,20,0.6245541572570801,0.6237603425979614,0.7302864789962769,-0.0014716378645971417,0.18849609792232513,0.5060695915233289,0.21073792622472254,,0.564782427249845,0.3759485080103305,False,False,False,Stim8hr,24
TMEM19-1,TMEM19,84,13,0.19301863014698029,1.3938424587249756,0.28665733337402344,1.8683156967163086,0.1880272477865219,3.4523208225781113e-22,0.29618335456704326,0.10063997648630396,1.8909524958795405e-21,0.4842911573595148,True,False,False,Stim8hr,24
ZNF408-2,ZNF408,191,17,0.0947379395365715,0.07678422331809998,0.14420482516288757,-0.0734885111451149,0.18771028518676758,0.853875647648382,0.23281184874848698,,0.9038973800865845,0.4033414621927521,False,False,False,Stim8hr,24
STARD7-1,STARD7,100,14,0.692671000957489,1.2479870319366455,0.8025383353233337,0.8936372995376587,0.18695631623268127,1.168967421190118e-12,0.26334953179592513,0.20920827312088125,3.4718871104010647e-12,0.44305512867090246,True,False,False,Stim8hr,24
MAP2K1-2,MAP2K1,126,11,1.1034772396087646,2.2422854900360107,1.2387785911560059,1.6198874711990356,0.18435107171535492,7.842396014220265e-33,0.30308509400332084,0.11380486298773508,8.331468512909276e-32,0.49280645981107457,True,False,False,Stim8hr,24
CIRH1A-2,UTP4,51,14,0.5341001152992249,0.8300358057022095,0.6426383852958679,0.5418210029602051,0.18418912589550018,0.00029994329336854126,0.2732914721793664,0.3399446032715499,0.0005003799462709875,0.45572678473649186,True,False,False,Stim8hr,24
ELP2-4,ELP2,138,10,0.6937794089317322,1.1242923736572266,0.8299802541732788,0.6794629096984863,0.18413615226745605,2.6909103365009107e-11,0.3202469002489106,0.271002507479278,7.333157344079649e-11,0.5112595089663908,True,False,False,Stim8hr,24
H2AFY-2,MACROH2A1,132,12,0.8440605401992798,2.004361629486084,0.9935288429260254,1.8853410482406616,0.18411895632743835,4.639577480101137e-42,0.3077025692227846,0.09765816985698801,8.881805007698564e-41,0.4977464143715018,True,False,False,Stim8hr,24
NFKB1-4,NFKB1,208,19,1.2957592010498047,2.0608789920806885,1.434067726135254,1.0844100713729858,0.18308715522289276,9.97338932432719e-34,0.24362161771409985,0.16883572004369501,1.1082498999187713e-32,0.4184258470652604,True,False,False,Stim8hr,24
UBE2L6-4,UBE2L6,101,12,1.5394978523254395,1.9289865493774414,1.681007742881775,0.5800272822380066,0.1822553128004074,1.57728398885351e-07,0.29876517815099,0.3142185176138341,3.396078610744167e-07,0.48745897487793105,True,False,False,Stim8hr,24
PSMB2-3,PSMB2,50,10,1.8172364234924316,2.2778429985046387,1.956093192100525,0.6950390934944153,0.1821756660938263,4.057332775268434e-05,0.32329982298300686,0.2621085170589618,7.23694918909734e-05,0.5149777820761327,True,False,False,Stim8hr,24
TMEM186-3,TMEM186,81,10,0.25123536586761475,0.31599923968315125,0.3319969177246094,0.15252408385276794,0.18146347999572754,0.10151581144269603,0.3079243977358251,1.1897365675764024,0.12875094878612842,0.497892292533942,False,False,False,Stim8hr,24
MTIF3-3,MTIF3,109,16,0.3374054729938507,0.38892003893852234,0.44332239031791687,0.11903432011604309,0.1807774305343628,0.10510515720001899,0.27775103971431836,1.518700072030723,0.1330414543019553,0.4606198550464763,False,False,False,Stim8hr,24
RCSD1-4,RCSD1,120,11,1.2610352039337158,1.628552794456482,1.397271752357483,0.5399598479270935,0.18065546452999115,6.544902971949782e-08,0.30351661141768677,0.33457203387164375,1.4462365595731317e-07,0.4930107597901071,True,False,False,Stim8hr,24
SPSB3-4,SPSB3,59,13,0.17390944063663483,0.3992340862751007,0.27269792556762695,0.4696148931980133,0.17941279709339142,0.0023218788608799315,0.3102677093456164,0.38204239195144507,0.0036059058453906403,0.49914104188912845,True,False,False,Stim8hr,24
RTL8A-4,RTL8A,138,11,0.02683418057858944,0.03363750874996185,0.05607915297150612,0.044049739837646484,0.1780366748571396,0.31803573542718044,0.3066988215266598,4.041719100120157,0.3673369739835445,0.49718600214909014,False,False,False,Stim8hr,24
ERC1-4,ERC1,48,10,0.26888957619667053,0.6589565873146057,0.34980955719947815,0.8081864714622498,0.17752930521965027,5.236887913714474e-06,0.31036882404107224,0.21966379231571018,9.985722663872718e-06,0.49914104188912845,True,False,False,Stim8hr,24
DNAJC10-1,DNAJC10,459,32,0.6920132637023926,1.7306275367736816,0.8073594570159912,1.4397261142730713,0.17726227641105652,3.164657543014733e-92,0.19121556709017284,0.12312222071526263,3.7084032481327187e-90,0.35088659618390766,True,False,False,Stim8hr,24
LY6G5B-2,LY6G5B,95,13,0.06816147267818451,0.1155335009098053,0.1350521743297577,0.1489204317331314,0.17721879482269287,0.12166540984888338,0.31467311577277157,1.190023375303348,0.15270371304304836,0.5044907689074278,False,False,False,Stim8hr,24
FLCN-2,FLCN,93,10,0.38070419430732727,0.5155634880065918,0.4680713713169098,0.24490191042423248,0.17715556919574738,0.01959826903409138,0.30259249144170897,0.7233735698054328,0.027409224721458,0.4924289167954145,True,False,False,Stim8hr,24
SLC25A20-1,SLC25A20,28,11,0.3271901309490204,1.124097466468811,0.43028488755226135,1.2030025720596313,0.17672118544578552,1.2628990804752232e-05,0.3187050955071869,0.14690008945136793,2.35129068088478e-05,0.5090129523683197,True,False,False,Stim8hr,24
NTHL1-4,NTHL1,42,12,0.3802773356437683,0.372781366109848,0.472684383392334,-0.01644025556743145,0.17662882804870605,0.5425363019720023,0.29584525322722754,,0.6031698148571967,0.48394755523588867,False,False,False,Stim8hr,24
ATXN2L-3,ATXN2L,73,11,0.7468639016151428,0.8247816562652588,0.8406713008880615,0.14430859684944153,0.1764540821313858,0.10775461635049434,0.27974465368569673,1.2227551648602193,0.13612776916934388,0.46303421230509706,False,False,False,Stim8hr,24
POP1-3,POP1,190,15,0.4263070523738861,1.0517385005950928,0.5406259894371033,1.0969022512435913,0.17556995153427124,3.059023648727023e-29,0.2909870982024997,0.1600597968827416,2.5884561158922096e-28,0.47744607609624895,True,False,False,Stim8hr,24
GCK-3,GCK,91,18,0.01722680777311325,0.003247625194489956,0.044807545840740204,-0.16397793591022491,0.17493629455566406,0.9999742391564732,0.27319093913685466,,1.0,0.45572678473649186,False,False,False,Stim8hr,24
ZSCAN29-4,ZSCAN29,85,11,0.2629232108592987,0.5964474678039551,0.3523837924003601,0.6017017364501953,0.17413049936294556,8.611303428196209e-06,0.3176133882378117,0.2893967040717671,1.6188580630449555e-05,0.5079128263490079,True,False,False,Stim8hr,24
KLHL29-1,KLHL29,42,12,0.030721185728907585,1.169611930847168,0.06337221711874008,1.5884954929351807,0.17362934350967407,2.5646773906225176e-09,0.3083055054379083,0.10930427204980374,6.202381156683724e-09,0.49829547930178175,True,False,False,Stim8hr,24
CRTC2-3,CRTC2,158,10,0.578231155872345,1.0538231134414673,0.7010989785194397,0.7537397146224976,0.17348051071166992,2.6394485229138324e-14,0.32988192166901464,0.23015970546086426,8.788929860215744e-14,0.52160782097265,True,False,False,Stim8hr,24
RBM6-4,RBM6,68,12,0.6565327644348145,0.8938834071159363,0.7581079006195068,0.4003725051879883,0.17312559485435486,0.001332473882372412,0.28948389207194036,0.43241129850579174,0.0021065725687383964,0.4755986445769237,True,False,False,Stim8hr,24
CCL3L1-3,CCL3,117,19,0.655303955078125,3.156663417816162,0.8732849955558777,1.7342848777770996,0.17289738357067108,7.91831932727648e-31,0.25412474547595676,0.09969376184164183,7.307909508013878e-30,0.43253815814134494,True,False,False,Stim8hr,24
MARK2-4,MARK2,22,12,0.7916358113288879,0.9583909511566162,0.8855318427085876,0.29445141553878784,0.17281045019626617,0.09340203519024488,0.2747286626620379,0.5868895209080833,0.11920319144576798,0.45729895549467314,False,False,False,Stim8hr,24
SZT2-2,SZT2,147,13,0.06535344570875168,0.09233502298593521,0.10767395794391632,0.12661705911159515,0.17280954122543335,0.06578872205282713,0.29447302562710465,1.3648203681079498,0.08600574312991295,0.48191128642220243,False,False,False,Stim8hr,24
CHMP6-2,CHMP6,102,11,0.5852897763252258,1.1716711521148682,0.6995952129364014,0.9550377130508423,0.17249783873558044,5.631519333801388e-14,0.3174576808444931,0.18061887648869984,1.8238764877562787e-13,0.5078785740075604,True,False,False,Stim8hr,24
KAT6B-1,KAT6B,103,11,0.29236340522766113,0.44847869873046875,0.3831228017807007,0.3296210765838623,0.17240364849567413,0.001447219545755354,0.31675585769948106,0.5230358758682445,0.0022823809067846466,0.5071848661386271,True,False,False,Stim8hr,24
VSIR-2,VSIR,83,19,0.9533699154853821,1.1378875970840454,1.1077593564987183,0.22395111620426178,0.17231665551662445,0.02669957719442473,0.2529148488830284,0.7694386991108253,0.03683455762070654,0.4310608195023044,True,False,False,Stim8hr,24
VRK1-4,VRK1,69,11,0.9875285029411316,1.8968751430511475,1.1221188306808472,1.239490270614624,0.17209862172603607,3.942450243254489e-14,0.31419349496814053,0.13884628690203257,1.2941812470853232e-13,0.5041492566692861,True,False,False,Stim8hr,24
HINFP-2,HINFP,143,14,0.11585764586925507,0.14732405543327332,0.16933690011501312,0.1078353300690651,0.17156632244586945,0.1117491805063734,0.2855150468610719,1.5910028961379048,0.14076028697659476,0.4703039665629677,False,False,False,Stim8hr,24
CEL-2,CEL,39,10,0.013737364672124386,0.007626864593476057,0.03084452822804451,-0.07676992565393448,0.17143212258815765,0.7855344621551874,0.2963521493520669,,0.8477984273385737,0.4843577479902839,False,False,False,Stim8hr,24
CAMTA2-4,CAMTA2,56,12,0.4842413067817688,0.837533175945282,0.5882483720779419,0.677840530872345,0.1709979623556137,5.1034330275377064e-06,0.3089146816689383,0.25226871892058206,9.750481975043631e-06,0.49864077083735586,True,False,False,Stim8hr,24
DEPDC1B-4,DEPDC1B,106,15,0.2943877577781677,0.2922029197216034,0.36986806988716125,-0.00484878895804286,0.17064137756824493,0.5201195366016238,0.252547826201988,,0.5796260080802534,0.43065038807922607,False,False,False,Stim8hr,24
SLC35A1-2,SLC35A1,115,15,0.3098885118961334,0.8421732187271118,0.38524535298347473,0.9086213707923889,0.1700054258108139,4.3456061221947356e-13,0.2667032404306541,0.18710260541478996,1.3305193091470344e-12,0.44790037979961533,True,False,False,Stim8hr,24
TRMT61A-1,TRMT61A,78,10,0.3401002883911133,0.5554953217506409,0.4300161898136139,0.43628132343292236,0.16993843019008636,0.000347733721315796,0.3238514222423458,0.3895157116809612,0.0005766236279280374,0.5150572241045215,True,False,False,Stim8hr,24
GFI1-2,GFI1,215,18,0.6199719905853271,1.4168039560317993,0.7511412501335144,1.1737339496612549,0.16942033171653748,5.322333343413514e-37,0.2768230872640075,0.14434304449098792,7.196315747895125e-36,0.4593878525811656,True,False,False,Stim8hr,24
TMEM35B-2,TMEM35B,119,12,0.23953324556350708,0.7415871620178223,0.3185884654521942,0.9527018070220947,0.16893772780895233,2.1034995099957133e-14,0.31026100170425536,0.177324873915175,7.091745950438904e-14,0.49914104188912845,True,False,False,Stim8hr,24
C5orf45-2,MRNIP,132,14,0.12898775935173035,0.5377812385559082,0.18646952509880066,0.8455302119255066,0.16885524988174438,2.1718137484255566e-12,0.28980477086521794,0.1997033902516791,6.376920095035404e-12,0.47591908094322805,True,False,False,Stim8hr,24
EIF4EBP3-1,EIF4EBP3,85,10,0.04420959949493408,0.22746267914772034,0.08151146024465561,0.5589255690574646,0.1687576323747635,8.355633182558717e-05,0.32904136475071083,0.30193221014981525,0.0001454150923355291,0.5209018172822053,True,False,False,Stim8hr,24
STARD4-3,STARD4,35,12,0.7564700245857239,1.556830883026123,0.9055922031402588,1.0053744316101074,0.16774925589561462,3.936964436649498e-06,0.31775278846037147,0.16685251844625107,7.6083165799718184e-06,0.5079209830757079,True,False,False,Stim8hr,24
CCNE1-3,CCNE1,156,1015,0.3992418050765991,0.47505950927734375,0.48421406745910645,0.14832206070423126,0.16632328927516937,0.033886161921590996,1.119277225849361e-07,1.1213658203335937,0.04623775164107,3.256235744740218e-05,True,True,True,Stim8hr,24
UBE2Q1-2,UBE2Q1,82,12,0.8807178139686584,1.0724633932113647,1.006932258605957,0.3179263770580292,0.1661037653684616,0.003949781348309842,0.32065383687775006,0.5224598440227679,0.005952378984378083,0.5114773559981657,True,False,False,Stim8hr,24
AMDHD2-4,AMDHD2,22,12,0.196598082780838,0.2582857012748718,0.26477059721946716,0.1539335399866104,0.16592593491077423,0.2593473525148714,0.3085475744024787,1.0779063154476078,0.3029897921978875,0.4983529793402137,False,False,False,Stim8hr,24
CEP128-4,CEP128,65,10,0.1507243812084198,0.531781792640686,0.2193828523159027,0.8228148818016052,0.16556093096733093,6.302663322028334e-07,0.3355150364970052,0.20121285434802152,1.300554912821962e-06,0.5283120684004229,True,False,False,Stim8hr,24
MAPRE2-1,MAPRE2,32,11,0.908966064453125,1.1827865839004517,1.0339926481246948,0.40963026881217957,0.16503754258155823,0.018675613718138633,0.32237852767123837,0.4028939147005026,0.02619463121075158,0.5137950238738405,True,False,False,Stim8hr,24
ATP9B-1,ATP9B,47,11,0.47469282150268555,0.5108431577682495,0.5654893517494202,0.0668828934431076,0.1647738218307495,0.3332447773885787,0.31070261910237273,2.4636168285827913,0.38421513242744004,0.49939536992995054,False,False,False,Stim8hr,24
TPX2-3,TPX2,67,10,0.6364811062812805,0.6934100389480591,0.7635466456413269,0.07150337845087051,0.1640464812517166,0.2929268260534989,0.31581410417219113,2.2942479754915612,0.34026675768966064,0.5061054838895029,False,False,False,Stim8hr,24
CDV3-4,CDV3,114,11,1.1835262775421143,1.8315165042877197,1.3063377141952515,1.0345240831375122,0.1638202965259552,2.798977363889083e-18,0.3281899086079857,0.15835329423083105,1.2299597120635322e-17,0.5202071392939656,True,False,False,Stim8hr,24
RHOQ-1,RHOQ,197,10,0.2254953682422638,0.7582469582557678,0.3330215811729431,0.886512279510498,0.16231387853622437,3.18048534766356e-19,0.3498109047081101,0.18309264551400076,1.4853788453399743e-18,0.5457858257450794,True,False,False,Stim8hr,24
RPAP1-4,RPAP1,151,16,0.38840198516845703,1.2787419557571411,0.4866568446159363,1.7883892059326172,0.16211655735969543,1.4734998759460977e-45,0.29781426175196113,0.09064948324554116,3.3517788354609173e-44,0.4863270889231075,True,False,False,Stim8hr,24
LSM12-3,LSM12,32,11,0.42933109402656555,0.7642945051193237,0.5314813256263733,0.6629255414009094,0.1620015650987625,0.0007019845486154251,0.3324555490445227,0.2443736965638963,0.0011339073723875728,0.525207554923302,True,False,False,Stim8hr,24
WSB2-1,WSB2,89,10,1.1091688871383667,1.5569924116134644,1.2226680517196655,0.6347982883453369,0.1619742214679718,1.8314667669376965e-07,0.3237725116589826,0.25515856681052695,3.921529339838357e-07,0.5150572241045215,True,False,False,Stim8hr,24
SYNE3-2,SYNE3,111,10,0.5948659777641296,0.8136090040206909,0.6885280609130859,0.368278831243515,0.160635307431221,0.00016694409255889114,0.31689109510010394,0.43617849793002356,0.0002841429603544155,0.5071866786578896,True,False,False,Stim8hr,24
FAM117A-4,FAM117A,149,13,0.13712871074676514,0.3649982213973999,0.20464970171451569,0.5240314602851868,0.16029414534568787,2.845308823140993e-07,0.32059483793556537,0.3058864924988532,5.996081318303117e-07,0.5114773559981657,True,False,False,Stim8hr,24
SLIRP-2,SLIRP,216,15,0.8868669271469116,0.9936427474021912,0.9869454503059387,0.18764737248420715,0.1599128097295761,0.0031768876496326343,0.288054603200811,0.8521985019696172,0.0048615055564421835,0.4738679901285199,True,False,False,Stim8hr,24
COPG2-1,COPG2,11,86,0.29861801862716675,0.25069111585617065,0.3696155846118927,-0.10897362232208252,0.15910254418849945,0.633017926721978,0.08134290755527332,,0.6948283629389409,0.21833845022998136,False,False,False,Stim8hr,24
IRF2BPL-4,IRF2BPL,196,10,0.18893718719482422,0.5002644062042236,0.25274673104286194,0.6351016163825989,0.1585419923067093,2.445186496249874e-12,0.32855576346977844,0.2496324811921124,7.163284985604745e-12,0.5205688719910776,True,False,False,Stim8hr,24
PRPF3-3,PRPF3,83,12,0.8798475861549377,0.9447211027145386,0.9824013710021973,0.10001301020383835,0.15818274021148682,0.20014240639148084,0.3104124089167716,1.5816216299168646,0.23821196845671175,0.49914104188912845,False,False,False,Stim8hr,24
ARMCX6-3,ARMCX6,61,10,0.09933675080537796,0.9103007316589355,0.14879587292671204,1.3866889476776123,0.15804460644721985,1.7808617447964376e-11,0.3350212740463419,0.11397264448664463,4.922510626967709e-11,0.5283120684004229,True,False,False,Stim8hr,24
COQ6-2,COQ6,38,10,0.19643709063529968,0.32588785886764526,0.2683984339237213,0.32025057077407837,0.15787161886692047,0.04313989260607897,0.3422097761561626,0.4929628024872169,0.05792429330128729,0.5368052150238933,False,False,False,Stim8hr,24
KIAA0556-1,KATNIP,10,10,0.11791856586933136,0.20435850322246552,0.16906936466693878,0.2683783173561096,0.15782952308654785,0.23176252194950608,0.3321989243289439,0.5880859699896127,0.2730730263189336,0.5250214508199188,False,False,False,Stim8hr,24
LGALS1-4,LGALS1,96,22,1.9707975387573242,3.435796022415161,2.1553499698638916,1.2482775449752808,0.15781474113464355,1.997475807656638e-18,0.26062158215685705,0.1264260033915524,8.878435572653127e-18,0.44031895816710737,True,False,False,Stim8hr,24
RNF149-3,RNF149,79,19,0.6717948317527771,0.7713797092437744,0.7628700733184814,0.1619071513414383,0.15547583997249603,0.08809690581031877,0.2552713907594412,0.9602777807177919,0.1129544876553391,0.4337090745068314,False,False,False,Stim8hr,24
RANBP9-3,RANBP9,17,11,0.862689197063446,1.2767763137817383,0.989535927772522,0.650761067867279,0.15546177327632904,0.01241860269254993,0.3412219495923903,0.23889224625225283,0.01770749875077086,0.5357000470562142,True,False,False,Stim8hr,24
SLC35B4-3,SLC35B4,58,13,0.3444172143936157,0.8397345542907715,0.41900360584259033,0.8554463982582092,0.15483394265174866,5.390048403418343e-07,0.30730589973243944,0.18099783103536238,1.1158092706648143e-06,0.49753035650174915,True,False,False,Stim8hr,24
ORMDL1-4,ORMDL1,18,10,0.8190386295318604,1.0262150764465332,0.9059029817581177,0.3786493241786957,0.15432260930538177,0.05816690213594894,0.3186657971218656,0.40756076784268186,0.0765593637031023,0.5090129523683197,False,False,False,Stim8hr,24
TMEM79-4,TMEM79,78,23,0.07974420487880707,0.3303789496421814,0.12804991006851196,0.7187852263450623,0.1536499559879303,1.1240381082317757e-06,0.2723943331574191,0.2137633751450654,2.278121260237042e-06,0.45543561803773613,True,False,False,Stim8hr,24
WDR53-4,WDR53,141,14,0.23243539035320282,0.6372614502906799,0.30154910683631897,0.8389307260513306,0.15314967930316925,1.6043309191235955e-14,0.3116830954634904,0.18255342729430402,5.4660331843620645e-14,0.500758482176262,True,False,False,Stim8hr,24
BIRC2-1,BIRC2,55,11,0.23026230931282043,0.7234673500061035,0.29314249753952026,0.9675846099853516,0.15278367698192596,1.0463633110765292e-07,0.3245424591321281,0.1579021363147136,2.282169725850501e-07,0.5158354057104882,True,False,False,Stim8hr,24
RASGEF1A-4,RASGEF1A,96,13,0.05608861893415451,0.5505424737930298,0.10222990810871124,0.9118675589561462,0.15242250263690948,1.2307954704216636e-09,0.32990108613605995,0.16715421131046052,3.0353865332401614e-09,0.52160782097265,True,False,False,Stim8hr,24
ICMT-2,ICMT,228,21,1.0797687768936157,1.5260370969772339,1.1739952564239502,0.6556070446968079,0.15156371891498566,3.816622390613654e-17,0.2518712122283956,0.23118073568760664,1.5486756332112276e-16,0.43005730232405964,True,False,False,Stim8hr,24
MVB12A-2,MVB12A,39,11,0.26823148131370544,1.2794268131256104,0.3550792932510376,1.5706441402435303,0.15094561874866486,1.3931798038870254e-09,0.346848574285595,0.09610427650738286,3.422761309803766e-09,0.5422824753816123,True,False,False,Stim8hr,24
GNB2-4,GNB2,97,10,1.0834920406341553,1.9780641794204712,1.1927258968353271,1.4246584177017212,0.15072032809257507,6.833740871736945e-24,0.34449942334556444,0.1057940108448727,4.1615867639380734e-23,0.5394808030860172,True,False,False,Stim8hr,24
C11orf30-1,EMSY,74,10,0.2040276676416397,0.3187386393547058,0.2629144489765167,0.2989581823348999,0.15069422125816345,0.009504154795250278,0.33553823064458377,0.5040645486978251,0.013718763192696088,0.5283120684004229,True,False,False,Stim8hr,24
ZNF441-4,ZNF441,37,10,0.023038439452648163,0.060249507427215576,0.04308793693780899,0.20814786851406097,0.1504879742860794,0.15170544574933714,0.3263944499088481,0.7229859011307316,0.18832903971514822,0.5180125092552511,False,False,False,Stim8hr,24
ZFP36L2-2,ZFP36L2,126,21,0.5643380284309387,1.1855131387710571,0.6971421241760254,0.6984377503395081,0.15028920769691467,1.3179202508635873e-09,0.2891974216553985,0.21517910167922571,3.2419832125251223e-09,0.47533448444185883,True,False,False,Stim8hr,24
ZNF283-2,ZNF283,63,10,0.08532939106225967,0.17990610003471375,0.12419402599334717,0.29486212134361267,0.1495823860168457,0.02592349819278405,0.3294916831385281,0.5072960383491658,0.03581499375187421,0.5213964626066583,True,False,False,Stim8hr,24
VPS37B-1,VPS37B,125,17,0.199895441532135,0.30516281723976135,0.27230122685432434,0.2559571862220764,0.14940869808197021,0.004694176924223582,0.3052027493317948,0.5837253498807359,0.007027635372037395,0.49513467231861363,True,False,False,Stim8hr,24
PAFAH1B3-4,PAFAH1B3,27,10,0.5551210641860962,0.8294868469238281,0.6445778012275696,0.4196876585483551,0.1489546000957489,0.035108162895160534,0.3393159870733472,0.3549177514796681,0.04782080518336942,0.5334271801283934,True,False,False,Stim8hr,24
C7orf76-4,SEM1,125,11,0.8960027694702148,0.8240859508514404,0.9757301807403564,-0.12940356135368347,0.14890769124031067,0.9282400409972127,0.30530250022395744,,0.9719751525957817,0.49513467231861363,False,False,False,Stim8hr,24
GANAB-3,GANAB,51,10,0.4678485095500946,0.5294225215911865,0.5421885251998901,0.13066257536411285,0.1484612673521042,0.165159427217003,0.32698744659380286,1.1362187446435397,0.2003445530072789,0.5187359576416788,False,False,False,Stim8hr,24
TXNDC12-1,TXNDC12,66,12,0.4907241761684418,0.5919378995895386,0.5607531666755676,0.18956957757472992,0.1464640349149704,0.07659211401121119,0.30373217089131405,0.7726136059844996,0.09959035133872013,0.4930107597901071,False,False,False,Stim8hr,24
ARL4A-2,ARL4A,43,10,0.04997727647423744,0.012378644198179245,0.0833682268857956,-0.2618063986301422,0.1463145911693573,0.9979195959875308,0.3490632841929111,,1.0,0.5450690919973533,False,False,False,Stim8hr,24
MAU2-4,MAU2,82,10,0.15651802718639374,0.13073229789733887,0.21279115974903107,-0.0847344696521759,0.14551639556884766,0.7809521813400495,0.3512097828346647,,0.844030767256001,0.546840427616592,False,False,False,Stim8hr,24
LZTR1-4,LZTR1,75,12,0.2592012882232666,0.6333988904953003,0.3377106189727783,0.7098066210746765,0.1452191323041916,1.1271872423016554e-06,0.3427533917403881,0.2045897121730477,2.2821115528693727e-06,0.5374350445945887,True,False,False,Stim8hr,24
ZNF596-2,ZNF596,116,18,0.03947579115629196,0.059890635311603546,0.07764655351638794,0.10068619251251221,0.14517255127429962,0.16975673439080263,0.31465500976285543,1.4418317710867765,0.2052686966507923,0.5044907689074278,False,False,False,Stim8hr,24
CCT6B-2,CCT6B,383,49,0.04098602011799812,0.04949965700507164,0.06988251209259033,0.04991960525512695,0.1449963003396988,0.1607493525957342,0.18316973726043773,2.904596292351632,0.1968938102376417,0.34108712275675795,False,False,False,Stim8hr,24
WDR37-1,WDR37,61,10,0.2647012174129486,0.44588878750801086,0.33645251393318176,0.396234929561615,0.14490492641925812,0.003511220542321633,0.35080524215952,0.365704574757146,0.005339319637104898,0.5465521211829141,True,False,False,Stim8hr,24
EXOC5-2,EXOC5,46,16,0.8390202522277832,0.9239028692245483,0.9182202816009521,0.1577247530221939,0.14451561868190765,0.13312870680508476,0.28010811464092367,0.9162519890684022,0.1661745349306852,0.4632478589793157,False,False,False,Stim8hr,24
L2HGDH-3,L2HGDH,63,10,0.2541980743408203,0.9066972732543945,0.32584404945373535,1.1390899419784546,0.1444145292043686,3.1411015669379523e-10,0.3529391877332553,0.12678062010936458,8.017583999570338e-10,0.5480945117549697,True,False,False,Stim8hr,24
ZDHHC6-4,ZDHHC6,61,10,0.6951233744621277,0.9973168969154358,0.7738623023033142,0.4903327524662018,0.1428069919347763,0.0004942550715668208,0.3332285764111622,0.29124506004648315,0.0008098662549783459,0.5259525856207913,True,False,False,Stim8hr,24
COMMD3-1,COMMD3,89,11,0.4761306047439575,0.6746315956115723,0.5423869490623474,0.3548622727394104,0.14249970018863678,0.001516321962501288,0.3094995360226629,0.4015633983533663,0.0023806808887505,0.49914104188912845,True,False,False,Stim8hr,24
ARL13B-3,ARL13B,130,10,0.23165220022201538,0.33051130175590515,0.2970677614212036,0.2403198927640915,0.1420947015285492,0.006000198094862899,0.35264643465781337,0.5912731563509624,0.008845888689605348,0.5479493902530198,True,False,False,Stim8hr,24
MRTO4-1,MRTO4,80,10,0.7139777541160583,1.1447721719741821,0.8315176963806152,0.7190217971801758,0.14187997579574585,2.2098588975404433e-08,0.3631458177873262,0.19732360875868263,5.050546310158921e-08,0.5600252938291379,True,False,False,Stim8hr,24
LOC388436-1,EPN2,69,11,0.028709905222058296,0.028656644746661186,0.05092896148562431,-0.00037403879105113447,0.14086465537548065,0.5012639219051985,0.33596567488367896,,0.5595807118959014,0.5287649531460981,False,False,False,Stim8hr,24
SLC38A5-3,SLC38A5,112,11,1.385953664779663,1.5412275791168213,1.4715396165847778,0.21783976256847382,0.13918964564800262,0.015043912312245384,0.30729955507632933,0.6389542662315884,0.021278276851299523,0.49753035650174915,True,False,False,Stim8hr,24
TSNAX-1,TSNAX,304,24,0.5547072887420654,0.8813665509223938,0.6336725354194641,0.5671727657318115,0.1384468972682953,1.58220435038186e-17,0.27062643514586154,0.2441000443483214,6.600198730233713e-17,0.45288016713347273,True,False,False,Stim8hr,24
ACN9-1,SDHAF3,139,14,0.3760443329811096,0.7046524882316589,0.45072564482688904,0.6174057722091675,0.13829539716243744,8.374479164739441e-10,0.32807365002012306,0.22399433790130668,2.0866050856989317e-09,0.5202071392939656,True,False,False,Stim8hr,24
PAN3-2,PAN3,94,11,0.4247991740703583,0.6281817555427551,0.49532777070999146,0.39606839418411255,0.13795675337314606,0.0002576272533107664,0.3379793731205997,0.348315481363597,0.0004323978248926796,0.5317129738527904,True,False,False,Stim8hr,24
ZC3H6-4,ZC3H6,98,12,0.1104900985956192,0.07237773388624191,0.14988724887371063,-0.15076977014541626,0.13708701729774475,0.9577927763163394,0.3235116114930746,,0.9967127734163844,0.5149777820761327,False,False,False,Stim8hr,24
SPATA24-4,SPATA24,182,14,0.05980602651834488,0.08967018872499466,0.1016571968793869,0.13091182708740234,0.1367441862821579,0.053135292399751684,0.3436436169652649,1.0445518126552586,0.07031970421281306,0.5386076085216046,False,False,False,Stim8hr,24
NFKBIB-1,NFKBIB,39,15,0.33140361309051514,0.391622930765152,0.3980421721935272,0.1276993751525879,0.13659079372882843,0.23415360045610506,0.32090838893905405,1.0696277375329064,0.2757222816576609,0.5116675914702793,False,False,False,Stim8hr,24
PRDM5-1,PRDM5,316,38,0.004512959625571966,0.005356793757528067,0.014934715814888477,0.015951955690979958,0.13640010356903076,0.3803202716348351,0.2448608167494965,8.550682199183782,0.43486058261735877,0.42017405124618684,False,False,False,Stim8hr,24
PCNXL4-4,PCNX4,149,15,0.16118425130844116,0.5176364183425903,0.20583465695381165,0.7593613266944885,0.1361149549484253,2.2986502034107317e-12,0.30360302476210754,0.17924925876978193,6.744218768277162e-12,0.4930107597901071,True,False,False,Stim8hr,24
CEP97-3,CEP97,62,11,0.2937714159488678,0.7008535861968994,0.3570259213447571,0.6831690669059753,0.13525651395320892,2.2716129368985838e-05,0.34462866743940185,0.19798395522469447,4.133801047993799e-05,0.5394808030860172,True,False,False,Stim8hr,24
TNRC6C-4,TNRC6C,90,12,0.1661834418773651,0.2889194190502167,0.2161470502614975,0.3276647627353668,0.13525359332561493,0.003238605364180939,0.3398117407114501,0.412780404571151,0.004950073890627546,0.5337076425958075,True,False,False,Stim8hr,24
DDX10-3,DDX10,214,19,0.5886001586914062,0.6520748138427734,0.6645597815513611,0.11617953330278397,0.13519471883773804,0.049658838883390115,0.2906904406581041,1.1636706999450344,0.06594461880565576,0.4771663396566622,False,False,False,Stim8hr,24
NSMF-4,NSMF,86,19,0.6326336860656738,0.8093970417976379,0.7077139019966125,0.29225996136665344,0.13495339453220367,0.005067292634859563,0.27035761411791237,0.46175806600788016,0.007542425180524222,0.4528310436642801,True,False,False,Stim8hr,24
DHCR24-2,DHCR24,176,13,0.7339392304420471,0.9361110329627991,0.8101953268051147,0.335681676864624,0.13476026058197021,6.235006387968375e-06,0.30294096935241954,0.40145253634537,1.1836411243138786e-05,0.49278397681326913,True,False,False,Stim8hr,24
KSR1-1,KSR1,120,13,0.8040717840194702,0.8987131714820862,0.8968293070793152,0.14207838475704193,0.1339189112186432,0.07315071116005555,0.3333443542393011,0.9425706200675658,0.09517960970926473,0.5259525856207913,False,False,False,Stim8hr,24
MRTO4-4,MRTO4,153,11,0.7139777541160583,0.9155452847480774,0.7967972159385681,0.329077810049057,0.1336268186569214,0.00011718642240631937,0.34615720313202414,0.4060645068623773,0.00020127848918265258,0.5414253690013711,True,False,False,Stim8hr,24
CANT1-4,CANT1,105,10,0.5216975808143616,0.8782119154930115,0.6139847040176392,0.5939568877220154,0.133304625749588,2.457172620722582e-07,0.3677260999574108,0.22443485125805537,5.20366184246124e-07,0.5632807250056411,True,False,False,Stim8hr,24
NLGN2-3,NLGN2,74,13,0.022023947909474373,0.12138044834136963,0.040381789207458496,0.399364709854126,0.13320480287075043,0.005452583700330238,0.3287704620013229,0.3335417466390696,0.008078598149109972,0.5206909075749595,True,False,False,Stim8hr,24
COMMD6-3,COMMD6,115,22,0.6052954792976379,0.6864933371543884,0.6733587980270386,0.15982787311077118,0.13305705785751343,0.03731479550203412,0.26116940487881457,0.8325022117093192,0.05063028568644419,0.4407014448264571,False,False,False,Stim8hr,24
POLR2E-1,POLR2E,52,11,0.3739740550518036,0.8528832197189331,0.4354867935180664,0.8514681458473206,0.13286994397640228,1.5085302734291343e-06,0.33949212653861527,0.15604805021117915,3.014721740232797e-06,0.5334271801283934,True,False,False,Stim8hr,24
CWC15-2,CWC15,262,17,1.2069066762924194,1.4611364603042603,1.290533423423767,0.4180128872394562,0.13275861740112305,2.5073608859804354e-10,0.30860462126250143,0.3175945561818841,6.438223470176855e-10,0.4983529793402137,True,False,False,Stim8hr,24
TOE1-1,TOE1,84,11,0.5481221675872803,1.3529988527297974,0.6357973217964172,1.0947386026382446,0.13241617381572723,1.0082136594628934e-12,0.35693034842847454,0.12095688733055852,3.010627197793829e-12,0.5525560013314931,True,False,False,Stim8hr,24
HIVEP3-4,HIVEP3,60,11,1.3047548532485962,1.5317533016204834,1.404150366783142,0.28479763865470886,0.1323322206735611,0.015772458509639736,0.3246135022715394,0.46465350379538023,0.022268016450082827,0.5158354057104882,True,False,False,Stim8hr,24
POLR1C-2,POLR1C,17,10,0.33934804797172546,0.2758994996547699,0.39796748757362366,-0.1516774743795395,0.13135643303394318,0.744809608154948,0.34383945022328094,,0.8074512909266005,0.5386913010540384,False,False,False,Stim8hr,24
TCF25-3,TCF25,60,10,0.8522718548774719,0.7552586793899536,0.9442028999328613,-0.16938750445842743,0.13083584606647491,0.9019518687203781,0.36448211554398124,,0.951144771295801,0.5610460837978536,False,False,False,Stim8hr,24
TAF5L-3,TAF5L,113,12,0.4269357919692993,0.5081997513771057,0.48865368962287903,0.16177019476890564,0.12966738641262054,0.053750503126926336,0.3326489313532706,0.8015530091798116,0.07108522421061017,0.5252936360659998,False,False,False,Stim8hr,24
DHX38-4,DHX38,58,10,0.7548545002937317,0.9117618203163147,0.8244242668151855,0.2684040069580078,0.129570871591568,0.028549126891410783,0.34136745916340205,0.4827456678463058,0.039207943730145196,0.5357061122638949,True,False,False,Stim8hr,24
TBXAS1-3,TBXAS1,102,17,0.022533338516950607,0.10640363395214081,0.04185037314891815,0.37845379114151,0.12917663156986237,0.0020665245618225114,0.32531520585793816,0.34132735513161006,0.0032209796374718467,0.5167333509259647,True,False,False,Stim8hr,24
UHRF1-4,UHRF1,69,19,0.8752433061599731,0.9148056507110596,0.9770184755325317,0.04787655547261238,0.12884582579135895,0.34872162760245506,0.28534723339131035,2.691209184108175,0.4007448837856445,0.4702323471398413,False,False,False,Stim8hr,24
PAIP1-1,PAIP1,82,12,0.45298415422439575,0.6780759692192078,0.5179824233055115,0.4341491162776947,0.12865997850894928,0.0002148280116884731,0.33949014351580903,0.29634974179391055,0.0003627685245411902,0.5334271801283934,True,False,False,Stim8hr,24
KATNBL1-3,KATNBL1,52,12,0.18582071363925934,0.3071973919868469,0.2368878871202469,0.31854939460754395,0.12813657522201538,0.02039923998424193,0.350382904396275,0.40225025503464207,0.02848821271905509,0.5462275945699555,True,False,False,Stim8hr,24
ATP5D-1,ATP5F1D,125,16,1.0673084259033203,1.4656529426574707,1.16006600856781,0.5752789378166199,0.1262921541929245,4.361320089359883e-08,0.33538021152934144,0.21953203201258573,9.765619447339124e-08,0.5283120684004229,True,False,False,Stim8hr,24
ATP6V1G1-2,ATP6V1G1,48,18,0.9382176995277405,1.1025068759918213,1.0140116214752197,0.25746792554855347,0.12591299414634705,0.05436509021513275,0.30769415771580166,0.48904341726481304,0.0717997964009284,0.4977464143715018,False,False,False,Stim8hr,24
NUF2-1,NUF2,121,11,0.42567649483680725,1.091275691986084,0.5051392316818237,0.8419573307037354,0.1256444901227951,2.7175235210632947e-12,0.3535349746006773,0.1492290470560751,7.92508556255789e-12,0.5486537849568164,True,False,False,Stim8hr,24
PPAPDC1B-2,PLPP5,57,11,0.30939778685569763,0.8668344020843506,0.38105010986328125,0.9773598313331604,0.12480165809392929,3.6088331302346976e-08,0.3679700857378636,0.1276926410242321,8.127756385915886e-08,0.5634262608342511,True,False,False,Stim8hr,24
ZC3H13-2,ZC3H13,92,11,0.5030573606491089,0.5836383700370789,0.5774536728858948,0.15279050171375275,0.12349557876586914,0.08404854447604339,0.36436520361087804,0.8082673816807897,0.10841005149481903,0.5610460837978536,False,False,False,Stim8hr,24
PEX11B-3,PEX11B,89,19,0.34473878145217896,0.8313860297203064,0.4059422016143799,0.8615316152572632,0.12342885136604309,3.4374511259147973e-10,0.31409669736363266,0.1432667695301998,8.756668974909434e-10,0.5041492566692861,True,False,False,Stim8hr,24
TMEM201-3,TMEM201,69,13,0.6609448194503784,0.8651013970375061,0.7454544305801392,0.32349783182144165,0.12274324893951416,0.008672425572742616,0.354393228275387,0.379425259972882,0.012579245945159676,0.5497601268816709,True,False,False,Stim8hr,24
ARL5A-2,ARL5A,123,14,0.711830198764801,0.808751106262207,0.7745963335037231,0.16923321783542633,0.1225428357720375,0.03812775181499584,0.3160251837803511,0.724106279721079,0.05171519335972954,0.5062292439886861,False,False,False,Stim8hr,24
RBM4B-4,RBM4B,47,12,0.08763673156499863,0.14267048239707947,0.11948823928833008,0.20206277072429657,0.12189587205648422,0.10713799730887391,0.3500942030053693,0.6032574512343215,0.13548156821236607,0.5460025879448688,False,False,False,Stim8hr,24
SPECC1-3,SPECC1,93,15,0.06275659054517746,0.22787339985370636,0.09078291803598404,0.5497709512710571,0.12186191976070404,2.128936762225526e-05,0.3353854327457888,0.22165943740563634,3.8851337704228925e-05,0.5283120684004229,True,False,False,Stim8hr,24
BTBD11-1,ABTB3,61,10,0.1653352975845337,0.284275084733963,0.20657522976398468,0.2870580852031708,0.12169518321752548,0.02855173766332787,0.35505374151601093,0.42393922864563605,0.039207943730145196,0.5503447816855581,True,False,False,Stim8hr,24
C8orf58-3,C8orf58,20,10,0.04254287853837013,0.014350262470543385,0.06565111875534058,-0.21726450324058533,0.12123813480138779,0.9677163730101714,0.36648413678725206,,1.0,0.5622892516549238,False,False,False,Stim8hr,24
SCFD2-2,SCFD2,101,10,0.18236079812049866,0.4149126410484314,0.2355613261461258,0.5360480546951294,0.12049952149391174,6.3830852746542725e-06,0.3772326322386279,0.2247923865005803,1.209970135151376e-05,0.5739160768786549,True,False,False,Stim8hr,24
ZNF394-1,ZNF394,280,22,0.26403287053108215,0.448560506105423,0.3151310682296753,0.40046706795692444,0.1198863536119461,2.8892550762753956e-09,0.2996258456706289,0.2993663229877406,6.952550952057844e-09,0.48859071483206323,True,False,False,Stim8hr,24
NAA60-1,NAA60,71,13,0.3939502239227295,0.8736365437507629,0.4631447196006775,0.8593817949295044,0.1194605603814125,1.2428922036898098e-08,0.35997344792635566,0.13900755297150777,2.8797268733783672e-08,0.5565901799090258,True,False,False,Stim8hr,24
GRPEL2-4,GRPEL2,109,11,0.14917626976966858,0.5067262053489685,0.18695014715194702,0.6238026022911072,0.11839693784713745,1.196091339037466e-06,0.35516408028407775,0.18979872384675575,2.4115147070166224e-06,0.5503447816855581,True,False,False,Stim8hr,24
RTF1-4,RTF1,109,10,0.9448164105415344,1.2837460041046143,1.0175836086273193,0.5288317203521729,0.11812333762645721,8.352368511882354e-07,0.36601012660377674,0.22336658918227062,1.7125455480089641e-06,0.5620025538199317,True,False,False,Stim8hr,24
ZNF681-1,ZNF681,71,13,0.047063715755939484,0.03864765167236328,0.07388667017221451,-0.051252011209726334,0.11793677508831024,0.6849245457261393,0.3614573371195307,,0.7465059803616066,0.5584279611871181,False,False,False,Stim8hr,24
CEP89-1,CEP89,56,12,0.12831838428974152,0.051732636988162994,0.16304557025432587,-0.32166168093681335,0.11782780289649963,0.9990829912764966,0.3487775853546794,,1.0,0.5448479255726548,False,False,False,Stim8hr,24
TBC1D24-3,TBC1D24,79,10,0.15877893567085266,0.4959404468536377,0.1978001594543457,0.7074941396713257,0.11778610944747925,1.3602359647753834e-06,0.3626948991226961,0.1664835125025885,2.7282326119224106e-06,0.5596540630281668,True,False,False,Stim8hr,24
GTF2I-2,GTF2I,116,10,0.650862455368042,0.8087767958641052,0.7223484516143799,0.29261666536331177,0.11708750575780869,0.0011420981916430342,0.3731999320262763,0.4001395669396795,0.0018122666011832634,0.5695892425033806,True,False,False,Stim8hr,24
KDM3B-2,KDM3B,283,19,0.5356823801994324,0.8521429896354675,0.6026690006256104,0.6014530658721924,0.1169646754860878,3.587032272264055e-20,0.3235291407226048,0.19447016254954558,1.7447866411125912e-19,0.5149777820761327,True,False,False,Stim8hr,24
LYRM4-4,LYRM4,153,11,0.5519818663597107,0.6725256443023682,0.6178807020187378,0.2254633605480194,0.11645501852035522,0.004211872547371874,0.36512427427246086,0.5165141610472559,0.00632271395213006,0.5613438435092539,True,False,False,Stim8hr,24
KDM4C-4,KDM4C,109,11,0.43160882592201233,0.3543672561645508,0.5026748776435852,-0.1710212379693985,0.11637869477272034,0.9745438347260832,0.3733845736817727,,1.0,0.5696411688844149,False,False,False,Stim8hr,24
RBM26-3,RBM26,148,11,0.7617993354797363,0.708473801612854,0.8316771984100342,-0.09535989165306091,0.11603010445833206,0.8774273710978614,0.36214608964012096,,0.9273057239779803,0.5592635814695539,False,False,False,Stim8hr,24
CARKD-2,NAXD,91,22,0.12383665144443512,0.2843354046344757,0.1594441682100296,0.44250810146331787,0.11529703438282013,0.0002780751022276807,0.3102436823229001,0.26055349947616224,0.00046490117609789943,0.49914104188912845,True,False,False,Stim8hr,24
SUCO-3,SUCO,52,11,0.34445199370384216,0.7838660478591919,0.3976268470287323,0.7332785725593567,0.11458290368318558,2.3395673160975975e-05,0.3572019549968658,0.15626108271956962,4.255459459712798e-05,0.5525560013314931,True,False,False,Stim8hr,24
EPM2AIP1-2,EPM2AIP1,58,13,0.25288015604019165,0.37670108675956726,0.303658127784729,0.2834310829639435,0.11410526931285858,0.02137567929214855,0.3519541840839378,0.40258558842459213,0.029776567659487913,0.5475486319232632,True,False,False,Stim8hr,24
SLC25A19-2,SLC25A19,98,10,0.5939775705337524,0.9699423909187317,0.6511890888214111,0.5507335662841797,0.11382050067186356,5.177121436657401e-06,0.35194254022756954,0.20667071636801584,9.881504736206402e-06,0.5475486319232632,True,False,False,Stim8hr,24
ERGIC2-4,ERGIC2,83,11,0.8193601369857788,0.7179926037788391,0.8998348712921143,-0.18057340383529663,0.11356505751609802,0.9485450565136484,0.37703851352534323,,0.9902871850805287,0.5739160768786549,False,False,False,Stim8hr,24
AGTPBP1-3,AGTPBP1,41,11,0.47229111194610596,0.7928593158721924,0.5301673412322998,0.5700820088386536,0.11131704598665237,0.0009274281767989361,0.3638290573529749,0.1952649693566416,0.0014801340320600438,0.5607178055863695,True,False,False,Stim8hr,24
TMEM18-1,TMEM18,90,11,0.3241749405860901,0.5200871229171753,0.3754940927028656,0.42338481545448303,0.1113104596734047,0.000136301179398581,0.3669205800057261,0.2629061213589305,0.00023321976138686402,0.5627305894491712,True,False,False,Stim8hr,24
C12orf73-1,UQCC6,116,15,0.11298685520887375,0.14675530791282654,0.14672130346298218,0.11465007066726685,0.11042903363704681,0.12751549825222946,0.35233536306828706,0.9631833019757121,0.15968342996806068,0.5479162595083312,False,False,False,Stim8hr,24
CCNK-4,CCNK,31,10,0.8547251224517822,1.1973204612731934,0.9339801073074341,0.5021876096725464,0.110413558781147,0.01063508928396726,0.38686401957928446,0.2198651592641695,0.015247704173916458,0.5857164619891329,True,False,False,Stim8hr,24
CHFR-1,CHFR,150,10,0.23558643460273743,0.6524640321731567,0.3007214069366455,0.8103557229042053,0.11001290380954742,4.50199701170192e-14,0.39439931780637927,0.13575877938552228,1.4728614589045112e-13,0.594270207148895,True,False,False,Stim8hr,24
ASB7-1,ASB7,76,13,0.18066325783729553,0.41936275362968445,0.21992653608322144,0.5436068177223206,0.10998636484146118,7.143677812992177e-05,0.35520666633909237,0.2023270519348844,0.0001250869970039436,0.5503447816855581,True,False,False,Stim8hr,24
TWISTNB-3,POLR1F,65,11,0.5480276942253113,0.9587125778198242,0.6045510768890381,0.711146354675293,0.10917899012565613,1.214119914339712e-06,0.3647360921753294,0.15352534595428938,2.4465876543781484e-06,0.5612009359670853,True,False,False,Stim8hr,24
CNOT2-2,CNOT2,115,13,0.7077571749687195,0.7476001381874084,0.7768016457557678,0.07266713678836823,0.10909845679998398,0.22088955664806215,0.3661486759947942,1.5013451970416327,0.26121709955903866,0.5620025538199317,False,False,False,Stim8hr,24
UBAC1-1,UBAC1,100,14,0.47198453545570374,0.45564475655555725,0.5298730731010437,-0.033270202577114105,0.10881543904542923,0.6328759373880845,0.352557646835135,,0.6948283629389409,0.5479493902530198,False,False,False,Stim8hr,24
FAM122C-1,PABIR3,43,10,0.0657418742775917,0.066798135638237,0.08730234205722809,0.004586143419146538,0.10808343440294266,0.4889586433689846,0.3625924338545241,23.56739083904544,0.5472657232728982,0.5596540630281668,False,False,False,Stim8hr,24
TSEN2-4,TSEN2,193,20,0.1439962387084961,0.1364087164402008,0.1784628927707672,-0.024426812306046486,0.10766085982322693,0.6298795557880934,0.32547135482134254,,0.6921694351328664,0.516764342541695,False,False,False,Stim8hr,24
TLCD1-4,TLCD1,71,10,0.05656611919403076,0.5257821679115295,0.08145612478256226,1.0554560422897339,0.10762512683868408,2.82748892245225e-09,0.3834504030546195,0.10197025979897686,6.8123985440017764e-09,0.5814793201092907,True,False,False,Stim8hr,24
TESC-4,TESC,111,13,0.5372042059898376,1.8233402967453003,0.6044313311576843,1.7272802591323853,0.10683811455965042,3.4153264234849673e-29,0.3653397489187127,0.06185337555661947,2.883639144021041e-28,0.5613438435092539,True,False,False,Stim8hr,24
PSMB4-3,PSMB4,78,10,1.1857019662857056,1.4520719051361084,1.259151816368103,0.4225427806377411,0.10616111755371094,0.0004242948556607997,0.38744095489983743,0.2512434773905796,0.0006990831729187525,0.586355218659938,True,False,False,Stim8hr,24
RHOF-1,RHOF,69,12,1.0195386409759521,2.955474615097046,1.1311489343643188,2.271289110183716,0.10577304661273956,1.3845900645556518e-24,0.39003823332891746,0.04656960936346143,8.734436834643891e-24,0.5898139138144606,True,False,False,Stim8hr,24
BIVM-4,BIVM,136,13,0.30477678775787354,0.7108141779899597,0.34860533475875854,0.7712867259979248,0.10551609843969345,7.870323188254387e-13,0.34977975886427093,0.1368052825013578,2.3684466746287718e-12,0.5457858257450794,True,False,False,Stim8hr,24
CRTAP-4,CRTAP,56,10,0.3711719810962677,0.5932102203369141,0.4203241467475891,0.427423357963562,0.10425366461277008,0.002573747917809921,0.37656615726395365,0.24391194975745276,0.003979481486673716,0.5735695556875847,True,False,False,Stim8hr,24
IFT22-3,IFT22,71,10,0.07077281922101974,0.4201085865497589,0.0990808829665184,0.69583660364151,0.10413076728582382,2.1408440075799494e-05,0.3907903353259462,0.14964830355413616,3.9050206496753135e-05,0.5905046160549352,True,False,False,Stim8hr,24
TXNDC15-2,TXNDC15,118,11,0.7916737198829651,1.0056077241897583,0.8538740277290344,0.35612204670906067,0.10380946099758148,0.0001736082124786488,0.37446507816559854,0.291499675341331,0.0002949661501120101,0.5705990836512062,True,False,False,Stim8hr,24
NLRP2-3,NLRP2,106,32,0.3284568786621094,1.0294289588928223,0.3728748857975006,1.0128917694091797,0.10378674417734146,1.3630878957446483e-13,0.2622562297852452,0.10246577898236879,4.3134704524096194e-13,0.44190327089456455,True,False,False,Stim8hr,24
AP4M1-2,AP4M1,96,16,0.10046019405126572,0.39573463797569275,0.13565361499786377,0.7170329093933105,0.10314664989709854,1.3721393544266112e-07,0.3675378811623332,0.14385204437042096,2.9642809405406175e-07,0.5632205293986807,True,False,False,Stim8hr,24
ZNF774-4,ZNF774,41,12,0.02535437047481537,0.026629293337464333,0.039183154702186584,0.010650007985532284,0.1024709939956665,0.46871232226713133,0.3654226712638242,9.621682362573837,0.5268926018043596,0.5613438435092539,False,False,False,Stim8hr,24
ZC3H6-3,ZC3H6,147,14,0.1104900985956192,0.07904014736413956,0.14554201066493988,-0.12339699268341064,0.1021985411643982,0.9563994810859204,0.3718332928419736,,0.9963353430385923,0.5679618390663748,False,False,False,Stim8hr,24
SORD-3,SORD,37,12,0.13889092206954956,0.16551409661769867,0.17033164203166962,0.08436953276395798,0.10173363238573074,0.3133345262875238,0.3689959440420204,1.2058100721068659,0.36244828392278033,0.5643281019211741,False,False,False,Stim8hr,24
SETD6-1,SETD6,143,15,0.15006260573863983,0.15555179119110107,0.18198315799236298,0.01733122393488884,0.10126952081918716,0.4175015293786747,0.34849255862123907,5.843183447380498,0.4734540803833827,0.5446276267378207,False,False,False,Stim8hr,24
MCM8-3,MCM8,28,10,0.3857821226119995,0.4058365523815155,0.43692746758461,0.03749122470617294,0.10122869908809662,0.42785956946518117,0.38184020819432996,2.700063811770579,0.4847737928865677,0.5795022742339309,False,False,False,Stim8hr,24
GNL3L-3,GNL3L,78,10,0.7810977697372437,0.7616851925849915,0.8360692858695984,-0.034774426370859146,0.10083562135696411,0.6212776856025597,0.37428353996179736,,0.6837613259844214,0.5705523370155251,False,False,False,Stim8hr,24
MIIP-4,MIIP,54,10,0.3462880253791809,0.7398679256439209,0.40480756759643555,0.6491819024085999,0.10076603293418884,0.00011421986452827189,0.3970758971785007,0.15522002779240443,0.00019648052318986983,0.5968764082389069,True,False,False,Stim8hr,24
NMNAT1-3,NMNAT1,56,13,0.19067159295082092,0.17493781447410583,0.2232012003660202,-0.04643787816166878,0.09993292391300201,0.639736400044483,0.350880103181416,,0.7016054052671628,0.5465521211829141,False,False,False,Stim8hr,24
AMDHD2-3,AMDHD2,50,11,0.196598082780838,0.37705227732658386,0.23466196656227112,0.3991987109184265,0.0991680771112442,0.010035784191873436,0.3821108214552008,0.24841782901325177,0.014443013572748261,0.5796803556933692,True,False,False,Stim8hr,24
TCF20-2,TCF20,154,14,0.6175220608711243,0.4970884323120117,0.6750046610832214,-0.22679416835308075,0.09848113358020782,0.9973320104664808,0.3690067149791284,,1.0,0.5643281019211741,False,False,False,Stim8hr,24
KIAA1279-3,KIFBP,86,10,0.19999706745147705,0.32187777757644653,0.23225519061088562,0.31700775027275085,0.09799757599830627,0.0037097999960843783,0.37125132883969825,0.3091330603557483,0.005619191768452132,0.5673020305744398,True,False,False,Stim8hr,24
CPEB4-4,CPEB4,79,15,0.20462173223495483,0.3886857032775879,0.24483923614025116,0.42137643694877625,0.09792381525039673,0.0007479849720185495,0.3672034173272073,0.23239034427143498,0.0012031854770364937,0.562936086068706,True,False,False,Stim8hr,24
PLOD1-2,PLOD1,31,12,0.1798916608095169,1.144478678703308,0.21235817670822144,1.1287251710891724,0.09698950499296188,3.296199840676196e-05,0.36957555588389357,0.08592836190529098,5.928560364602255e-05,0.5649695846212148,True,False,False,Stim8hr,24
CCL1-2,CCL1,149,11,0.7386251091957092,1.9280341863632202,0.8678200244903564,0.7582169771194458,0.09682470560073853,7.589470599258825e-14,0.37863251387486985,0.1277005244179401,2.439607880908884e-13,0.5755579451265104,True,False,False,Stim8hr,24
PRDX5-4,PRDX5,196,10,0.5731677412986755,1.7817152738571167,0.6322885751724243,1.6844104528427124,0.09628967940807343,8.166817659198808e-48,0.3969285988542418,0.0571652112735166,2.0244284543667814e-46,0.5968764082389069,True,False,False,Stim8hr,24
ATG10-2,ATG10,72,12,0.2091432362794876,0.8402602672576904,0.24905884265899658,1.142002820968628,0.09589778631925583,2.2675593409741136e-11,0.3845384400213669,0.08397333575578816,6.227735775246376e-11,0.5828955431506251,True,False,False,Stim8hr,24
SRRT-4,SRRT,124,16,1.140839695930481,1.2572532892227173,1.202174186706543,0.17951424419879913,0.09426311403512955,0.031605768288542516,0.3644871041489493,0.5251010272518537,0.0432635419369182,0.5610460837978536,True,False,False,Stim8hr,24
ABR-1,ABR,95,10,0.2506576180458069,0.4555491507053375,0.29143062233924866,0.422383576631546,0.09383244067430496,0.000290358960348309,0.39506788217201566,0.22214983220371978,0.0004848091967473709,0.5948036347032497,True,False,False,Stim8hr,24
TMED10-4,TMED10,91,14,0.6933149099349976,0.719926118850708,0.7508041262626648,0.05175982788205147,0.0935836210846901,0.30123511491903654,0.37826349202733744,1.8080357859370255,0.34918684905849473,0.5752281973652554,False,False,False,Stim8hr,24
SART1-1,SART1,57,10,0.9219171404838562,1.2607680559158325,0.9840284585952759,0.5631827712059021,0.09323190152645111,8.333645133912038e-05,0.3998844490783664,0.1655446620407447,0.00014509772954902228,0.6002659379712912,True,False,False,Stim8hr,24
GLTSCR1L-1,BICRAL,101,15,0.29430344700813293,0.6533775925636292,0.3315693438053131,0.627669632434845,0.09314263612031937,4.572944860076087e-07,0.3530296749431798,0.14839436433940908,9.532926023673439e-07,0.5480945117549697,True,False,False,Stim8hr,24
KBTBD4-2,KBTBD4,142,11,0.2535596489906311,0.45428466796875,0.3051910102367401,0.43275460600852966,0.09260666370391846,6.535938294001502e-06,0.40403053252838517,0.2139934790251387,1.2377313116015577e-05,0.6049179276980943,True,False,False,Stim8hr,24
NUP62-2,NUP62,137,22,1.3866188526153564,1.8599328994750977,1.4651652574539185,0.6967537999153137,0.09238181263208389,5.7224419058133194e-12,0.36323163557981897,0.13258888956660494,1.6403767864922243e-11,0.5600252938291379,True,False,False,Stim8hr,24
DUS2-4,DUS2,60,10,0.29828062653541565,0.3013384938240051,0.34321925044059753,0.007122962735593319,0.09178348630666733,0.4787582147273176,0.40162421869498416,12.885577211856925,0.5367811007105066,0.6015615030116556,False,False,False,Stim8hr,24
C1orf131-3,C1orf131,115,15,0.48984745144844055,1.1724635362625122,0.5386418700218201,1.2595374584197998,0.09119191765785217,1.9679128618358395e-23,0.37307165638382156,0.07240111601941591,1.1653781066951288e-22,0.5695892425033806,True,False,False,Stim8hr,24
TMEM267-4,TMEM267,171,15,0.3774583339691162,0.7347292304039001,0.41934457421302795,0.7014842629432678,0.09052886813879013,5.455214441479226e-15,0.3651859417457387,0.1290533129837463,1.9247549493795773e-14,0.5613438435092539,True,False,False,Stim8hr,24
ZSCAN5A-3,ZSCAN5A,89,11,0.05719868838787079,0.0601213313639164,0.07814382016658783,0.014512724243104458,0.09004682302474976,0.44544097531608007,0.3970678114504795,6.204680907344766,0.5030725033724537,0.5968764082389069,False,False,False,Stim8hr,24
C6orf226-1,C6orf226,165,23,0.07722613960504532,0.08517434448003769,0.10460972785949707,0.02934730052947998,0.08972881734371185,0.3642142095216815,0.35721825046417255,3.0574811217671405,0.41718493726905875,0.5525560013314931,False,False,False,Stim8hr,24
CRY1-1,CRY1,73,10,0.3127909302711487,0.6268154382705688,0.35667484998703003,0.5456462502479553,0.08926320821046829,9.201771805792778e-05,0.40012438646896487,0.16359171930514477,0.00015992472617078955,0.6002659379712912,True,False,False,Stim8hr,24
HOMER1-3,HOMER1,76,12,0.3293415606021881,0.5913125872612,0.3738030195236206,0.5157342553138733,0.0887361466884613,4.9245457579972916e-05,0.3908072591183244,0.17205788790286372,8.715431783146694e-05,0.5905046160549352,True,False,False,Stim8hr,24
TAF5-4,TAF5,69,12,0.28880420327186584,0.2736142575740814,0.32664427161216736,-0.036240220069885254,0.08823249489068985,0.6166164939806663,0.3862790189004933,,0.6789453252344069,0.5850649777659855,False,False,False,Stim8hr,24
NKTR-3,NKTR,33,11,0.4615539014339447,0.483840674161911,0.5109043717384338,0.04338691383600235,0.08669862896203995,0.40445810880838595,0.40001392485500564,1.9982667882244634,0.459741183645511,0.6002659379712912,False,False,False,Stim8hr,24
NBN-1,NBN,70,13,0.8735793232917786,0.8625236749649048,0.9204609990119934,-0.0200415700674057,0.08648020029067993,0.5713524631037261,0.36836592075180974,,0.6328902821031536,0.5638040923850038,False,False,False,Stim8hr,24
SUCLA2-3,SUCLA2,135,11,0.16042940318584442,0.5158481597900391,0.1879260390996933,0.8317036032676697,0.08621405065059662,2.874683346016806e-13,0.39242108375023294,0.10365958535212705,8.89312039923759e-13,0.5924696761450623,True,False,False,Stim8hr,24
ORC2-3,ORC2,119,12,0.6096086502075195,0.5765522122383118,0.6597731709480286,-0.061602529138326645,0.08608439564704895,0.7455322117216847,0.39414330365338546,,0.8080081453833394,0.5941211536138317,False,False,False,Stim8hr,24
COA6-3,COA6,37,10,0.7860884666442871,1.3303807973861694,0.8426690101623535,0.8147898316383362,0.08577218651771545,4.946033374871887e-05,0.40736816735877174,0.10526909294541549,8.749456111907406e-05,0.608447189638535,True,False,False,Stim8hr,24
LARP7-4,LARP7,137,13,0.7206723093986511,0.9085532426834106,0.7757861614227295,0.32969069480895996,0.08541024476289749,0.00011715165671746211,0.393883602589458,0.25906173910182284,0.00020127848918265258,0.5939664214486962,True,False,False,Stim8hr,24
SF3B1-1,SF3B1,37,12,0.5172892808914185,0.6114341020584106,0.5579749941825867,0.18383942544460297,0.08531630039215088,0.14081217647453897,0.3806076017882177,0.46408054303813934,0.1752560947624854,0.5783278224037924,False,False,False,Stim8hr,24
TCEA2-1,TCEA2,136,11,0.10856708884239197,0.10880524665117264,0.133591890335083,0.000851278193295002,0.08493947237730026,0.4961236428847748,0.39826986086265326,99.778748059467,0.5541623706052641,0.5984332990792828,False,False,False,Stim8hr,24
ZNF621-2,ZNF621,41,13,0.261603444814682,0.39095810055732727,0.2910366654396057,0.3448898196220398,0.08474905043840408,0.010607804235140666,0.3562209094498133,0.24572789806112413,0.015215274101368307,0.5516902045615045,True,False,False,Stim8hr,24
ACSS2-2,ACSS2,85,11,0.16791746020317078,0.2998005449771881,0.19790974259376526,0.3375544846057892,0.08470017462968826,0.003375153205283177,0.3967594780921029,0.2509229724161562,0.005144547672380782,0.5968764082389069,True,False,False,Stim8hr,24
TNF-2,TNF,83,15,0.6548632979393005,0.9223921298980713,0.7266858220100403,0.29115432500839233,0.0845375806093216,0.010251554771415731,0.3814805899197755,0.2903531678840246,0.014748051451288926,0.5791889165301449,True,False,False,Stim8hr,24
GLI4-1,GLI4,85,10,0.06703246384859085,0.07771807909011841,0.0881890058517456,0.046137817203998566,0.0841299369931221,0.3426215481877809,0.4078971417302836,1.8234485741087665,0.39408611744263794,0.6087872888807941,False,False,False,Stim8hr,24
MLH1-1,MLH1,83,11,0.7105529308319092,0.645058810710907,0.7747296690940857,-0.11360522359609604,0.08337929099798203,0.8434473829928741,0.41180645865264337,,0.8938369498584391,0.6131700892221643,False,False,False,Stim8hr,24
POLR2L-3,POLR2L,13,19,0.9314242005348206,1.0927979946136475,0.9888851046562195,0.2615298628807068,0.08291668444871902,0.1943318148340718,0.37724890722377996,0.31704480526776524,0.23193861974177643,0.5739160768786549,False,False,False,Stim8hr,24
TMEM192-2,TMEM192,71,13,0.24591641128063202,0.39380326867103577,0.2779766321182251,0.3248184621334076,0.0827503427863121,0.008989299167497763,0.38519531435770316,0.2547587419840851,0.013024211270406089,0.5836573232775775,True,False,False,Stim8hr,24
RHEB-3,RHEB,42,14,0.49780336022377014,0.5098134875297546,0.5386199355125427,0.023598188534379005,0.08269383013248444,0.44137147058542026,0.381063555160869,3.5042448284541834,0.4987678190396903,0.5787880986419304,False,False,False,Stim8hr,24
TRAPPC10-3,TRAPPC10,107,11,0.9162726402282715,1.2553935050964355,0.9702781438827515,0.5865596532821655,0.0819825679063797,1.122769928766292e-08,0.40578476631359184,0.1397685085355536,2.6060932260139563e-08,0.6068319439296181,True,False,False,Stim8hr,24
ZBED4-2,ZBED4,85,10,0.35248956084251404,0.5576817393302917,0.3924689292907715,0.40411698818206787,0.07909614592790604,0.0006005435229291189,0.4131863044128276,0.19572586216610782,0.0009757570601541608,0.6143462335905431,True,False,False,Stim8hr,24
PDHX-4,PDHX,213,31,0.3695398271083832,0.7158014178276062,0.40835294127464294,0.6409751176834106,0.07867113500833511,1.702200710621301e-14,0.34509518013251855,0.12273664427515614,5.784191694176249e-14,0.5399875760286243,True,False,False,Stim8hr,24
GLI4-2,GLI4,35,11,0.06703246384859085,0.05532621219754219,0.08722624182701111,-0.05735522136092186,0.07848579436540604,0.6439227485539296,0.4107992870382082,,0.7057962779642988,0.6121524442783702,False,False,False,Stim8hr,24
ZSCAN32-1,ZSCAN32,108,14,0.18668952584266663,0.3138008415699005,0.21459351480007172,0.33657151460647583,0.07680868357419968,0.000735219513053618,0.39309596742705055,0.2282091033877465,0.0011841290533020994,0.5931536989153474,True,False,False,Stim8hr,24
BET1-1,BET1,205,24,0.22798371315002441,0.34634026885032654,0.2576722502708435,0.28803616762161255,0.07649249583482742,0.00010170782551782365,0.36125282310100953,0.2655655936073768,0.0001762115417909606,0.5583400804936731,True,False,False,Stim8hr,24
EIF4B-1,EIF4B,64,13,1.0942809581756592,1.3227137327194214,1.1517306566238403,0.3563452363014221,0.07613053172826767,0.005439070103782327,0.4104661118852234,0.2136426251082842,0.008064756169987062,0.6118970576073768,True,False,False,Stim8hr,24
GSS-3,GSS,18,10,0.6766915321350098,0.56979900598526,0.7335824966430664,-0.19001734256744385,0.0754232332110405,0.7805243192330712,0.42402963830141027,,0.8438041773760935,0.6254602543119866,False,False,False,Stim8hr,24
HMGCS1-2,HMGCS1,94,12,0.9243036508560181,1.681974172592163,0.9934336543083191,0.8798655271530151,0.07538364082574844,4.961654190419879e-11,0.41593646759690495,0.08567632041417468,1.328719996838897e-10,0.6165834439037298,True,False,False,Stim8hr,24
SPECC1L-1,SPECC1L,122,12,0.5506479740142822,0.5880477428436279,0.5869501829147339,0.0740482434630394,0.07531149685382843,0.199700453420819,0.3898390445561364,1.0170598697782693,0.23775912973470045,0.5897485066045232,False,False,False,Stim8hr,24
SCAMP1-3,SCAMP1,118,10,0.0971837118268013,0.21664582192897797,0.11610054969787598,0.3412594795227051,0.07526761293411255,0.0014295842360569767,0.408125740910209,0.22055830665681114,0.0022554884703518273,0.608888186241582,True,False,False,Stim8hr,24
VPS52-4,VPS52,29,10,0.45952308177948,0.6140046119689941,0.4987524449825287,0.29815369844436646,0.07433848828077316,0.06870023178569962,0.4151130510309725,0.24932941858054544,0.08963016070016884,0.6156901737484684,False,False,False,Stim8hr,24
C7orf55-4,FMC1,82,11,0.3154805600643158,0.31848078966140747,0.3503384292125702,0.006594937760382891,0.0732739269733429,0.47731306376133664,0.4134085575060635,11.110632068965687,0.5353160143750257,0.6143462335905431,False,False,False,Stim8hr,24
ISOC2-2,ISOC2,362,17,0.7357132434844971,1.386432409286499,0.782504141330719,0.9621732831001282,0.07260630279779434,9.757673925436699e-45,0.3946900884100037,0.07546073464423829,2.1561671468379267e-43,0.5944714911854376,True,False,False,Stim8hr,24
CCDC171-2,CCDC171,132,10,0.041393544524908066,0.24898332357406616,0.053657807409763336,0.5420477390289307,0.07201417535543442,4.168432572871824e-06,0.41216731380684063,0.13285578034961754,8.043577225197276e-06,0.613465872025766,True,False,False,Stim8hr,24
EML4-2,EML4,40,12,0.838646650314331,1.0486557483673096,0.8864447474479675,0.40342220664024353,0.0719502717256546,0.003068878491177143,0.4137572749736249,0.17834980460016445,0.004701803932401748,0.6146229434211505,True,False,False,Stim8hr,24
HNRNPL-4,HNRNPL,70,11,1.4340474605560303,1.402124047279358,1.4823505878448486,-0.053960368037223816,0.07170407474040985,0.6709078979490739,0.41799789539462046,,0.7330886808050492,0.6189773063361216,False,False,False,Stim8hr,24
CTDNEP1-2,CTDNEP1,38,12,0.20638738572597504,0.29673802852630615,0.23145103454589844,0.19233857095241547,0.07096540927886963,0.1643088492291529,0.40511593636593224,0.3689608845873481,0.1994920941818318,0.6060713889778306,False,False,False,Stim8hr,24
WDR73-4,WDR73,100,12,0.30631446838378906,0.6135876774787903,0.33881163597106934,0.605221152305603,0.07090528309345245,3.4716581521096337e-07,0.41124661513676447,0.11715598971274756,7.280315658464183e-07,0.612577667761813,True,False,False,Stim8hr,24
ZNF585B-3,ZNF585B,151,16,0.03897136077284813,0.24776294827461243,0.052314531058073044,0.6615936756134033,0.07073807716369629,2.763029322752947e-09,0.40108224198657627,0.10692072758723209,6.665398871544383e-09,0.6009877334363041,True,False,False,Stim8hr,24
C1orf86-3,FAAP20,39,10,0.22191084921360016,0.6216246485710144,0.2503288686275482,0.8151252865791321,0.07059232145547867,6.720468158383466e-05,0.4203053378894903,0.0866030322181958,0.00011783221367983983,0.6216639764951319,True,False,False,Stim8hr,24
CDC23-4,CDC23,176,15,0.402084618806839,0.462995707988739,0.4363163709640503,0.13030938804149628,0.07036076486110687,0.04577668294053272,0.39978622043535683,0.5399516175971979,0.06116739216691086,0.6002659379712912,False,False,False,Stim8hr,24
WDR31-3,WDR31,85,10,0.03202173858880997,0.05774076282978058,0.041984640061855316,0.11862976104021072,0.06962422281503677,0.1875739206732429,0.40888162261134536,0.5869035072188754,0.22470518935670084,0.6097753535946799,False,False,False,Stim8hr,24
PKP4-3,PKP4,191,14,0.14223751425743103,0.21741093695163727,0.16412010788917542,0.22194604575634003,0.06941094249486923,0.003059962209364626,0.40418498236200007,0.3127379100552706,0.004690001531356722,0.6049179276980943,True,False,False,Stim8hr,24
SNF8-2,SNF8,61,11,0.4965616762638092,0.7953982353210449,0.5314137935638428,0.5087141990661621,0.06886088103055954,0.0004532513265685468,0.4140157517968005,0.13536260862575936,0.0007452053060546643,0.6147654390638003,True,False,False,Stim8hr,24
RBM41-4,RBM41,50,11,0.19885364174842834,0.3259386122226715,0.22186794877052307,0.27010637521743774,0.06837690621614456,0.058269145159132514,0.40710293980984597,0.253148064947007,0.07666784087457143,0.6083221328964193,False,False,False,Stim8hr,24
SAT2-4,SAT2,75,18,0.2554311156272888,0.3576211631298065,0.28362876176834106,0.22970035672187805,0.06695156544446945,0.03451828165395681,0.3931878168114162,0.29147349355462526,0.04703389540375299,0.5931536989153474,True,False,False,Stim8hr,24
CALML4-4,CALML4,87,12,0.09897597879171371,0.3501876890659332,0.11743547767400742,0.5555770397186279,0.06693967431783676,6.489915596934377e-05,0.41512690191924756,0.1204867543693641,0.00011409111060947353,0.6156901737484684,True,False,False,Stim8hr,24
MTFR1-1,MTFR1,67,10,0.35188421607017517,0.3688521385192871,0.3854838013648987,0.036652855575084686,0.06693966686725616,0.3859750912960067,0.4255838585266558,1.8263151892798055,0.44028486077925016,0.6272635046562012,False,False,False,Stim8hr,24
MIS12-3,MIS12,65,10,0.4051930606365204,0.3667759299278259,0.4385020136833191,-0.07905197143554688,0.06651582568883896,0.7315255777836124,0.42302774082174976,,0.7939576061783921,0.6244695221654402,False,False,False,Stim8hr,24
ZNF486-3,ZNF486,67,12,0.05113270506262779,0.3990030586719513,0.06458290666341782,0.8151782751083374,0.06620528548955917,2.7727559998680996e-06,0.419421580877425,0.08121571380292301,5.426238588810699e-06,0.6208424340032961,True,False,False,Stim8hr,24
INSIG2-2,INSIG2,128,21,0.2830273509025574,0.8799551725387573,0.31197965145111084,0.9881933331489563,0.06519883126020432,1.2020198967720758e-15,0.39112516710335965,0.06597780927386251,4.456578083238367e-15,0.5907489544668155,True,False,False,Stim8hr,24
LMNA-2,LMNA,14,14,0.542069137096405,3.5455527305603027,0.6093810200691223,2.306002616882324,0.06441432237625122,7.451126452856937e-06,0.42291645250114657,0.027933325792725366,1.404166958732835e-05,0.6244695221654402,True,False,False,Stim8hr,24
PPP6C-1,PPP6C,95,10,1.144324541091919,2.5646166801452637,1.1975479125976562,2.439919948577881,0.06432633846998215,5.338661214757799e-41,0.43653186048806797,0.026364118424243823,9.257669469716776e-40,0.6411508723750963,True,False,False,Stim8hr,24
MPV17L2-1,MPV17L2,171,14,0.21945080161094666,0.7196337580680847,0.24666287004947662,0.8755501508712769,0.06411907076835632,1.86298311351792e-16,0.4179853177988587,0.0732328932894937,7.204155699973796e-16,0.6189773063361216,True,False,False,Stim8hr,24
SNRNP25-2,SNRNP25,330,31,0.8194082379341125,1.1014262437820435,0.8625958561897278,0.4349605143070221,0.06399742513895035,5.858066124301748e-13,0.37374370569566656,0.14713387315377552,1.7795083819854563e-12,0.5699591511858915,True,False,False,Stim8hr,24
ZNF18-2,ZNF18,98,14,0.11756063997745514,0.1448829621076584,0.13924363255500793,0.09036719053983688,0.06344514340162277,0.20075300772684823,0.4196177410874701,0.7020816185898137,0.2387917197415325,0.6208897874776259,False,False,False,Stim8hr,24
KBTBD6-3,KBTBD6,55,16,0.0986616387963295,0.09040811657905579,0.11470469832420349,-0.029057443141937256,0.06313332170248032,0.5781530053553323,0.40097659379018963,,0.6402398830781988,0.6009877334363041,False,False,False,Stim8hr,24
SELENOI-4,SELENOI,79,17,0.6771960854530334,0.6847779154777527,0.7124122381210327,0.013846060261130333,0.06290684640407562,0.4508457591023445,0.40070303689927755,4.543302948108083,0.508513046160933,0.6008956723049436,False,False,False,Stim8hr,24
TMEM216-2,TMEM216,172,17,0.2787558138370514,1.0253676176071167,0.318172812461853,1.1820813417434692,0.06160137802362442,8.181083358410338e-26,0.42124313419555803,0.05211263882464098,5.54049900997772e-25,0.6228074798778735,True,False,False,Stim8hr,24
RBM41-3,RBM41,112,12,0.19885364174842834,0.443903386592865,0.22319507598876953,0.5292299389839172,0.061419904232025146,3.5360878281078042e-06,0.4246019817268365,0.11605523366638491,6.847296760787621e-06,0.6260603098989846,True,False,False,Stim8hr,24
LSM10-2,LSM10,47,10,0.7699772715568542,1.4305810928344727,0.8163877725601196,0.9756635427474976,0.061077553778886795,2.455187701256536e-07,0.43807736009549136,0.06260104134555504,5.202307310004946e-07,0.6421738666206,True,False,False,Stim8hr,24
COASY-4,COASY,78,11,0.6248270869255066,0.8781187534332275,0.6593313813209534,0.4781976640224457,0.06064477935433388,3.0479559355757954e-05,0.42667593400269344,0.12681948055582162,5.497409329697575e-05,0.6286281193604155,True,False,False,Stim8hr,24
ZMYM6NB-2,TMEM35B,123,13,0.23953324556350708,0.43095314502716064,0.262382835149765,0.419948548078537,0.060571469366550446,3.612485932961234e-05,0.4133809137952087,0.14423545370901633,6.46735328831532e-05,0.6143462335905431,True,False,False,Stim8hr,24
NDUFA1-4,NDUFA1,31,12,1.075652003288269,1.504607915878296,1.111441731452942,0.808545708656311,0.05943352356553078,1.5240438434426747e-05,0.42402893523270097,0.07350669594709854,2.818497150929136e-05,0.6254602543119866,True,False,False,Stim8hr,24
NARFL-4,CIAO3,187,11,0.39846304059028625,0.39661532640457153,0.43733346462249756,-0.0037394948303699493,0.059403568506240845,0.519275120646472,0.4375777826321321,,0.5788517992331816,0.6419391675386825,False,False,False,Stim8hr,24
ALG1-4,ALG1,33,10,0.4959045946598053,0.6324331164360046,0.5312742590904236,0.2654542326927185,0.05761203542351723,0.07313088266714023,0.4390287291332079,0.21703189600373451,0.09517960970926473,0.643069966530516,False,False,False,Stim8hr,24
SUSD3-3,SUSD3,109,10,0.4007819890975952,0.527361273765564,0.42951735854148865,0.23355808854103088,0.05582759901881218,0.014068909514681854,0.4353680128029448,0.23903089534406996,0.019979608187027077,0.6401873345337236,True,False,False,Stim8hr,24
ZNF680-4,ZNF680,60,12,0.160002663731575,0.3365040421485901,0.17761480808258057,0.46723446249961853,0.05397985875606537,0.0010353239402967381,0.4278537047634649,0.11553055925558882,0.001646893326667004,0.6301178782770344,True,False,False,Stim8hr,24
UFM1-1,UFM1,105,18,1.1195050477981567,1.050755262374878,1.1507221460342407,-0.11660997569561005,0.0533592589199543,0.891362237846457,0.4075083900989976,,0.9410040332383972,0.608447189638535,False,False,False,Stim8hr,24
CXorf23-1,BCLAF3,242,18,0.1296028196811676,0.13306406140327454,0.1456952691078186,0.011880464851856232,0.0533333383500576,0.42500118249856783,0.4126419910181559,4.4891625887622295,0.48169780936639944,0.6139307671245735,False,False,False,Stim8hr,24
TMEM217-1,TMEM217,99,13,0.09018893539905548,0.5105391144752502,0.10720149427652359,0.954646110534668,0.05231687054038048,3.341102966521202e-11,0.43827709909218043,0.054802371227469206,9.057853513044191e-11,0.6422177407077204,True,False,False,Stim8hr,24
FAM120A-2,FAM120A,38,13,0.9758197069168091,0.9455098509788513,1.007602572441101,-0.049150243401527405,0.05203833431005478,0.6097144256024294,0.431985176207615,,0.6721110843228605,0.6354601075134967,False,False,False,Stim8hr,24
FAM102A-2,EEIG1,103,10,0.39319226145744324,0.40142276883125305,0.4228397011756897,0.016202881932258606,0.051700521260499954,0.4338588566161842,0.44208253189175384,3.190822563334765,0.4908520182957239,0.6465414290853105,False,False,False,Stim8hr,24
SLC25A51-3,SLC25A51,48,11,0.2658601999282837,0.7859006524085999,0.28717440366744995,0.9504702091217041,0.05151398479938507,9.875505443971585e-07,0.4363204376026116,0.054198421270864786,2.0109836520188582e-06,0.6410893143018948,True,False,False,Stim8hr,24
GTF2H4-4,GTF2H4,42,11,0.4959495961666107,0.7331602573394775,0.5230216979980469,0.44496092200279236,0.051284413784742355,0.0047992425592211,0.43743382508905343,0.11525599496222844,0.007173819472944721,0.6419391675386825,True,False,False,Stim8hr,24
ACVR2B-2,ACVR2B,137,12,0.05185437947511673,0.1375284194946289,0.062164057046175,0.32786375284194946,0.05029446631669998,0.0008921431163293748,0.4356500558484828,0.153400508231677,0.0014267648597376726,0.6403530941387339,True,False,False,Stim8hr,24
BTF3L4-4,BTF3L4,104,12,1.0572400093078613,1.1545950174331665,1.0891653299331665,0.17150777578353882,0.050201140344142914,0.03848506039715563,0.43755469348865905,0.2927047483112493,0.052144964455431264,0.6419391675386825,False,False,False,Stim8hr,24
FANCA-3,FANCA,65,11,0.5468950271606445,0.6615352630615234,0.5782147645950317,0.20093965530395508,0.04941844567656517,0.055638239640126284,0.44187245942265163,0.24593674952717245,0.07340602957637951,0.6464841940179762,False,False,False,Stim8hr,24
GNB5-1,GNB5,218,11,0.22091399133205414,0.28336843848228455,0.2406570464372635,0.15302778780460358,0.04891049489378929,0.016441847234664457,0.43961489120102226,0.31961838823836086,0.02315390504604787,0.6436792561061813,True,False,False,Stim8hr,24
ANO6-1,ANO6,79,13,0.23041683435440063,1.9093564748764038,0.2564355731010437,2.5942842960357666,0.04798496887087822,1.2337755652843652e-29,0.4453304037264276,0.018496418817398826,1.0745518267915857e-28,0.6498690554836185,True,False,False,Stim8hr,24
ZNF248-1,ZNF248,46,13,0.06531823426485062,0.1399063616991043,0.0746711939573288,0.29027312994003296,0.047127045691013336,0.04621150006891691,0.4281913574055511,0.16235414452846267,0.061705756480145604,0.6303696822529367,False,False,False,Stim8hr,24
RHOA-1,RHOA,64,11,1.6404361724853516,2.0479373931884766,1.6626330614089966,0.661443293094635,0.046925097703933716,3.930367622244903e-06,0.42298674723059926,0.07094349310639994,7.599365797610519e-06,0.6244695221654402,True,False,False,Stim8hr,24
KIF20B-1,KIF20B,140,16,0.5666568279266357,0.7301152944564819,0.601421594619751,0.24976667761802673,0.04634774476289749,0.0035292854657033366,0.43801426596565174,0.1855641641427366,0.005364680383598586,0.6421738666206,True,False,False,Stim8hr,24
FOXK1-3,FOXK1,266,15,0.5305689573287964,1.0918450355529785,0.5599257349967957,0.8775935769081116,0.0460229367017746,3.4245954337346162e-28,0.43999020191661264,0.05244219865865476,2.702634804541176e-27,0.6439794673562805,True,False,False,Stim8hr,24
DNAJC3-2,DNAJC3,60,10,0.6604251861572266,0.5966206789016724,0.6943064332008362,-0.11283806711435318,0.04580390453338623,0.808345783272912,0.4527839836458296,,0.8707167531800419,0.6583733280078922,False,False,False,Stim8hr,24
CLCN6-4,CLCN6,79,10,0.09065043926239014,0.1019648090004921,0.10376832634210587,0.04590762406587601,0.04508310928940773,0.3411981915095949,0.4510941369267088,0.982039698345418,0.39268256147845343,0.656420941076111,False,False,False,Stim8hr,24
ATG4B-2,ATG4B,115,12,0.8297260403633118,0.8341522812843323,0.8599020838737488,0.007889475673437119,0.04436855763196945,0.466326132894001,0.447927908167968,5.623765059743179,0.524362650741815,0.6528182461237977,False,False,False,Stim8hr,24
KLHL7-3,KLHL7,106,13,0.23129966855049133,0.7130966782569885,0.2517496347427368,0.8772721290588379,0.044343821704387665,2.9047893006457894e-11,0.4461186717795362,0.050547395996680025,7.899310988465026e-11,0.65043208044341,True,False,False,Stim8hr,24
ADPRHL2-3,ADPRS,58,15,0.4805654287338257,0.7824403047561646,0.5015029311180115,0.4998956620693207,0.04406948387622833,0.0008260791366515289,0.4304082246020555,0.08815736406633831,0.0013249473336505444,0.6333867336361766,True,False,False,Stim8hr,24
CLEC16A-3,CLEC16A,42,10,0.5089077949523926,0.6023206114768982,0.5311105847358704,0.18042650818824768,0.044042278081178665,0.12942395328416506,0.445874916457375,0.2441009279813099,0.1619684230905716,0.650327394539835,False,False,False,Stim8hr,24
SETD3-4,SETD3,152,10,0.6640554070472717,1.1467323303222656,0.6868332624435425,0.7744698524475098,0.04404154419898987,7.758961535924327e-15,0.44386071749560874,0.05686669927797456,2.698192829084476e-14,0.6482513304074181,True,False,False,Stim8hr,24
ELMOD2-4,ELMOD2,60,12,0.16186831891536713,0.25014159083366394,0.17898373305797577,0.24782022833824158,0.043894678354263306,0.03988438617174476,0.4481136441995204,0.17712306476593556,0.05396533286428866,0.6528373660872828,False,False,False,Stim8hr,24
MLEC-3,MLEC,15,10,1.003918170928955,1.0411516427993774,1.0384562015533447,0.05264841765165329,0.04294918477535248,0.43085347950655534,0.4566987901047447,0.8157735159207348,0.4875944996347233,0.662283291478583,False,False,False,Stim8hr,24
SDR39U1-3,SDR39U1,154,30,0.44565993547439575,0.6837688088417053,0.46907609701156616,0.39547860622406006,0.04292355105280876,1.624816993842723e-05,0.414419041287012,0.1085357093336428,2.9934098690756595e-05,0.6151227685037204,True,False,False,Stim8hr,24
THAP6-4,THAP6,37,10,0.306100070476532,0.31757935881614685,0.32593896985054016,0.02621433511376381,0.04274638742208481,0.4376369447981225,0.45068848350766794,1.6306493083488836,0.4949815927272125,0.6563357122164035,False,False,False,Stim8hr,24
PPME1-1,PPME1,55,12,0.4442574977874756,0.883423388004303,0.46492162346839905,0.7162971496582031,0.04235798865556717,1.7146470311392453e-05,0.4436494978288352,0.05913466035119533,3.154395846534472e-05,0.6482513304074181,True,False,False,Stim8hr,24
ZFP36L1-4,ZFP36L1,58,11,0.38719144463539124,0.692535936832428,0.41223379969596863,0.5149906873703003,0.04097316786646843,0.0005240004285997926,0.4542747875799339,0.07956098793881096,0.000855115354200505,0.659547434113345,True,False,False,Stim8hr,24
HAVCR2-1,HAVCR2,75,12,0.5827155113220215,0.7552419900894165,0.6125299334526062,0.24350649118423462,0.03824787214398384,0.024958887247138538,0.4542890179442792,0.15707126310257527,0.03454402898521286,0.659547434113345,True,False,False,Stim8hr,24
FGFRL1-3,FGFRL1,261,34,0.021249964833259583,0.06501603126525879,0.026554815471172333,0.2630821764469147,0.03816217929124832,0.00027171502726781107,0.42146170036851965,0.1450580187782078,0.000454661190153451,0.6228871241866907,True,False,False,Stim8hr,24
SNAPC4-3,SNAPC4,288,39,0.3743666112422943,0.35748639702796936,0.3923368453979492,-0.03702981770038605,0.03808817267417908,0.7417489846953333,0.4066723831557275,,0.8044720349626696,0.607918953792475,False,False,False,Stim8hr,24
ARPC1A-1,ARPC1A,140,12,0.4145428538322449,1.304072618484497,0.4408356249332428,1.4502413272857666,0.0380387119948864,1.0448082047772866e-29,0.4586705118819111,0.02622922908015499,9.140889882067347e-29,0.6641239953818483,True,False,False,Stim8hr,24
COX16-3,COX16,132,11,1.1540324687957764,2.081249952316284,1.1798591613769531,1.2028692960739136,0.03766448050737381,6.014555847679752e-22,0.4573023817732281,0.03131219711926159,3.2303177031913335e-21,0.6626504244698653,True,False,False,Stim8hr,24
TRAF7-4,TRAF7,124,13,0.44360020756721497,0.5685762763023376,0.46456173062324524,0.24677900969982147,0.037446048110723495,0.005193897019891028,0.4533779490270088,0.15173919433533808,0.00772195300881146,0.6589836292160443,True,False,False,Stim8hr,24
UBE2E3-3,UBE2E3,39,19,0.7692779302597046,1.1778452396392822,0.7929182052612305,0.6315330862998962,0.03709454461932182,0.0005234270472845848,0.44241002627034076,0.058737294092786024,0.0008547687465580614,0.646770281930587,True,False,False,Stim8hr,24
SCNM1-3,SCNM1,31,10,0.8504759669303894,1.2429777383804321,0.871762752532959,0.5644489526748657,0.03628125041723251,0.005236415391043304,0.45666528349282076,0.06427729247312691,0.0077821746030608974,0.662283291478583,True,False,False,Stim8hr,24
AGER-4,AGER,72,20,0.07574743032455444,0.15578633546829224,0.08450864255428314,0.2944718301296234,0.03432057797908783,0.014418971016552212,0.44393732040063805,0.11654961346890218,0.020431718915722756,0.6482513304074181,True,False,False,Stim8hr,24
SF3A3-4,SF3A3,57,10,1.0193841457366943,1.068182349205017,1.0396053791046143,0.09087947010993958,0.034130729734897614,0.22802809337234703,0.45906758466323105,0.3755603954733524,0.2692472174262186,0.6644445484869268,False,False,False,Stim8hr,24
IDNK-4,IDNK,70,12,0.06273161619901657,0.20501160621643066,0.07046595215797424,0.4218134880065918,0.03384700044989586,0.003456925668294579,0.45729242617512,0.0802416267195489,0.005258824374230974,0.6626504244698653,True,False,False,Stim8hr,24
STK4-2,STK4,136,10,1.3257876634597778,1.7382805347442627,1.3485612869262695,0.6227073073387146,0.031756531447172165,4.292129420061274e-10,0.466193884625294,0.05099752495741721,1.0876582219775195e-09,0.6721865313201913,True,False,False,Stim8hr,24
NUPL1-2,NUP58,85,10,1.1463102102279663,1.6048636436462402,1.1720917224884033,0.6374881863594055,0.03162192180752754,1.109028670138318e-06,0.4681797191187319,0.04960393382050787,2.251240875288649e-06,0.673253116998876,True,False,False,Stim8hr,24
STARD9-4,STARD9,100,13,0.03605573624372482,0.29088321328163147,0.040874045342206955,0.7124559879302979,0.031299129128456116,3.357320531307915e-07,0.454063307460132,0.04393131598118903,7.048185936247399e-07,0.659547434113345,True,False,False,Stim8hr,24
ZC3H10-3,ZC3H10,99,10,0.12210442870855331,0.17784111201763153,0.13107237219810486,0.17883865535259247,0.0311576034873724,0.04658888917499926,0.4607347454096765,0.17422186174428053,0.06216674756374124,0.6663475361909739,False,False,False,Stim8hr,24
PRKCSH-4,PRKCSH,297,16,0.4934491217136383,0.8286264538764954,0.5122109651565552,0.5588363409042358,0.03108963929116726,1.2258973916992128e-15,0.45780068486171227,0.05563281593473694,4.53640690306302e-15,0.6631184182868617,True,False,False,Stim8hr,24
DHRS7B-4,DHRS7B,106,11,0.14533574879169464,0.39504411816596985,0.15554021298885345,0.639345109462738,0.030978204682469368,1.077083671828385e-07,0.46300915075463434,0.048453025172119225,2.3478481166631145e-07,0.6693809664197351,True,False,False,Stim8hr,24
MOSPD2-2,MOSPD2,170,17,0.30431637167930603,0.7680131793022156,0.31950658559799194,0.7690361738204956,0.030720431357622147,2.657873514868303e-14,0.4554292327433122,0.03994666623418517,8.837486570933557e-14,0.6609491013949373,True,False,False,Stim8hr,24
RNASEH2B-1,RNASEH2B,249,16,0.1949605494737625,0.607038140296936,0.20548900961875916,0.9590622186660767,0.030590010806918144,7.18783338354531e-30,0.4525115009039816,0.0318957521332293,6.345970706431441e-29,0.6582301909303302,True,False,False,Stim8hr,24
VRK3-1,VRK3,84,10,0.2918454110622406,0.5449644327163696,0.30630311369895935,0.5055204629898071,0.030329573899507523,6.67255199708611e-05,0.46698488269618976,0.05999672836214953,0.00011717874011231602,0.6727112789887739,True,False,False,Stim8hr,24
PPP2R3C-3,PPP2R3C,73,18,0.48726341128349304,0.7187201380729675,0.5028407573699951,0.4226870834827423,0.030288172885775566,0.0006655861513574584,0.45100819475028353,0.07165625369059139,0.0010769128231377788,0.656420941076111,True,False,False,Stim8hr,24
PSIP1-4,PSIP1,41,12,0.3645794093608856,0.8386975526809692,0.3827838599681854,0.8517913222312927,0.030218305066227913,1.590670161039548e-05,0.46612078769169635,0.03547618328286107,2.9332959049785083e-05,0.6721865313201913,True,False,False,Stim8hr,24
CRTAP-2,CRTAP,91,10,0.3711719810962677,0.41445109248161316,0.3858131468296051,0.0920189768075943,0.028619054704904556,0.19476988671125112,0.46770198990118,0.3110125291302156,0.23231806042949046,0.6730002959418062,False,False,False,Stim8hr,24
INTS6-4,INTS6,89,10,0.7465003132820129,0.9083676934242249,0.7628368139266968,0.2780093848705292,0.02858509123325348,0.005855924300972213,0.4649715745076866,0.10282059811241892,0.008643076057961658,0.6714480697930778,True,False,False,Stim8hr,24
CUL2-3,CUL2,86,11,0.8458920121192932,1.445685625076294,0.8636913299560547,0.9326962232589722,0.028073739260435104,7.323516486525823e-12,0.4670914380286939,0.030099552845128396,2.0808257350033327e-11,0.6727112789887739,True,False,False,Stim8hr,24
SLC2A3-3,SLC2A3,60,10,0.5221150517463684,1.22954523563385,0.5382863283157349,0.8524969816207886,0.02801024727523327,1.0196462319454519e-06,0.46747802405430183,0.03285671137741683,2.074156748518181e-06,0.6730002959418062,True,False,False,Stim8hr,24
GGA1-3,GGA1,80,10,0.469230979681015,0.6015521883964539,0.4822157919406891,0.23966442048549652,0.02787739597260952,0.0271396903908786,0.46358811947293266,0.11631845860197902,0.03737207068442847,0.6699618906559539,True,False,False,Stim8hr,24
WDR48-4,WDR48,97,12,0.24749881029129028,0.6164314150810242,0.25753411650657654,0.7346825003623962,0.02769257128238678,1.2204164629472699e-08,0.4601595209051689,0.03769325017096077,2.831044068516552e-08,0.6657702020135228,True,False,False,Stim8hr,24
RSAD2-2,RSAD2,71,11,0.0754842534661293,0.08552725613117218,0.08305075019598007,0.03546084091067314,0.02704036235809326,0.3827154094011743,0.4646077861236525,0.7625414869943072,0.43721137020807715,0.6711790095949786,False,False,False,Stim8hr,24
C5orf28-2,TMEM267,208,29,0.3774583339691162,0.7589091658592224,0.3904617428779602,0.7050341367721558,0.0268081184476614,5.88772476725915e-17,0.4453888397180167,0.03802385877426658,2.359360795335869e-16,0.6498690554836185,True,False,False,Stim8hr,24
RPP14-4,RPP14,115,14,0.07015857100486755,0.08954291045665741,0.076898954808712,0.08639410883188248,0.02657763473689556,0.18855021305031427,0.46574724371616083,0.307632489023227,0.2257348835497106,0.6721865313201913,False,False,False,Stim8hr,24
HRH2-4,HRH2,76,10,0.5595426559448242,1.419456124305725,0.5777141451835632,1.2378833293914795,0.026439476758241653,4.616471872008257e-15,0.47087154763853634,0.021358617674606548,1.6377886907390763e-14,0.6760957453185058,True,False,False,Stim8hr,24
PHF23-3,PHF23,57,11,0.521303117275238,0.7846869826316833,0.5342571139335632,0.4356487989425659,0.025847256183624268,0.0026726984920869045,0.4660482339769178,0.05933048879363916,0.004120943009928254,0.6721865313201913,True,False,False,Stim8hr,24
FAM193A-4,FAM193A,61,10,0.34052029252052307,0.3125636875629425,0.3518145680427551,-0.06449179351329803,0.025030411779880524,0.6942531046074761,0.4700742841862572,,0.7558211586478351,0.675463884039675,False,False,False,Stim8hr,24
C11orf68-1,C11orf68,167,12,0.20705358684062958,0.2693239748477936,0.2172342985868454,0.15628966689109802,0.024786321446299553,0.030257409839157763,0.46933649612623074,0.15859219575642552,0.04149127796029187,0.6746600639868509,True,False,False,Stim8hr,24
UBL4A-4,UBL4A,75,14,0.33290421962738037,0.4285687208175659,0.34507516026496887,0.21173681318759918,0.024558842182159424,0.04188501321592115,0.4678259592890028,0.11598758766809363,0.05653380317834802,0.6730002959418062,False,False,False,Stim8hr,24
DTNB-3,DTNB,53,13,0.23521997034549713,0.4046071469783783,0.2443539798259735,0.4044312536716461,0.023506637662649155,0.0040972681500879024,0.4670601647706353,0.058122703053345055,0.0061650334382840144,0.6727112789887739,True,False,False,Stim8hr,24
DHODH-1,DHODH,15,13,0.3268586993217468,0.5662123560905457,0.33542996644973755,0.5337761044502258,0.02028341218829155,0.03271106793317593,0.47074980381847303,0.03799985053505324,0.044681631825358996,0.6760957453185058,True,False,False,Stim8hr,24
CSNK1D-4,CSNK1D,96,11,0.6631616353988647,0.7117764353752136,0.675798773765564,0.08633522689342499,0.02016754075884819,0.20849475499747394,0.4767633360723701,0.2335957347253359,0.24731571091264776,0.6832327382028003,False,False,False,Stim8hr,24
FBXW11-3,FBXW11,122,11,0.22264988720417023,0.39446157217025757,0.23033608496189117,0.40581125020980835,0.019091349095106125,5.4206148255573564e-05,0.47726767316357355,0.04704489854639494,9.571469191977305e-05,0.6832815531936273,True,False,False,Stim8hr,24
SBDS-2,SBDS,133,14,0.3056609034538269,0.6191409826278687,0.31567689776420593,0.552001416683197,0.018829965963959694,2.842335803990154e-07,0.4766212274023846,0.0341121696337358,5.993082090528859e-07,0.6832327382028003,True,False,False,Stim8hr,24
NXF1-4,NXF1,28,12,0.4643552601337433,0.6646555066108704,0.4752720296382904,0.36084115505218506,0.01812497153878212,0.04502394330736769,0.4785589871302329,0.05022977918403148,0.06024484040470272,0.6847938287274086,False,False,False,Stim8hr,24
INTS3-4,INTS3,91,12,0.6266388297080994,0.8060352802276611,0.6368841528892517,0.31312793493270874,0.017861520871520042,0.003040532998893919,0.477321486921619,0.05704224656723293,0.004662070224711651,0.6832815531936273,True,False,False,Stim8hr,24
TUBB-3,TUBB,111,15,1.1197890043258667,1.0744339227676392,1.1321531534194946,-0.06637290120124817,0.01693010702729225,0.7666450583667415,0.4749340779846182,,0.8301922264643488,0.6814114882161707,False,False,False,Stim8hr,24
GGT2-4,OSGEP,13,10,0.4005907475948334,0.5715500712394714,0.4076303541660309,0.30524080991744995,0.016915515065193176,0.17893177644317615,0.47647072818201813,0.055416951192626726,0.21542004343267812,0.6832327382028003,False,False,False,Stim8hr,24
VPS11-1,VPS11,13,10,0.2955799698829651,0.3005999028682709,0.30459102988243103,0.013138473965227604,0.01630851812660694,0.4795365400440286,0.4832969466421527,1.2412794796236764,0.5373421617937579,0.689746812151178,False,False,False,Stim8hr,24
ATP5J-4,ATP5PF,194,16,0.10730622708797455,0.14829027652740479,0.11212460696697235,0.13941985368728638,0.016208497807383537,0.038891032117205515,0.4769260784916427,0.11625674090677647,0.05265813067130032,0.6832327382028003,False,False,False,Stim8hr,24
DDX11-4,DDX11,21,156,0.028643256053328514,0.034864574670791626,0.030693011358380318,0.0415702722966671,0.01578298956155777,0.43009759777660683,0.41605524823963996,0.37967010292648895,0.48688156048071973,0.6165834439037298,False,False,False,Stim8hr,24
CCAR1-3,CCAR1,80,10,0.24657362699508667,0.3490193486213684,0.2525974214076996,0.2592810094356537,0.015240705572068691,0.014672737005103537,0.4821048469357473,0.05878064731868073,0.020783690109426878,0.6888252856482796,True,False,False,Stim8hr,24
INO80-2,INO80,60,12,0.471743106842041,0.47622257471084595,0.47990933060646057,0.008909433148801327,0.015182157047092915,0.47291901719886936,0.48084557706062625,1.7040542078858876,0.5313125623207519,0.6875455472375381,False,False,False,Stim8hr,24
ACO2-2,ACO2,101,10,0.32285964488983154,0.4427974820137024,0.32866567373275757,0.2614799439907074,0.0146883400157094,0.008029575892028682,0.48051477845854607,0.05617386860168289,0.011693727520191608,0.687332410034123,True,False,False,Stim8hr,24
ARNT-3,ARNT,83,29,0.2838939428329468,0.501421332359314,0.28938132524490356,0.46984198689460754,0.01324993185698986,0.00010373372073842122,0.47205882191990445,0.028200825440409215,0.00017948022286151,0.6775432502850394,True,False,False,Stim8hr,24
LDLR-1,LDLR,39,10,0.37192967534065247,0.5253179669380188,0.37836772203445435,0.28875604271888733,0.011548243463039398,0.04633326379087759,0.48693514972850627,0.03999307981333557,0.06184699036221044,0.6938917619718202,False,False,False,Stim8hr,24
CEBPG-3,CEBPG,95,20,0.7067848443984985,0.7418653964996338,0.7140558958053589,0.0568201020359993,0.011516965925693512,0.30541367030629785,0.48157896867730865,0.20269175015554797,0.35360319253726163,0.6883339605206279,False,False,False,Stim8hr,24
FBXO9-4,FBXO9,143,14,0.6430888175964355,1.0117651224136353,0.6489664316177368,0.5856807231903076,0.011189487762749195,2.631276697017245e-09,0.4831657433650025,0.01910509825523718,6.355494682926724e-09,0.689746812151178,True,False,False,Stim8hr,24
CUTC-3,CUTC,196,12,0.4942910671234131,0.4600673317909241,0.49963852763175964,-0.07001518458127975,0.011019821278750896,0.8433218760496353,0.48448456559067055,,0.8938369498584391,0.6911809230720166,False,False,False,Stim8hr,24
REV1-2,REV1,92,14,0.4109570384025574,0.5707478523254395,0.4158991277217865,0.2914256751537323,0.010751467198133469,0.006288013085676126,0.48310160332825053,0.0368926560518797,0.009242016952607214,0.689746812151178,True,False,False,Stim8hr,24
GOLGA1-4,GOLGA1,28,10,0.2536275088787079,0.22346457839012146,0.2575627863407135,-0.08108734339475632,0.009494777768850327,0.6774882529479467,0.48874804111168624,,0.7398607947330443,0.6956887811382753,False,False,False,Stim8hr,24
GDAP2-2,GDAP2,59,10,0.39961978793144226,0.9701820015907288,0.4034530520439148,0.9594041109085083,0.008826600387692451,2.5837634709960555e-08,0.48827091925359534,0.009200086061059397,5.880761237399497e-08,0.6955331889329934,True,False,False,Stim8hr,24
LOC101928436-3,RNPC3,91,15,0.11842648684978485,0.15559566020965576,0.120793916285038,0.11180289834737778,0.008476688526570797,0.17061775605702717,0.48662430167874615,0.07581814650487198,0.2062453462558687,0.6937101805311037,False,False,False,Stim8hr,24
NOL8-4,NOL8,64,10,0.7815350294113159,0.8389902114868164,0.786365270614624,0.09775491803884506,0.00828968919813633,0.2268180445202651,0.4901133549009481,0.08480073805434771,0.26790023767863935,0.6971074495055982,False,False,False,Stim8hr,24
SNX17-4,SNX17,230,16,1.2024104595184326,1.378014087677002,1.207868218421936,0.27843353152275085,0.00811390858143568,5.906704536480672e-05,0.48865583226126696,0.029141276688410253,0.00010406025714155243,0.6956887811382753,True,False,False,Stim8hr,24
TCF3-4,TCF3,177,27,0.6696791648864746,0.5984085202217102,0.6748215556144714,-0.12747728824615479,0.008075370453298092,0.9517086667842927,0.4851753280402237,,0.9922440373304946,0.6919053886305151,False,False,False,Stim8hr,24
C16orf91-3,UQCC4,163,14,0.05272016301751137,0.15838658809661865,0.054173052310943604,0.41479313373565674,0.007242200430482626,6.904495193299551e-06,0.48950708653108577,0.01745978860657323,1.3036954547113947e-05,0.6965070734614621,True,False,False,Stim8hr,24
TIMM10-4,TIMM10,26,10,1.3167606592178345,1.8913941383361816,1.3206266164779663,0.9236008524894714,0.006309800781309605,3.747073403969453e-05,0.4920974994650426,0.006831739884499005,6.698998082824723e-05,0.699666444728117,True,False,False,Stim8hr,24
ZNF142-3,ZNF142,138,15,0.49787598848342896,1.704044222831726,0.5005930662155151,1.6052343845367432,0.0045506926253438,1.3360905563450078e-31,0.4938394423198256,0.002834908515031025,1.3146723107852788e-30,0.7018792825455018,True,False,False,Stim8hr,24
VPS18-1,VPS18,66,12,0.11690221726894379,0.05808035284280777,0.11811260133981705,-0.2453693151473999,0.004252809099853039,0.9906613732661189,0.4944312742715399,,1.0,0.7024564535292878,False,False,False,Stim8hr,24
MCTS1-1,MCTS1,75,12,0.8287944197654724,1.0426735877990723,0.8303627967834473,0.392937034368515,0.0027522710151970387,0.0003738120592336636,0.49633251363651876,0.007004356358570743,0.0006185413919797078,0.7048928150857356,True,False,False,Stim8hr,24
PIK3R3-2,PIK3R3,78,11,0.07845961302518845,0.5263572335243225,0.07911144196987152,0.9303830862045288,0.0026319564785808325,1.4160639529450177e-08,0.49679432229274934,0.002828895449204503,3.269205555843811e-08,0.7052838314231149,True,False,False,Stim8hr,24
CLASRP-4,CLASRP,63,11,0.5459946990013123,0.9888859987258911,0.5465773940086365,0.7187890410423279,0.0009577301680110395,2.1996872309363004e-06,0.498901292646362,0.0013324217723495327,4.344326109310865e-06,0.7080092640857565,True,False,False,Stim8hr,24
CCDC53-1,WASHC3,126,10,0.4635586142539978,0.611783504486084,0.46390360593795776,0.28495901823043823,0.0006466779741458595,0.001098384934472085,0.4992403196649374,0.0022693718491930987,0.0017450511674624292,0.7082246395246786,True,False,False,Stim8hr,24
PRH2-3,PRH2,49,10,0.0,0.0,0.0,0.0,0.0,,,,,,False,False,False,Stim8hr,24
TBATA-1,TBATA,113,11,0.0,0.00899800006300211,0.0,0.13303802907466888,0.0,0.15973303938382072,,0.0,0.19671581633669896,,False,False,False,Stim8hr,24
OR13H1-3,OR13H1,68,11,0.0,0.0,0.0,0.0,0.0,,,,,,False,False,False,Stim8hr,24
TEX13A-3,TEX13A,83,10,0.0,0.0,0.0,0.0,0.0,,,,,,False,False,False,Stim8hr,24
KAAG1-3,KAAG1,144,11,0.0,0.0,0.0,0.0,0.0,,,,,,False,False,False,Stim8hr,24
OR51G2-2,OR51G2,108,10,0.0,0.0,0.0,0.0,0.0,,,,,,False,False,False,Stim8hr,24
RS1-1,RS1,139,13,0.0,0.2502789795398712,0.0,0.4932934641838074,0.0,3.345703181377326e-05,,0.0,6.0147997221692794e-05,,True,False,False,Stim8hr,24
ADCY8-4,ADCY8,296,13,0.0,0.07897698879241943,0.0,0.4042734205722809,0.0,7.265920213927554e-07,,0.0,1.4953333404607693e-06,,True,False,False,Stim8hr,24
CSMD3-4,CSMD3,49,10,0.0,0.010848447680473328,0.0,0.2020304948091507,0.0,0.1611626202092904,,0.0,0.19690864213248843,,False,False,False,Stim8hr,24
VSTM2A-2,VSTM2A,145,11,0.0,0.16127556562423706,0.0,0.3976478576660156,0.0,0.0004574022353487538,,0.0,0.0007510719507828582,,True,False,False,Stim8hr,24
OR5M10-1,OR5M10,62,10,0.0,0.0,0.0,0.0,0.0,,,,,,False,False,False,Stim8hr,24
UNC13C-2,UNC13C,76,17,0.0,0.0,0.0,0.0,0.0,,,,,,False,False,False,Stim8hr,24
SERPINA4-3,SERPINA4,159,13,0.0,0.0,0.0,0.0,0.0,,,,,,False,False,False,Stim8hr,24
OR8D2-4,OR8D2,121,12,0.0,0.0,0.0,0.0,0.0,,,,,,False,False,False,Stim8hr,24
ZNF479-3,ZNF479,61,11,0.0,0.0,0.0,0.0,0.0,,,,,,False,False,False,Stim8hr,24
OR1A1-3,OR1A1,87,12,0.0,0.0,0.0,0.0,0.0,,,,,,False,False,False,Stim8hr,24
OR5L2-4,OR5L2,25,12,0.0,0.0,0.0,0.0,0.0,,,,,,False,False,False,Stim8hr,24
DEFB116-4,DEFB116,79,21,0.0,0.0,0.0,0.0,0.0,,,,,,False,False,False,Stim8hr,24
LUZP4-3,LUZP4,121,11,0.0,0.0,0.0,0.0,0.0,,,,,,False,False,False,Stim8hr,24
OR10A7-2,OR10A7,49,10,0.0,0.0,0.0,0.0,0.0,,,,,,False,False,False,Stim8hr,24
OR8K3-2,OR8K3,78,14,0.0,0.0,0.0,0.0,0.0,,,,,,False,False,False,Stim8hr,24
GBX2-4,GBX2,99,10,0.0,0.0,0.0,0.0,0.0,,,,,,False,False,False,Stim8hr,24
CES1-1,CES1,65,10,0.0,0.04005253687500954,0.0,0.3557932674884796,0.0,0.02334614078663895,,0.0,0.03238146571805338,,True,False,False,Stim8hr,24
C7orf62-1,TEX47,95,12,0.0,0.0,0.0,0.0,0.0,,,,,,False,False,False,Stim8hr,24
DSG3-3,DSG3,56,10,0.0,0.0,0.0,0.0,0.0,,,,,,False,False,False,Stim8hr,24
C20orf173-2,C20orf173,178,13,0.0,0.004949688445776701,0.0,0.10599979013204575,0.0,0.1593377980513144,,0.0,0.19660474316031679,,False,False,False,Stim8hr,24
CLDN14-3,CLDN14,67,19,0.0,0.049427252262830734,0.0,0.2654178738594055,0.0,0.06463281533310922,,0.0,0.0845231981376846,,False,False,False,Stim8hr,24
OR5K1-3,OR5K1,148,13,0.0,0.0,0.0,0.0,0.0,,,,,,False,False,False,Stim8hr,24
FAM47B-2,FAM47B,48,12,0.0,0.0,0.0,0.0,0.0,,,,,,False,False,False,Stim8hr,24
OR4P4-3,OR4P4,232,27,0.0,0.0,0.0,0.0,0.0,,,,,,False,False,False,Stim8hr,24
HSD3B2-4,HSD3B2,36,15,0.0,0.0,0.0,0.0,0.0,,,,,,False,False,False,Stim8hr,24
OR8D2-3,OR8D2,166,17,0.0,0.0,0.0,0.0,0.0,,,,,,False,False,False,Stim8hr,24
SLC22A12-1,SLC22A12,207,17,0.0,0.0,0.0,0.0,0.0,,,,,,False,False,False,Stim8hr,24
OR4C13-3,OR4C13,100,10,0.0,0.0,0.0,0.0,0.0,,,,,,False,False,False,Stim8hr,24
EVX2-1,EVX2,80,11,0.0,0.0,0.0,0.0,0.0,,,,,,False,False,False,Stim8hr,24
KRTAP5-2-3,KRTAP5-2,53,12,0.0,0.0,0.0,0.0,0.0,,,,,,False,False,False,Stim8hr,24
PSMB11-4,PSMB11,64,11,0.0,0.0,0.0,0.0,0.0,,,,,,False,False,False,Stim8hr,24
SLC5A10-1,SLC5A10,159,11,0.0,0.023129846900701523,0.0,0.2437891960144043,0.0,0.015608472123326805,,0.0,0.02204454408360291,,True,False,False,Stim8hr,24
KCNA10-1,KCNA10,52,10,0.0,0.0,0.0,0.0,0.0,,,,,,False,False,False,Stim8hr,24
SPRR2B-2,SPRR2B,242,28,0.0,0.008097037672996521,0.0,0.12457790970802307,0.0,0.08592528765629226,,0.0,0.11049986277581715,,False,False,False,Stim8hr,24
LYZL6-3,LYZL6,139,10,0.0,0.0,0.0,0.0,0.0,,,,,,False,False,False,Stim8hr,24
TMSB4Y-1,TMSB4Y,156,24,0.0,0.0,0.0,0.0,0.0,,,,,,False,False,False,Stim8hr,24
DYTN-4,DYTN,58,10,0.0,0.0,0.0,0.0,0.0,,,,,,False,False,False,Stim8hr,24
KDM5D-4,KDM5D,163,13,0.0,0.0,0.0,0.0,0.0,,,,,,False,False,False,Stim8hr,24
KRTAP10-11-1,KRTAP10-11,87,10,0.0,0.0,0.0,0.0,0.0,,,,,,False,False,False,Stim8hr,24
UGT2B11-2,UGT2B11,84,12,0.0,0.0,0.0,0.0,0.0,,,,,,False,False,False,Stim8hr,24
SPATA31A6-4,SPATA31A6,91,13,0.0,0.0,0.0,0.0,0.0,,,,,,False,False,False,Stim8hr,24
SPDYE1-3,SPDYE1,79,10,0.0,0.0,0.0,0.0,0.0,,,,,,False,False,False,Stim8hr,24
ADAMTS5-3,ADAMTS5,113,21,0.0,0.07244140654802322,0.0,0.27187180519104004,0.0,0.021671503153458806,,0.0,0.030156064301700324,,True,False,False,Stim8hr,24
OR12D3-2,OR12D3,80,14,0.0,0.0,0.0,0.0,0.0,,,,,,False,False,False,Stim8hr,24
PRLH-4,PRLH,70,11,0.0,0.02009541168808937,0.0,0.1690308302640915,0.0,0.1604023130106065,,0.0,0.1967671070126857,,False,False,False,Stim8hr,24
ANKRD60-2,ANKRD60,62,15,0.0,0.0,0.0,0.0,0.0,,,,,,False,False,False,Stim8hr,24
MAGEB6-4,MAGEB6,68,21,0.0,0.0,0.0,0.0,0.0,,,,,,False,False,False,Stim8hr,24
KRT82-1,KRT82,110,15,0.0,0.01285421010106802,0.0,0.18456658720970154,0.0,0.08694080503027286,,0.0,0.1116943830737758,,False,False,False,Stim8hr,24
PCDHA5-4,PCDHA5,150,15,0.0,0.0,0.0,0.0,0.0,,,,,,False,False,False,Stim8hr,24
IL1RAPL1-4,IL1RAPL1,54,11,0.0,0.0,0.0,0.0,0.0,,,,,,False,False,False,Stim8hr,24
C10orf129-3,ACSM6,111,18,0.0,0.04212849587202072,0.0,0.29850518703460693,0.0,0.014102052654614445,,0.0,0.020011977106566627,,True,False,False,Stim8hr,24
C8orf4-3,TCIM,51,12,0.0,0.0,0.0,0.0,0.0,,,,,,False,False,False,Stim8hr,24
C8B-2,C8B,94,10,0.0,0.05275465175509453,0.0,0.3537021279335022,0.0,0.008623166547009117,,0.0,0.012512489695040995,,True,False,False,Stim8hr,24
SRY-2,SRY,75,13,0.0,0.0,0.0,0.0,0.0,,,,,,False,False,False,Stim8hr,24
OR6Q1-2,OR6Q1,245,16,0.0,0.010211152955889702,0.0,0.09035077691078186,0.0,0.15915061565336922,,0.0,0.1964364604952374,,False,False,False,Stim8hr,24
KRTAP10-10-4,KRTAP10-10,75,12,0.0,0.0,0.0,0.0,0.0,,,,,,False,False,False,Stim8hr,24
SERPINA12-2,SERPINA12,81,16,0.0,0.007696963381022215,0.0,0.15713484585285187,0.0,0.16016282285914485,,0.0,0.19671602217241974,,False,False,False,Stim8hr,24
FAM181A-2,FAM181A,141,11,0.0,0.0,0.0,0.0,0.0,,,,,,False,False,False,Stim8hr,24
IGFL3-4,IGFL3,78,21,0.0,0.0,0.0,0.0,0.0,,,,,,False,False,False,Stim8hr,24
KRTAP17-1-1,KRTAP17-1,102,12,0.0,0.0,0.0,0.0,0.0,,,,,,False,False,False,Stim8hr,24
OR8K5-3,OR8K5,57,12,0.0,0.0,0.0,0.0,0.0,,,,,,False,False,False,Stim8hr,24
ADAMTS16-3,ADAMTS16,76,12,0.0,0.0,0.0,0.0,0.0,,,,,,False,False,False,Stim8hr,24
KCNG2-2,KCNG2,79,11,0.0,0.0,0.0,0.0,0.0,,,,,,False,False,False,Stim8hr,24
OR4D9-3,OR4D9,70,12,0.0,0.0,0.0,0.0,0.0,,,,,,False,False,False,Stim8hr,24
DEFB125-1,DEFB125,35,11,0.0,0.0,0.0,0.0,0.0,,,,,,False,False,False,Stim8hr,24
PRAMEF11-4,PRAMEF11,57,16,0.0,0.033367935568094254,0.0,0.2639603018760681,0.0,0.08215807741629542,,0.0,0.1061849215804861,,False,False,False,Stim8hr,24
HBG1-1,HBG1,61,11,0.0,0.0,0.0,0.0,0.0,,,,,,False,False,False,Stim8hr,24
FOXD4L6-1,FOXD4L6,173,17,0.0,0.03672642633318901,0.0,0.24101196229457855,0.0,0.013134888136873009,,0.0,0.01869437336227012,,True,False,False,Stim8hr,24
MUC15-2,MUC15,106,11,0.0,0.2932267487049103,0.0,0.5945048928260803,0.0,1.721709277212476e-05,,0.0,3.165393588180461e-05,,True,False,False,Stim8hr,24
IRX2-3,IRX2,106,18,0.0,0.0,0.0,0.0,0.0,,,,,,False,False,False,Stim8hr,24
KRTAP5-1-1,KRTAP5-1,67,10,0.0,0.0,0.0,0.0,0.0,,,,,,False,False,False,Stim8hr,24
USH2A-3,USH2A,90,10,0.0,0.0,0.0,0.0,0.0,,,,,,False,False,False,Stim8hr,24
KRTAP9-8-1,KRTAP9-8,69,12,0.0,0.0,0.0,0.0,0.0,,,,,,False,False,False,Stim8hr,24
CXorf61-1,CT83,83,10,0.0,0.0,0.0,0.0,0.0,,,,,,False,False,False,Stim8hr,24
TAS1R2-1,TAS1R2,59,10,0.0,0.0,0.0,0.0,0.0,,,,,,False,False,False,Stim8hr,24
PP2D1-3,PP2D1,27,10,0.0,0.05531405657529831,0.0,0.39250093698501587,0.0,0.08060066894403152,,0.0,0.10434643013276527,,False,False,False,Stim8hr,24
NLRP8-4,NLRP8,68,11,0.0,0.0,0.0,0.0,0.0,,,,,,False,False,False,Stim8hr,24
OR5M11-1,OR5M11,323,41,0.0,0.0,0.0,0.0,0.0,,,,,,False,False,False,Stim8hr,24
PATE3-3,PATE3,126,15,0.0,0.019341204315423965,0.0,0.21008040010929108,0.0,0.04896306871324414,,0.0,0.06511010547252927,,False,False,False,Stim8hr,24
FABP4-4,FABP4,75,10,0.0,0.08734512329101562,0.0,0.2799582779407501,0.0,0.04532165301207599,,0.0,0.06060125594664517,,False,False,False,Stim8hr,24
CLDN34-2,CLDN34,54,10,0.0,0.0,0.0,0.0,0.0,,,,,,False,False,False,Stim8hr,24
OR5K1-4,OR5K1,88,11,0.0,0.0,0.0,0.0,0.0,,,,,,False,False,False,Stim8hr,24
OR10S1-4,OR10S1,13,10,0.0,0.0,0.0,0.0,0.0,,,,,,False,False,False,Stim8hr,24
PDX1-3,PDX1,53,11,0.0,0.0,0.0,0.0,0.0,,,,,,False,False,False,Stim8hr,24
OR5L2-2,OR5L2,329,29,0.0,0.0,0.0,0.0,0.0,,,,,,False,False,False,Stim8hr,24
SRY-3,SRY,104,11,0.0,0.0,0.0,0.0,0.0,,,,,,False,False,False,Stim8hr,24
IFNL2-4,IFNL2,183,22,0.0,0.1254829615354538,0.0,0.5101408958435059,0.0,1.1554096187599126e-06,,0.0,2.3343620667422057e-06,,True,False,False,Stim8hr,24
PATE4-4,PATE4,70,11,0.0,0.0,0.0,0.0,0.0,,,,,,False,False,False,Stim8hr,24
LCE1D-1,LCE1D,104,11,0.0,0.0,0.0,0.0,0.0,,,,,,False,False,False,Stim8hr,24
CFHR5-3,CFHR5,53,12,0.0,0.03468678519129753,0.0,0.1942571997642517,0.0,0.16097065864016027,,0.0,0.19690864213248843,,False,False,False,Stim8hr,24
NLGN4Y-2,NLGN4Y,95,14,0.0,0.0,0.0,0.0,0.0,,,,,,False,False,False,Stim8hr,24
SMR3B-4,SMR3B,101,11,0.0,0.0,0.0,0.0,0.0,,,,,,False,False,False,Stim8hr,24
CPZ-2,CPZ,68,15,0.0,0.0,0.0,0.0,0.0,,,,,,False,False,False,Stim8hr,24
OR4N5-3,OR4N5,59,13,0.0,0.0,0.0,0.0,0.0,,,,,,False,False,False,Stim8hr,24
ZIM3-2,ZIM3,73,34,0.0,0.0,0.0,0.0,0.0,,,,,,False,False,False,Stim8hr,24
SPRR2B-4,SPRR2B,64,11,0.0,0.0,0.0,0.0,0.0,,,,,,False,False,False,Stim8hr,24
OR51B6-3,OR51B6,52,10,0.0,0.0,0.0,0.0,0.0,,,,,,False,False,False,Stim8hr,24
MAGEC1-2,MAGEC1,74,14,0.0,0.0,0.0,0.0,0.0,,,,,,False,False,False,Stim8hr,24
POM121L12-4,POM121L12,95,12,0.0,0.0,0.0,0.0,0.0,,,,,,False,False,False,Stim8hr,24
UGT2B10-3,UGT2B10,127,15,0.0,0.0037417933344841003,0.0,0.12549114227294922,0.0,0.15961358937870296,,0.0,0.19669399302977833,,False,False,False,Stim8hr,24
AKAP4-4,AKAP4,79,12,0.0,0.016735592857003212,0.0,0.15911149978637695,0.0,0.16020130834956361,,0.0,0.19671602217241974,,False,False,False,Stim8hr,24
DPP10-2,DPP10,75,10,0.0,0.5083879828453064,0.0,1.1330397129058838,0.0,6.40051171132989e-10,,0.0,1.6040686187759355e-09,,True,False,False,Stim8hr,24
IGSF23-4,IGSF23,64,10,0.0,0.0,0.0,0.0,0.0,,,,,,False,False,False,Stim8hr,24
CELA3B-3,CELA3B,73,19,0.0,0.02469717711210251,0.0,0.22380280494689941,0.0,0.09028609493157157,,0.0,0.11545513528451959,,False,False,False,Stim8hr,24
OR5AP2-4,OR5AP2,34,10,0.0,0.0,0.0,0.0,0.0,,,,,,False,False,False,Stim8hr,24
ANKUB1-2,ANKUB1,50,11,0.0,0.014361325651407242,0.0,0.20000000298023224,0.0,0.16111169243928933,,0.0,0.19690864213248843,,False,False,False,Stim8hr,24
PRAMEF6-4,PRAMEF6,83,11,0.0,0.049625735729932785,0.0,0.2779209613800049,0.0,0.038541822714718336,,0.0,0.0522035826402157,,False,False,False,Stim8hr,24
RTL1-1,RTL1,141,13,0.0,0.008279469795525074,0.0,0.11909826844930649,0.0,0.15951789971429292,,0.0,0.19663873707209778,,False,False,False,Stim8hr,24
CYLC1-2,CYLC1,12,16,0.0,0.0,0.0,0.0,0.0,,,,,,False,False,False,Stim8hr,24
OR5AK2-3,OR5AK2,147,13,0.0,0.0,0.0,0.0,0.0,,,,,,False,False,False,Stim8hr,24
VSX1-3,VSX1,85,11,0.0,0.0,0.0,0.0,0.0,,,,,,False,False,False,Stim8hr,24
SSTR4-3,SSTR4,93,14,0.0,0.0,0.0,0.0,0.0,,,,,,False,False,False,Stim8hr,24
VN1R2-1,VN1R2,309,58,0.0,0.0,0.0,0.0,0.0,,,,,,False,False,False,Stim8hr,24
TAAR6-4,TAAR6,57,13,0.0,0.0,0.0,0.0,0.0,,,,,,False,False,False,Stim8hr,24
TMEM229A-1,TMEM229A,102,11,0.0,0.02311394177377224,0.0,0.26343244314193726,0.0,0.03140662239183137,,0.0,0.04302139879178601,,True,False,False,Stim8hr,24
METTL11B-2,NTMT2,150,10,0.0,0.15169791877269745,0.0,0.6100680232048035,0.0,2.210561848686543e-07,,0.0,4.6994187294507214e-07,,True,False,False,Stim8hr,24
GABRA5-1,GABRA5,56,13,0.0,0.00580750172957778,0.0,0.18898221850395203,0.0,0.1608449822965374,,0.0,0.1968938102376417,,False,False,False,Stim8hr,24
SELE-2,SELE,124,19,0.0,0.010966228321194649,0.0,0.17847810685634613,0.0,0.08122077496293613,,0.0,0.10511403506749466,,False,False,False,Stim8hr,24
ELANE-2,ELANE,136,10,0.0,0.0,0.0,0.0,0.0,,,,,,False,False,False,Stim8hr,24
OR10A4-3,OR10A4,107,16,0.0,0.0,0.0,0.0,0.0,,,,,,False,False,False,Stim8hr,24
OR13D1-3,OR13D1,55,10,0.0,0.0,0.0,0.0,0.0,,,,,,False,False,False,Stim8hr,24
SLC5A4-3,SLC5A4,202,11,0.0,0.05981157347559929,0.0,0.3048337996006012,0.0,0.0012435473511766522,,0.0,0.001971626735137398,,True,False,False,Stim8hr,24
OR13D1-4,OR13D1,75,16,0.0,0.0,0.0,0.0,0.0,,,,,,False,False,False,Stim8hr,24
NDST4-1,NDST4,130,11,0.0,0.5266817808151245,0.0,0.9643434286117554,0.0,1.049670812454239e-12,,0.0,3.129589076145368e-12,,True,False,False,Stim8hr,24
PIRT-2,PIRT,57,10,0.0,0.0,0.0,0.0,0.0,,,,,,False,False,False,Stim8hr,24
ST18-3,ST18,37,13,0.0,0.0,0.0,0.0,0.0,,,,,,False,False,False,Stim8hr,24
CLEC2L-1,CLEC2L,116,11,0.0,0.01078108511865139,0.0,0.1711668074131012,0.0,0.0974923344919757,,0.0,0.12413660108016794,,False,False,False,Stim8hr,24
OR5K1-1,OR5K1,314,13,0.0,0.0,0.0,0.0,0.0,,,,,,False,False,False,Stim8hr,24
HPR-3,HPR,72,11,0.0,0.00997782964259386,0.0,0.1666666865348816,0.0,0.16035324348726143,,0.0,0.1967671070126857,,False,False,False,Stim8hr,24
VSX1-4,VSX1,136,12,0.0,0.0,0.0,0.0,0.0,,,,,,False,False,False,Stim8hr,24
HTN1-2,HTN1,89,10,0.0,0.021937429904937744,0.0,0.20822879672050476,0.0,0.08415997911658187,,0.0,0.10848221308127402,,False,False,False,Stim8hr,24
OR10Q1-3,OR10Q1,174,10,0.0,0.0,0.0,0.0,0.0,,,,,,False,False,False,Stim8hr,24
METTL21C-1,METTL21C,119,10,0.0,0.0,0.0,0.0,0.0,,,,,,False,False,False,Stim8hr,24
C5orf50-3,SMIM23,44,10,0.0,0.0,0.0,0.0,0.0,,,,,,False,False,False,Stim8hr,24
CRYGC-4,CRYGC,77,14,0.0,0.0,0.0,0.0,0.0,,,,,,False,False,False,Stim8hr,24
OR4D10-4,OR4D10,137,16,0.0,0.0,0.0,0.0,0.0,,,,,,False,False,False,Stim8hr,24
GYPA-2,GYPA,43,11,0.0,0.700870156288147,0.0,1.1524510383605957,0.0,1.732818091704486e-06,,0.0,3.4433749026830666e-06,,True,False,False,Stim8hr,24
MS4A13-1,MS4A13,136,15,0.0,0.0,0.0,0.0,0.0,,,,,,False,False,False,Stim8hr,24
FAM47C-4,FAM47C,45,13,0.0,0.0,0.0,0.0,0.0,,,,,,False,False,False,Stim8hr,24
ART1-1,ART1,47,16,0.0,0.26893943548202515,0.0,0.9675400853157043,0.0,1.2325585822655097e-05,,0.0,2.2970139940340845e-05,,True,False,False,Stim8hr,24
OR4A15-2,OR4A15,128,12,0.0,0.0,0.0,0.0,0.0,,,,,,False,False,False,Stim8hr,24
OR6C4-3,OR6C4,138,10,0.0,0.0,0.0,0.0,0.0,,,,,,False,False,False,Stim8hr,24
CSNK1A1L-4,CSNK1A1L,57,10,0.0,0.0,0.0,0.0,0.0,,,,,,False,False,False,Stim8hr,24
PDE6A-4,PDE6A,141,10,0.0,0.06351547688245773,0.0,0.3519861102104187,0.0,0.0018324126644770646,,0.0,0.002865321380320586,,True,False,False,Stim8hr,24
SLC10A2-2,SLC10A2,53,10,0.0,0.0,0.0,0.0,0.0,,,,,,False,False,False,Stim8hr,24
CYP2A7-1,CYP2A7,88,10,0.0,0.0,0.0,0.0,0.0,,,,,,False,False,False,Stim8hr,24
CPA1-3,CPA1,113,11,0.0,0.08560185879468918,0.0,0.27401936054229736,0.0,0.02087230108169988,,0.0,0.029120759648300926,,True,False,False,Stim8hr,24
GPR33-4,GPR33,74,10,0.0,0.0,0.0,0.0,0.0,,,,,,False,False,False,Stim8hr,24
FGF21-4,FGF21,79,14,0.0,0.0,0.0,0.0,0.0,,,,,,False,False,False,Stim8hr,24
MUC15-3,MUC15,114,12,0.0,0.23889267444610596,0.0,0.5249708294868469,0.0,6.490831221640594e-05,,0.0,0.00011409111060947353,,True,False,False,Stim8hr,24
RNF113B-4,RNF113B,75,10,0.0,0.0,0.0,0.0,0.0,,,,,,False,False,False,Stim8hr,24
PCDHB4-4,PCDHB4,56,11,0.0,0.0,0.0,0.0,0.0,,,,,,False,False,False,Stim8hr,24
OR9G1-1,OR9G1,58,11,0.0,0.011612776666879654,0.0,0.1856953352689743,0.0,0.16076846504730738,,0.0,0.1968938102376417,,False,False,False,Stim8hr,24
ZNF727-4,ZNF727,91,13,0.0,0.02708323672413826,0.0,0.2445111870765686,0.0,0.051284392056200306,,0.0,0.06803318836409146,,False,False,False,Stim8hr,24
OR5AN1-3,OR5AN1,100,13,0.0,0.0,0.0,0.0,0.0,,,,,,False,False,False,Stim8hr,24
PIWIL3-1,PIWIL3,59,19,0.0,0.0,0.0,0.0,0.0,,,,,,False,False,False,Stim8hr,24
WFDC8-3,WFDC8,80,10,0.0,0.018206264823675156,0.0,0.15811388194561005,0.0,0.16018185752228292,,0.0,0.19671602217241974,,False,False,False,Stim8hr,24
ADAM2-4,ADAM2,65,13,0.0,0.0,0.0,0.0,0.0,,,,,,False,False,False,Stim8hr,24
C1orf158-4,CFAP107,74,12,0.0,0.0764983594417572,0.0,0.5059634447097778,0.0,0.0014688569327791627,,0.0,0.0023155604398927936,,True,False,False,Stim8hr,24
SERPINB3-1,SERPINB3,49,10,0.0,0.04600292444229126,0.0,0.34928828477859497,0.0,0.04512841767617627,,0.0,0.06036374650770448,,False,False,False,Stim8hr,24
LOC105377134-4,LIPI,96,12,0.0,0.0,0.0,0.0,0.0,,,,,,False,False,False,Stim8hr,24
TSHB-2,TSHB,150,11,0.0,0.009049568325281143,0.0,0.1638433188199997,0.0,0.07900469738159642,,0.0,0.1024861337721011,,False,False,False,Stim8hr,24
CLDN17-3,CLDN17,99,10,0.0,0.0,0.0,0.0,0.0,,,,,,False,False,False,Stim8hr,24
KRTAP4-1-3,KRTAP4-1,41,11,0.0,0.07461287081241608,0.0,0.22086305916309357,0.0,0.1616609146570428,,0.0,0.19720591702800774,,False,False,False,Stim8hr,24
SULT2A1-1,SULT2A1,59,10,0.0,0.19676268100738525,0.0,0.4800422489643097,0.0,0.0057916028169745165,,0.0,0.008557939661154167,,True,False,False,Stim8hr,24
KCNH7-3,KCNH7,134,13,0.0,0.0,0.0,0.0,0.0,,,,,,False,False,False,Stim8hr,24
PNMA8A-2,PNMA8A,27,17,0.0,0.0,0.0,0.0,0.0,,,,,,False,False,False,Stim8hr,24
CFHR3-2,CFHR3,138,14,0.0,0.024075889959931374,0.0,0.2808532416820526,0.0,0.010553655053801583,,0.0,0.015143222297978005,,True,False,False,Stim8hr,24
OR11H6-3,OR11H6,103,11,0.0,0.0,0.0,0.0,0.0,,,,,,False,False,False,Stim8hr,24
OR51D1-4,OR51D1,86,10,0.0,0.0,0.0,0.0,0.0,,,,,,False,False,False,Stim8hr,24
OR2H1-1,OR2H1,152,13,0.0,0.0,0.0,0.0,0.0,,,,,,False,False,False,Stim8hr,24
KRTAP4-6-3,KRTAP4-6,158,22,0.0,0.0,0.0,0.0,0.0,,,,,,False,False,False,Stim8hr,24
ZNF679-4,ZNF679,26,13,0.0,0.0,0.0,0.0,0.0,,,,,,False,False,False,Stim8hr,24
OR14A16-2,OR14A16,101,12,0.0,0.0,0.0,0.0,0.0,,,,,,False,False,False,Stim8hr,24
ZIC1-2,ZIC1,55,10,0.0,0.0,0.0,0.0,0.0,,,,,,False,False,False,Stim8hr,24
KRTAP10-2-3,KRTAP10-2,121,14,0.0,0.0,0.0,0.0,0.0,,,,,,False,False,False,Stim8hr,24
SPINK9-1,SPINK9,24,13,0.0,0.0,0.0,0.0,0.0,,,,,,False,False,False,Stim8hr,24
IFNA7-3,IFNA7,133,14,0.0,0.0,0.0,0.0,0.0,,,,,,False,False,False,Stim8hr,24
ATP4B-4,ATP4B,118,16,0.0,0.0,0.0,0.0,0.0,,,,,,False,False,False,Stim8hr,24
ACSM4-3,ACSM4,147,11,0.0,0.05003226175904274,0.0,0.33079296350479126,0.0,0.0026089747520300823,,0.0,0.004030725276108801,,True,False,False,Stim8hr,24
GOLGA6L2-2,GOLGA6L2,122,10,0.0,0.0,0.0,0.0,0.0,,,,,,False,False,False,Stim8hr,24
TMEM211-2,LHFPL7,118,10,0.0,0.0,0.0,0.0,0.0,,,,,,False,False,False,Stim8hr,24
WBSCR28-2,TMEM270,125,26,0.0,0.03922892361879349,0.0,0.3608947694301605,0.0,0.002537233692280202,,0.0,0.0039277352634297606,,True,False,False,Stim8hr,24
C6orf118-4,C6orf118,100,11,0.0,0.3276365399360657,0.0,0.7713416814804077,0.0,1.8136341026695025e-07,,0.0,3.8876513719639507e-07,,True,False,False,Stim8hr,24
KRTAP22-1-3,KRTAP22-1,144,14,0.0,0.0,0.0,0.0,0.0,,,,,,False,False,False,Stim8hr,24
KRTAP4-3-4,KRTAP4-3,18,11,0.0,0.0,0.0,0.0,0.0,,,,,,False,False,False,Stim8hr,24
OR10V1-4,OR10V1,90,14,0.0,0.0,0.0,0.0,0.0,,,,,,False,False,False,Stim8hr,24
NOX4-1,NOX4,106,11,0.0,0.06129712983965874,0.0,0.32781490683555603,0.0,0.009399143376369122,,0.0,0.013577320671056927,,True,False,False,Stim8hr,24
OR2V1-4,OR2V1,134,11,0.0,0.0,0.0,0.0,0.0,,,,,,False,False,False,Stim8hr,24
TFDP3-1,TFDP3,127,10,0.0,0.0,0.0,0.0,0.0,,,,,,False,False,False,Stim8hr,24
MYH4-1,MYH4,61,11,0.0,0.0,0.0,0.0,0.0,,,,,,False,False,False,Stim8hr,24
PKDREJ-1,PKDREJ,110,13,0.0,0.0,0.0,0.0,0.0,,,,,,False,False,False,Stim8hr,24
IFNA2-1,IFNA2,14,13,0.0,0.2676101624965668,0.0,0.6442198753356934,0.0,0.05603251149022015,,0.0,0.07390099656639881,,False,False,False,Stim8hr,24
REG3G-2,REG3G,270,27,0.0,0.0024728775024414062,0.0,0.08606630563735962,0.0,0.1591045817039593,,0.0,0.1964364604952374,,False,False,False,Stim8hr,24
RHOJ-1,RHOJ,293,30,0.0,0.2596569061279297,0.0,0.8187296986579895,0.0,1.909115087672553e-20,,0.0,9.476955127124213e-20,,True,False,False,Stim8hr,24
MAGEA12-3,MAGEA12,72,12,0.0,0.0,0.0,0.0,0.0,,,,,,False,False,False,Stim8hr,24
ADGRL4-2,ADGRL4,46,12,0.0,0.618333637714386,0.0,0.8813053965568542,0.0,5.721000141506023e-05,,0.0,0.00010088056337074232,,True,False,False,Stim8hr,24
KRTAP4-4-1,KRTAP4-4,125,12,0.0,0.0,0.0,0.0,0.0,,,,,,False,False,False,Stim8hr,24
MAGEB10-4,MAGEB10,185,21,0.0,0.0,0.0,0.0,0.0,,,,,,False,False,False,Stim8hr,24
LCE3A-4,LCE3A,196,22,0.0,0.0,0.0,0.0,0.0,,,,,,False,False,False,Stim8hr,24
PLAC1L-4,OOSP2,75,15,0.0,0.035557687282562256,0.0,0.23131214082241058,0.0,0.08041374058629736,,0.0,0.10420909344745706,,False,False,False,Stim8hr,24
SLC36A3-1,SLC36A3,210,20,0.0,0.01443802285939455,0.0,0.20768320560455322,0.0,0.0172491662975536,,0.0,0.024255464026414462,,True,False,False,Stim8hr,24
C15orf43-3,TERB2,111,12,0.0,0.0,0.0,0.0,0.0,,,,,,False,False,False,Stim8hr,24
OR5AN1-4,OR5AN1,63,10,0.0,0.0,0.0,0.0,0.0,,,,,,False,False,False,Stim8hr,24
KRTAP5-3-4,KRTAP5-3,77,24,0.0,0.009893129579722881,0.0,0.16116459667682648,0.0,0.1602419110015832,,0.0,0.19671602217241974,,False,False,False,Stim8hr,24
LCE4A-3,LCE4A,55,12,0.0,0.0,0.0,0.0,0.0,,,,,,False,False,False,Stim8hr,24
KCNH7-1,KCNH7,32,11,0.0,0.0,0.0,0.0,0.0,,,,,,False,False,False,Stim8hr,24
GABRR1-4,GABRR1,30,10,0.0,0.0,0.0,0.0,0.0,,,,,,False,False,False,Stim8hr,24
SPACA1-4,SPACA1,209,18,0.0,0.0,0.0,0.0,0.0,,,,,,False,False,False,Stim8hr,24
BHLHA9-3,BHLHA9,46,11,0.0,0.03684701770544052,0.0,0.26715949177742004,0.0,0.1033342774172201,,0.0,0.13090922454124346,,False,False,False,Stim8hr,24
OR8H1-1,OR8H1,149,25,0.0,0.0,0.0,0.0,0.0,,,,,,False,False,False,Stim8hr,24
UGT2B7-1,UGT2B7,59,10,0.0,0.0,0.0,0.0,0.0,,,,,,False,False,False,Stim8hr,24
PCDHAC1-3,PCDHAC1,68,12,0.0,0.0,0.0,0.0,0.0,,,,,,False,False,False,Stim8hr,24
DMRTC2-2,DMRTC2,117,10,0.0,0.0,0.0,0.0,0.0,,,,,,False,False,False,Stim8hr,24
PANX3-2,PANX3,50,10,0.0,0.12152491509914398,0.0,0.5026636719703674,0.0,0.0076489486858745985,,0.0,0.011161692289915877,,True,False,False,Stim8hr,24
TGIF2LX-3,TGIF2LX,109,10,0.0,0.0,0.0,0.0,0.0,,,,,,False,False,False,Stim8hr,24
PCDHA6-4,PCDHA6,65,11,0.0,0.0,0.0,0.0,0.0,,,,,,False,False,False,Stim8hr,24
TAS2R16-2,TAS2R16,77,10,0.0,0.0,0.0,0.0,0.0,,,,,,False,False,False,Stim8hr,24
MAGEB10-3,MAGEB10,109,12,0.0,0.0,0.0,0.0,0.0,,,,,,False,False,False,Stim8hr,24
ZDHHC11B-4,ZDHHC11B,62,11,0.0,0.0,0.0,0.0,0.0,,,,,,False,False,False,Stim8hr,24
TMPRSS11D-4,TMPRSS11D,67,14,0.0,0.0,0.0,0.0,0.0,,,,,,False,False,False,Stim8hr,24
BPIFB3-1,BPIFB3,78,11,0.0,0.10481580346822739,0.0,0.4711233079433441,0.0,0.0021521300505894774,,0.0,0.003350357047354875,,True,False,False,Stim8hr,24
SLC17A2-2,SLC17A2,49,10,0.0,0.1878296434879303,0.0,0.5891430377960205,0.0,0.0026870777412649973,,0.0,0.004141462584883118,,True,False,False,Stim8hr,24
C2orf57-2,TEX44,115,22,0.0,0.003784657223150134,0.0,0.1318761110305786,0.0,0.15971416908720573,,0.0,0.19671581633669896,,False,False,False,Stim8hr,24
OR1G1-1,OR1G1,187,12,0.0,0.0,0.0,0.0,0.0,,,,,,False,False,False,Stim8hr,24
ZNF804B-4,ZNF804B,82,10,0.0,0.0,0.0,0.0,0.0,,,,,,False,False,False,Stim8hr,24
KRTAP19-4-3,KRTAP19-4,43,11,0.0,0.0,0.0,0.0,0.0,,,,,,False,False,False,Stim8hr,24
PRAMEF18-3,PRAMEF18,77,10,0.0,1.1288225650787354,0.0,1.1603641510009766,0.0,1.8411152159989298e-10,,0.0,4.78789007415458e-10,,True,False,False,Stim8hr,24
SPATA31D1-2,SPATA31D1,16,10,0.0,0.0,0.0,0.0,0.0,,,,,,False,False,False,Stim8hr,24
HNRNPCL3-3,HNRNPCL3,144,10,0.0,0.0,0.0,0.0,0.0,,,,,,False,False,False,Stim8hr,24
CALML5-3,CALML5,102,15,0.0,0.009411398321390152,0.0,0.14002801477909088,0.0,0.15985014872512138,,0.0,0.19671602217241974,,False,False,False,Stim8hr,24
LCE3E-1,LCE3E,94,10,0.0,0.024170439690351486,0.0,0.2367536872625351,0.0,0.05397638929906449,,0.0,0.0713351665821881,,False,False,False,Stim8hr,24
DEFB127-2,DEFB127,155,19,0.0,0.0042755817994475365,0.0,0.11359237879514694,0.0,0.15943957642002188,,0.0,0.19663873707209778,,False,False,False,Stim8hr,24
PSKH2-4,PSKH2,56,13,0.0,0.018481234088540077,0.0,0.18898224830627441,0.0,0.1608449485919397,,0.0,0.1968938102376417,,False,False,False,Stim8hr,24
PRR21-4,OR6B3,85,11,0.0,0.0,0.0,0.0,0.0,,,,,,False,False,False,Stim8hr,24
CLDN8-1,CLDN8,33,11,0.0,0.0,0.0,0.0,0.0,,,,,,False,False,False,Stim8hr,24
TOPAZ1-3,TOPAZ1,100,11,0.0,0.0,0.0,0.0,0.0,,,,,,False,False,False,Stim8hr,24
CYLC1-1,CYLC1,118,31,0.0,0.0,0.0,0.0,0.0,,,,,,False,False,False,Stim8hr,24
ADAD1-2,ADAD1,32,11,0.0,0.0,0.0,0.0,0.0,,,,,,False,False,False,Stim8hr,24
OR4A5-3,OR4A5,66,14,0.0,0.0,0.0,0.0,0.0,,,,,,False,False,False,Stim8hr,24
HIF3A-4,HIF3A,50,10,0.0,0.017539558932185173,0.0,0.20000001788139343,0.0,0.16111168774259008,,0.0,0.19690864213248843,,False,False,False,Stim8hr,24
PSG2-1,PSG2,92,13,0.0,0.0,0.0,0.0,0.0,,,,,,False,False,False,Stim8hr,24
SLC25A31-3,SLC25A31,58,10,0.0,0.0,0.0,0.0,0.0,,,,,,False,False,False,Stim8hr,24
LOC100129216-4,DEFB131B,114,16,0.0,0.0,0.0,0.0,0.0,,,,,,False,False,False,Stim8hr,24
PSMB11-3,PSMB11,31,12,0.0,0.01727658323943615,0.0,0.2540002763271332,0.0,0.1626542784021145,,0.0,0.19798051450455673,,False,False,False,Stim8hr,24
KRTAP10-3-2,KRTAP10-3,142,11,0.0,0.0,0.0,0.0,0.0,,,,,,False,False,False,Stim8hr,24
OR4C6-2,OR4C6,56,11,0.0,0.0,0.0,0.0,0.0,,,,,,False,False,False,Stim8hr,24
LRIT2-2,LRIT2,88,11,0.0,0.0,0.0,0.0,0.0,,,,,,False,False,False,Stim8hr,24
TAS1R2-2,TAS1R2,59,10,0.0,0.0558382086455822,0.0,0.28006330132484436,0.0,0.06682994943877481,,0.0,0.08724895829835995,,False,False,False,Stim8hr,24
NEUROD6-2,NEUROD6,89,14,0.0,0.08868340402841568,0.0,0.3154587745666504,0.0,0.01909899754563785,,0.0,0.02673997954706067,,True,False,False,Stim8hr,24
OR1D5-4,OR1D5,200,15,0.0,0.0,0.0,0.0,0.0,,,,,,False,False,False,Stim8hr,24
SPATA8-4,SPATA8,74,14,0.0,0.0,0.0,0.0,0.0,,,,,,False,False,False,Stim8hr,24
OR52I1-3,OR52I1,56,10,0.0,0.0,0.0,0.0,0.0,,,,,,False,False,False,Stim8hr,24
SPRR2G-4,SPRR2G,54,10,0.0,0.0,0.0,0.0,0.0,,,,,,False,False,False,Stim8hr,24
PSORS1C2-4,PSORS1C2,166,18,0.0,0.17558260262012482,0.0,0.4159563481807709,0.0,0.00010561941365976903,,0.0,0.00018249788767753656,,True,False,False,Stim8hr,24
C9orf92-1,LINC03041,97,15,0.0,0.0,0.0,0.0,0.0,,,,,,False,False,False,Stim8hr,24
C15orf60-4,REC114,121,10,0.0,0.0,0.0,0.0,0.0,,,,,,False,False,False,Stim8hr,24
SLC22A24-4,SLC22A24,129,17,0.0,0.0,0.0,0.0,0.0,,,,,,False,False,False,Stim8hr,24
KRTAP9-3-2,KRTAP9-3,47,10,0.0,0.0,0.0,0.0,0.0,,,,,,False,False,False,Stim8hr,24
PRAMEF13-3,PRAMEF13,74,10,0.0,0.0,0.0,0.0,0.0,,,,,,False,False,False,Stim8hr,24
ANKRD30B-2,ANKRD30B,84,17,0.0,0.08361755311489105,0.0,0.37647318840026855,0.0,0.008412003573840933,,0.0,0.012219841404974788,,True,False,False,Stim8hr,24
SLC25A31-2,SLC25A31,80,11,0.0,0.0,0.0,0.0,0.0,,,,,,False,False,False,Stim8hr,24
ZNF729-1,ZNF729,44,15,0.0,0.0,0.0,0.0,0.0,,,,,,False,False,False,Stim8hr,24
TAAR8-3,TAAR8,53,14,0.0,0.0,0.0,0.0,0.0,,,,,,False,False,False,Stim8hr,24
OR10A3-2,OR10A3,91,14,0.0,0.0,0.0,0.0,0.0,,,,,,False,False,False,Stim8hr,24
GSTM1-4,GSTM1,109,20,0.0,0.0,0.0,0.0,0.0,,,,,,False,False,False,Stim8hr,24
OR4P4-4,OR4P4,160,14,0.0,0.0,0.0,0.0,0.0,,,,,,False,False,False,Stim8hr,24
ZNF727-2,ZNF727,94,10,0.0,0.0,0.0,0.0,0.0,,,,,,False,False,False,Stim8hr,24
KRTAP10-8-3,KRTAP10-8,141,11,0.0,0.0027163070626556873,0.0,0.11909826844930649,0.0,0.15951787718626903,,0.0,0.19663873707209778,,False,False,False,Stim8hr,24
ZIC4-4,ZIC4,135,13,0.0,0.0,0.0,0.0,0.0,,,,,,False,False,False,Stim8hr,24
HDGFL1-1,HDGFL1,79,11,0.0,0.0,0.0,0.0,0.0,,,,,,False,False,False,Stim8hr,24
FAM47B-1,FAM47B,59,10,0.0,0.0,0.0,0.0,0.0,,,,,,False,False,False,Stim8hr,24
OR6C4-2,OR6C4,51,11,0.0,0.0,0.0,0.0,0.0,,,,,,False,False,False,Stim8hr,24
MYL2-3,MYL2,70,10,0.0,0.19547446072101593,0.0,0.4072904586791992,0.0,0.009321816536794399,,0.0,0.013475687681414557,,True,False,False,Stim8hr,24
SLC5A10-3,SLC5A10,306,17,0.0,0.0353274866938591,0.0,0.3187074065208435,0.0,5.009342065992582e-05,,0.0,8.857396327934757e-05,,True,False,False,Stim8hr,24
OR4N5-1,OR4N5,132,11,0.0,0.0,0.0,0.0,0.0,,,,,,False,False,False,Stim8hr,24
OR10R2-3,OR10R2,55,10,0.0,0.0,0.0,0.0,0.0,,,,,,False,False,False,Stim8hr,24
SLC17A4-2,SLC17A4,87,16,0.0,0.0,0.0,0.0,0.0,,,,,,False,False,False,Stim8hr,24
KRTAP4-1-2,KRTAP4-1,43,10,0.0,0.0,0.0,0.0,0.0,,,,,,False,False,False,Stim8hr,24
SPANXN1-4,SPANXN1,58,15,0.0,0.0,0.0,0.0,0.0,,,,,,False,False,False,Stim8hr,24
RUNX1T1-3,RUNX1T1,130,15,0.0,0.0,0.0,0.0,0.0,,,,,,False,False,False,Stim8hr,24
C12orf52-1,RITA1,93,10,0.369005024433136,0.7835336327552795,0.3686462342739105,0.6706041097640991,-0.0007052941364236176,3.046194309922307e-07,0.5007920047876664,-0.001051729516945134,6.412429720451585e-07,0.7101594908537511,True,False,False,Stim8hr,24
CCDC61-1,CCDC61,98,13,0.10439984500408173,0.1381390392780304,0.10399912297725677,0.12362430989742279,-0.0014784950762987137,0.12197149349680173,0.5020086358572229,-0.01195958203953166,0.15298857131110355,0.7116179388350888,False,False,False,Stim8hr,24
SMCHD1-4,SMCHD1,76,14,1.0734647512435913,1.1840760707855225,1.072335124015808,0.18507198989391327,-0.001992628211155534,0.056092066633083464,0.5030834740147428,-0.010766773579825589,0.07395432037849771,0.7128743719459563,False,False,False,Stim8hr,24
RBM8A-2,RBM8A,396,18,0.03970322012901306,0.04281739518046379,0.03922906145453453,0.01857045851647854,-0.0028495159931480885,0.3576471102771301,0.5047505604986071,-0.15344349147973724,0.41027035759171226,0.714968771462821,False,False,False,Stim8hr,24
ZNF684-2,ZNF684,82,21,0.05379636585712433,0.060956645756959915,0.05313222110271454,0.036903016269207,-0.003736837999895215,0.373924645293367,0.507135941705051,-0.10126104523909463,0.42780077022173085,0.7165525650083799,False,False,False,Stim8hr,24
N4BP2L1-4,N4BP2L1,59,14,0.12782548367977142,0.2798605263233185,0.1265639215707779,0.40005117654800415,-0.003827120643109083,0.005468246434448144,0.5052112074613472,-0.009566577646722276,0.008095600674583068,0.7151968615061961,True,False,False,Stim8hr,24
CCNB2-2,CCNB2,113,13,0.5072378516197205,0.6086113452911377,0.5040796995162964,0.14857761561870575,-0.004244920797646046,0.06219014165888916,0.5054789029101169,-0.028570392518209285,0.08146655751860582,0.7151968615061961,False,False,False,Stim8hr,24
USP31-1,USP31,112,26,0.12395603954792023,0.2783357501029968,0.12262801080942154,0.398098886013031,-0.004419851582497358,0.0003243680310179524,0.5086172051633506,-0.011102396258282127,0.0005390335951639114,0.7174898433151033,True,False,False,Stim8hr,24
SCAI-4,SCAI,54,12,0.13835488259792328,0.18485136330127716,0.13677489757537842,0.13311739265918732,-0.004629774950444698,0.19287335839670794,0.5056750275101705,-0.034779639669611326,0.23041126874268447,0.7152067890962844,False,False,False,Stim8hr,24
HNRNPH2-4,HNRNPH2,26,10,0.406635046005249,0.45601361989974976,0.4040311872959137,0.09095160663127899,-0.004789487458765507,0.3360482170934742,0.5054229424077894,-0.05265973451334683,0.3872164646902458,0.7151968615061961,False,False,False,Stim8hr,24
RDH14-4,RDH14,41,10,0.43834930658340454,0.6661240458488464,0.4358731210231781,0.40796929597854614,-0.004933194722980261,0.011284684641753856,0.5059788371841094,-0.012092073525159801,0.016132301482315033,0.7153689578431035,True,False,False,Stim8hr,24
SEC61A2-2,SEC61A2,65,227,0.11191344261169434,0.16152463853359222,0.11057479679584503,0.15061841905117035,-0.00503454590216279,0.14239842281875822,0.5321854599249617,-0.0334258315409112,0.17711633999361148,0.7413353257591916,False,False,False,Stim8hr,24
ZNF710-4,ZNF710,47,11,0.08410283923149109,0.27148357033729553,0.08285726606845856,0.5139351487159729,-0.005664756987243891,0.0037882511614253747,0.5078174294233995,-0.011022318674635986,0.005730131416335044,0.7168964233218726,True,False,False,Stim8hr,24
ARMC8-4,ARMC8,240,14,0.6942522525787354,1.320043921470642,0.6900594830513,0.8914065361022949,-0.005950658116489649,1.1871486427372691e-25,0.5073843916161929,-0.006675582773387664,7.9977418143989895e-25,0.7165525650083799,True,False,False,Stim8hr,24
PSMF1-3,PSMF1,152,13,1.2830008268356323,2.09291672706604,1.2775675058364868,1.236224889755249,-0.006396621000021696,1.0226673682982219e-28,0.5072591156151812,-0.005174318243412908,8.36079220551633e-28,0.7165525650083799,True,False,False,Stim8hr,24
ABHD11-4,ABHD11,83,12,0.1287805140018463,0.165168896317482,0.12708218395709991,0.11178543418645859,-0.0064055402763187885,0.1770181811589157,0.5097795850029514,-0.05730210132417001,0.21344848972295824,0.7185870664927675,False,False,False,Stim8hr,24
CCNA2-3,CCNA2,34,15,0.6250270009040833,0.7187240719795227,0.6204102635383606,0.12458208203315735,-0.006454125978052616,0.23549066126388962,0.5104089036781821,-0.05180621380476576,0.27712793277768144,0.7185870664927675,False,False,False,Stim8hr,24
NRXN1-3,NRXN1,80,10,1.3555863006331492e-05,0.02203543297946453,0.0,0.27472376823425293,-0.006870863493531942,0.04305085442318948,0.8413418598276162,-0.025010080262415656,0.057824819053307996,1.0,False,False,False,Stim8hr,24
GGT6-2,GGT6,104,11,6.635791942244396e-05,0.4832302927970886,0.0,0.8809792399406433,-0.00687086395919323,2.8974003231775053e-09,0.8413418748346138,-0.007799121304670198,6.967815329432471e-09,1.0,True,False,False,Stim8hr,24
NXNL2-4,NXNL2,128,11,1.3962471712147817e-05,0.0,0.0,-0.00687086395919323,-0.00687086395919323,0.8413418940820347,0.8413418940820347,,0.8920946525926831,1.0,False,False,False,Stim8hr,24
GRIA1-1,GRIA1,40,10,6.783154731238028e-06,0.33893609046936035,0.0,0.7088131308555603,-0.00687086395919323,0.0014825085854641956,0.8413418804317626,-0.009693477251049054,0.002332327379979676,1.0,True,False,False,Stim8hr,24
LOC286238-4,NXNL2,31,10,1.3962471712147817e-05,0.0,0.0,-0.00687086395919323,-0.00687086395919323,0.8413418940820347,0.8413418940820347,,0.8920946525926831,1.0,False,False,False,Stim8hr,24
PAGE2-4,PAGE2,119,15,1.7591870346223004e-05,0.04814403876662254,0.0,0.1828216165304184,-0.00687086395919323,0.0805432571244525,0.8413418634264905,-0.03758233894649999,0.10434196827479324,1.0,False,False,False,Stim8hr,24
PAGE2-1,PAGE2,48,12,1.7591870346223004e-05,0.0,0.0,-0.00687086395919323,-0.00687086395919323,0.8413418634264905,0.8413418634264905,,0.8920946525926831,1.0,False,False,False,Stim8hr,24
AQP2-2,AQP2,49,10,5.278817752696341e-06,0.32965123653411865,0.0,0.45605966448783875,-0.006870864424854517,0.01428563363895177,0.8413418872687197,-0.015065713896383693,0.02025762569923964,1.0,True,False,False,Stim8hr,24
GLRA3-1,GLRA3,49,11,2.1700516299461015e-05,0.01906748116016388,0.0,0.20168767869472504,-0.006870864424854517,0.1614354498812433,0.8413418883926899,-0.034066852617478306,0.19717968562563734,1.0,False,False,False,Stim8hr,24
OR2T6-3,OR2T6,145,15,7.486112735932693e-05,0.0,0.0,-0.006870864424854517,-0.006870864424854517,0.8413418908469075,0.8413418908469075,,0.8920946525926831,1.0,False,False,False,Stim8hr,24
CDH8-2,CDH8,60,16,1.5753734260215424e-05,0.07684538513422012,0.0,0.311449259519577,-0.006870864424854517,0.04663834505333113,0.8413418823200012,-0.022060943202925256,0.06218982080042465,1.0,False,False,False,Stim8hr,24
PCDHB10-4,PCDHB10,47,10,1.579448871780187e-05,0.013933423906564713,0.0,0.20593120157718658,-0.006870864424854517,0.16154263540770314,0.8413418819924823,-0.0333648537581091,0.1971873886855589,1.0,False,False,False,Stim8hr,24
SNTG1-4,SNTG1,112,12,1.8418764739180915e-05,0.0,0.0,-0.006870864424854517,-0.006870864424854517,0.8413418863054423,0.8413418863054423,,0.8920946525926831,1.0,False,False,False,Stim8hr,24
OR14J1-2,OR14J1,141,14,1.568331936141476e-05,0.0,0.0,-0.006870864424854517,-0.006870864424854517,0.8413418868056279,0.8413418868056279,,0.8920946525926831,1.0,False,False,False,Stim8hr,24
OR2F2-2,OR2F2,98,10,1.4033011211722624e-05,0.0,0.0,-0.006870864424854517,-0.006870864424854517,0.841341881164229,0.841341881164229,,0.8920946525926831,1.0,False,False,False,Stim8hr,24
CYP4X1-1,CYP4X1,63,10,2.0583525838446803e-05,0.08147241920232773,0.0,0.44264712929725647,-0.006870864424854517,0.007840202141027104,0.8413418861270865,-0.015522216162934692,0.01142353492062992,1.0,True,False,False,Stim8hr,24
ABCG5-4,ABCG5,48,12,6.091765044402564e-06,0.039103005081415176,0.0,0.35823655128479004,-0.006870864424854517,0.042883656753961566,0.8413418896457383,-0.01917968560218841,0.05766032707495459,1.0,False,False,False,Stim8hr,24
OR2J2-2,OR2J2,98,10,8.925673682824709e-06,0.0,0.0,-0.006870864424854517,-0.006870864424854517,0.8413418776267675,0.8413418776267675,,0.8920946525926831,1.0,False,False,False,Stim8hr,24
CRCT1-1,CRCT1,64,10,1.8493225070415065e-05,0.1406531035900116,0.0,0.43430325388908386,-0.006870864424854517,0.008390760852406615,0.8413418738502159,-0.01582043045574155,0.012202734944060316,1.0,True,False,False,Stim8hr,24
SEMG2-1,SEMG2,76,10,6.715649215038866e-05,0.0,0.0,-0.006870864424854517,-0.006870864424854517,0.841341878554554,0.841341878554554,,0.8920946525926831,1.0,False,False,False,Stim8hr,24
CA5A-4,CA5A,135,13,9.89702130027581e-06,0.011622710153460503,0.0,0.1559184491634369,-0.006870864424854517,0.10116114796860866,0.8413418811920179,-0.0440670392870079,0.12834322808222104,1.0,False,False,False,Stim8hr,24
POU3F3-3,POU3F3,99,13,1.1605116924329195e-05,0.0,0.0,-0.006870864424854517,-0.006870864424854517,0.841341884030611,0.841341884030611,,0.8920946525926831,1.0,False,False,False,Stim8hr,24
KRTAP22-2-1,KRTAP22-2,62,11,2.562456575105898e-05,0.0,0.0,-0.006870864424854517,-0.006870864424854517,0.8413418809183252,0.8413418809183252,,0.8920946525926831,1.0,False,False,False,Stim8hr,24
SLC28A2-2,SLC28A2,59,11,4.848383105127141e-05,0.0,0.0,-0.006870864424854517,-0.006870864424854517,0.8413418740713715,0.8413418740713715,,0.8920946525926831,1.0,False,False,False,Stim8hr,24
FSIP2-2,FSIP2,65,14,1.8857121176552027e-05,0.015550763346254826,0.0,0.17511498928070068,-0.006870864424854517,0.16082974124925484,0.8413418884776774,-0.0392363009761595,0.1968938102376417,1.0,False,False,False,Stim8hr,24
DACH2-2,DACH2,154,17,1.317493115493562e-05,0.04977920278906822,0.0,0.3441507816314697,-0.006870864424854517,0.0014806656542899037,0.8413418944159963,-0.019964692197654545,0.0023303761030276995,1.0,True,False,False,Stim8hr,24
ADGRG4-1,ADGRG4,71,10,4.6319000830408186e-06,0.5308208465576172,0.0,0.7547253370285034,-0.006870864424854517,1.3345154423162354e-05,0.841341891812799,-0.00910379456969924,2.477470578702296e-05,1.0,True,False,False,Stim8hr,24
CD164L2-4,CD164L2,66,11,1.6589568986091763e-05,0.17032022774219513,0.0,0.4358544647693634,-0.006870864424854517,0.007402546505517148,0.8413418818990731,-0.01576412536806363,0.010822550978009382,1.0,True,False,False,Stim8hr,24
LACRT-3,LACRT,66,12,6.853746072010836e-06,0.043217483907938004,0.0,0.22580893337726593,-0.006870864424854517,0.0995754292937396,0.8413418847172252,-0.030427779459792907,0.12653900265490997,1.0,False,False,False,Stim8hr,24
ZNF534-2,ZNF534,78,10,5.036134825786576e-05,0.0,0.0,-0.006870864424854517,-0.006870864424854517,0.8413418700144195,0.8413418700144195,,0.8920946525926831,1.0,False,False,False,Stim8hr,24
IFNA5-1,IFNA5,55,12,2.123981721524615e-05,0.0,0.0,-0.006870864424854517,-0.006870864424854517,0.8413418739537999,0.8413418739537999,,0.8920946525926831,1.0,False,False,False,Stim8hr,24
RBP3-4,RBP3,140,11,7.3590413194324356e-06,0.23162062466144562,0.0,0.596495509147644,-0.006870864424854517,8.852288206037763e-07,0.8413418907860142,-0.011518719453014099,1.8092916750923905e-06,1.0,True,False,False,Stim8hr,24
FSIP2-3,FSIP2,94,11,1.8857121176552027e-05,0.022932901978492737,0.0,0.19651462137699127,-0.006870864424854517,0.09052901822410162,0.8413418884776774,-0.03496362955952033,0.11565104508510107,1.0,False,False,False,Stim8hr,24
OR2T6-1,OR2T6,49,13,7.486112735932693e-05,0.0,0.0,-0.006870864424854517,-0.006870864424854517,0.8413418908469075,0.8413418908469075,,0.8920946525926831,1.0,False,False,False,Stim8hr,24
FER1L5-2,FER1L5,61,16,1.4603739145968575e-05,0.0,0.0,-0.006870864424854517,-0.006870864424854517,0.841341883874817,0.841341883874817,,0.8920946525926831,1.0,False,False,False,Stim8hr,24
CLEC18C-2,CLEC18C,64,11,1.6643747585476376e-05,0.0,0.0,-0.006870864424854517,-0.006870864424854517,0.8413418761213883,0.8413418761213883,,0.8920946525926831,1.0,False,False,False,Stim8hr,24
TAF1L-4,TAF1L,85,12,1.7711945474729873e-05,0.0,0.0,-0.006870864424854517,-0.006870864424854517,0.8413418929927206,0.8413418929927206,,0.8920946525926831,1.0,False,False,False,Stim8hr,24
QRFP-1,QRFP,330,32,1.811559559428133e-05,0.003600470954552293,0.0,0.10391754657030106,-0.006870864424854517,0.09079045989465043,0.8413418932708019,-0.06611842418937712,0.11594673329346539,1.0,False,False,False,Stim8hr,24
HSPB3-3,HSPB3,111,25,2.0701136236311868e-05,0.021284950897097588,0.0,0.13407647609710693,-0.006870864424854517,0.1599871001914993,0.8413418743092929,-0.051245860756947315,0.19671602217241974,1.0,False,False,False,Stim8hr,24
TRABD2B-1,TRABD2B,68,10,1.8232733054901473e-05,0.16674353182315826,0.0,0.6692424416542053,-0.006870864424854517,0.00011171399240721155,0.8413418917119007,-0.010266629844741172,0.00019259830969179092,1.0,True,False,False,Stim8hr,24
SHC2-1,SHC2,56,11,1.5002520740381442e-05,0.0,0.0,-0.006870864890515804,-0.006870864890515804,0.8413418976350618,0.8413418976350618,,0.8920946525926831,1.0,False,False,False,Stim8hr,24
GPC6-3,GPC6,152,11,2.360171674808953e-05,0.2841656804084778,0.0,0.8277455568313599,-0.006870864890515804,1.2095171411556952e-11,0.8413418908396056,-0.008300696794819082,3.384372492654901e-11,1.0,True,False,False,Stim8hr,24
OR2T4-1,OR2T4,120,16,3.517137884045951e-05,0.004552014637738466,0.0,0.12677296996116638,-0.006870864890515804,0.16154581442096144,0.8413418901027723,-0.05419818509119504,0.1971873886855589,1.0,False,False,False,Stim8hr,24
TSGA13-3,TSGA13,50,10,1.1826355148514267e-05,0.0,0.0,-0.006870864890515804,-0.006870864890515804,0.8413418990774574,0.8413418990774574,,0.8920946525926831,1.0,False,False,False,Stim8hr,24
UGT1A10-3,UGT1A10,91,14,5.952313222223893e-05,0.07560979574918747,0.0,0.4030381739139557,-0.006870864890515804,0.0039005001703066667,0.8413419041222807,-0.017047677702069632,0.005887288898741561,1.0,True,False,False,Stim8hr,24
CCDC140-2,CCDC140,70,10,1.7916581782628782e-05,0.0,0.0,-0.006870864890515804,-0.006870864890515804,0.8413418974527958,0.8413418974527958,,0.8920946525926831,1.0,False,False,False,Stim8hr,24
MLIP-1,MLIP,71,10,1.8606502635520883e-05,0.04080687835812569,0.0,0.23461665213108063,-0.006870864890515804,0.083254781439506,0.8413418916518404,-0.029285495416058717,0.10749457089367936,1.0,False,False,False,Stim8hr,24
SPINK7-3,SPINK7,56,13,4.852653364650905e-05,0.06898190826177597,0.0,0.3584039807319641,-0.006870864890515804,0.03148970646892831,0.8413418926801123,-0.01917072705633325,0.04311993446010828,1.0,True,False,False,Stim8hr,24
TDRD10-2,TDRD10,121,15,2.2852605980006047e-05,0.0,0.0,-0.006870864890515804,-0.006870864890515804,0.8413418931885792,0.8413418931885792,,0.8920946525926831,1.0,False,False,False,Stim8hr,24
HOXB1-2,HOXB1,70,12,4.393030394567177e-05,0.0,0.0,-0.006870864890515804,-0.006870864890515804,0.8413419182843328,0.8413419182843328,,0.8920946525926831,1.0,False,False,False,Stim8hr,24
OR56A5-4,OR56A5,40,11,8.560182322980836e-06,0.0,0.0,-0.006870864890515804,-0.006870864890515804,0.8413418982638406,0.8413418982638406,,0.8920946525926831,1.0,False,False,False,Stim8hr,24
OR13C3-3,OR13C3,100,10,1.2754921044688672e-05,0.0,0.0,-0.006870864890515804,-0.006870864890515804,0.8413418976341813,0.8413418976341813,,0.8920946525926831,1.0,False,False,False,Stim8hr,24
TREM2-3,TREM2,241,20,1.3689932529814541e-05,0.11240589618682861,0.0,0.494634211063385,-0.006870864890515804,6.896557688234912e-08,0.8413418992621056,-0.013890799982768147,1.5187351127792943e-07,1.0,True,False,False,Stim8hr,24
TGM4-3,TGM4,82,13,1.4361583453137428e-05,0.0,0.0,-0.006870864890515804,-0.006870864890515804,0.8413419015976681,0.8413419015976681,,0.8920946525926831,1.0,False,False,False,Stim8hr,24
PSG3-3,PSG3,84,11,1.3749745448876638e-05,0.2577999234199524,0.0,0.6457849740982056,-0.006870864890515804,3.5226356374832474e-05,0.8413418967295797,-0.010639555217447565,6.315637517983385e-05,1.0,True,False,False,Stim8hr,24
CFAP74-1,CFAP74,23,12,1.3256550118967425e-05,0.0,0.0,-0.006870864890515804,-0.006870864890515804,0.841341899996265,0.841341899996265,,0.8920946525926831,1.0,False,False,False,Stim8hr,24
CCDC85A-4,CCDC85A,108,10,2.1622550775646232e-05,0.2529810667037964,0.0,0.7490389347076416,-0.006870864890515804,1.2791129469313044e-07,0.8413418964338463,-0.009172907538107589,2.7710530900747083e-07,1.0,True,False,False,Stim8hr,24
PRND-4,PRND,60,14,1.8048483980237506e-05,0.6446812152862549,0.0,0.8831889629364014,-0.006870864890515804,4.905513114713257e-06,0.8413418905553307,-0.007779609097097125,9.395551864584528e-06,1.0,True,False,False,Stim8hr,24
IFNA4-2,IFNA4,55,10,9.735117600939702e-06,0.017019176855683327,0.0,0.19055940210819244,-0.006870864890515804,0.16102256627348893,0.8413418986642478,-0.03605628908624926,0.19690864213248843,1.0,False,False,False,Stim8hr,24
LOC402160-1,CFAP99,271,24,2.2665621145279147e-05,0.010557165369391441,0.0,0.14822758734226227,-0.006870864890515804,0.04263002324591696,0.8413418928356784,-0.04635348259869302,0.057359185766165936,1.0,False,False,False,Stim8hr,24
C1orf222-1,CFAP74,80,12,1.3256550118967425e-05,0.023465663194656372,0.0,0.266498863697052,-0.006870864890515804,0.047881375772254826,0.841341899996265,-0.025781966929233888,0.06375939397772362,1.0,False,False,False,Stim8hr,24
OR4F15-2,OR4F15,91,12,2.174654946429655e-05,0.0,0.0,-0.006870864890515804,-0.006870864890515804,0.8413419087101377,0.8413419087101377,,0.8920946525926831,1.0,False,False,False,Stim8hr,24
OR13C5-2,OR13C5,94,14,2.5845552954706363e-05,0.0,0.0,-0.006870864890515804,-0.006870864890515804,0.8413418993359197,0.8413418993359197,,0.8920946525926831,1.0,False,False,False,Stim8hr,24
SLC5A9-4,SLC5A9,101,17,9.47978605836397e-06,0.10175799578428268,0.0,0.37078559398651123,-0.006870864890515804,0.00487693951162947,0.8413418911779702,-0.018530560523248803,0.007273091049545376,1.0,True,False,False,Stim8hr,24
ALPPL2-2,ALPG,16,21,7.505156645493116e-06,0.0,0.0,-0.006870864890515804,-0.006870864890515804,0.8413418964859894,0.8413418964859894,,0.8920946525926831,1.0,False,False,False,Stim8hr,24
CSHL1-3,CSHL1,121,10,1.1560514394659549e-05,0.0,0.0,-0.006870864890515804,-0.006870864890515804,0.8413419075297645,0.8413419075297645,,0.8920946525926831,1.0,False,False,False,Stim8hr,24
FKBP6-4,FKBP6,40,11,2.1596641090582125e-05,0.0,0.0,-0.006870864890515804,-0.006870864890515804,0.8413418978002392,0.8413418978002392,,0.8920946525926831,1.0,False,False,False,Stim8hr,24
NKX2-5-2,NKX2-5,35,10,1.1044074199162424e-05,0.16690023243427277,0.0,0.611727237701416,-0.006870864890515804,0.007557922306033553,0.8413419043066386,-0.011231909365901854,0.011037192431054286,1.0,True,False,False,Stim8hr,24
FAT3-4,FAT3,114,12,9.726371899887454e-06,0.005044010002166033,0.0,0.13210655748844147,-0.006870864890515804,0.16018901620356235,0.8413418967503872,-0.05201002146405158,0.19671602217241974,1.0,False,False,False,Stim8hr,24
GIP-4,GIP,43,11,5.0322996685281396e-05,0.0,0.0,-0.006870864890515804,-0.006870864890515804,0.8413418955913992,0.8413418955913992,,0.8920946525926831,1.0,False,False,False,Stim8hr,24
HOXB1-3,HOXB1,87,16,4.393030394567177e-05,0.0,0.0,-0.006870864890515804,-0.006870864890515804,0.8413419182843328,0.8413419182843328,,0.8920946525926831,1.0,False,False,False,Stim8hr,24
HFE2-3,HJV,104,11,3.444994945311919e-05,0.0,0.0,-0.006870864890515804,-0.006870864890515804,0.8413418962861446,0.8413418962861446,,0.8920946525926831,1.0,False,False,False,Stim8hr,24
MBL2-3,MBL2,41,11,1.3108275197737385e-05,0.01842154748737812,0.0,0.3039966821670532,-0.006870864890515804,0.08807188202442388,0.8413419095976822,-0.0226017759191862,0.1129544876553391,1.0,False,False,False,Stim8hr,24
ZNF556-1,ZNF556,80,12,5.590998625848442e-05,0.0,0.0,-0.006870864890515804,-0.006870864890515804,0.8413418924577041,0.8413418924577041,,0.8920946525926831,1.0,False,False,False,Stim8hr,24
CIB4-1,CIB4,56,12,1.554290429339744e-05,0.012901278212666512,0.0,0.18865106999874115,-0.006870864890515804,0.16113413193923865,0.8413418985219031,-0.0364210226348658,0.19690864213248843,1.0,False,False,False,Stim8hr,24
BLID-2,BLID,78,10,3.558108437573537e-05,0.0,0.0,-0.006870864890515804,-0.006870864890515804,0.8413419014928534,0.8413419014928534,,0.8920946525926831,1.0,False,False,False,Stim8hr,24
CP-3,CP,51,11,1.5952660760376602e-05,0.0,0.0,-0.006870864890515804,-0.006870864890515804,0.841341908195782,0.841341908195782,,0.8920946525926831,1.0,False,False,False,Stim8hr,24
FOXG1-4,FOXG1,218,26,2.9324883143999614e-05,0.0,0.0,-0.006870864890515804,-0.006870864890515804,0.8413418929575157,0.8413418929575157,,0.8920946525926831,1.0,False,False,False,Stim8hr,24
PCDHA12-3,PCDHA12,68,12,1.2761436664732173e-05,0.0,0.0,-0.006870864890515804,-0.006870864890515804,0.8413418992971551,0.8413418992971551,,0.8920946525926831,1.0,False,False,False,Stim8hr,24
SSTR1-1,SSTR1,37,11,1.5952660760376602e-05,0.3791026175022125,0.0,0.6882829070091248,-0.006870864890515804,0.0027037607625651264,0.841341908195782,-0.009982617351885967,0.004165515087186989,1.0,True,False,False,Stim8hr,24
SLC13A1-2,SLC13A1,60,43,1.6019203030737117e-05,0.0,0.0,-0.006870864890515804,-0.006870864890515804,0.8413418920702984,0.8413418920702984,,0.8920946525926831,1.0,False,False,False,Stim8hr,24
RNF148-3,RNF148,61,13,1.2604063158505596e-05,0.0,0.0,-0.006870864890515804,-0.006870864890515804,0.8413418983178751,0.8413418983178751,,0.8920946525926831,1.0,False,False,False,Stim8hr,24
ADIPOQ-3,ADIPOQ,32,10,1.0882510650844779e-05,0.0,0.0,-0.006870864890515804,-0.006870864890515804,0.8413419082082177,0.8413419082082177,,0.8920946525926831,1.0,False,False,False,Stim8hr,24
LRRC30-4,LRRC30,156,13,1.1453021215857007e-05,0.07105646282434464,0.0,0.3154200613498688,-0.006870864890515804,0.003003319757787069,0.8413418821244131,-0.021783220956559688,0.004610495237539736,1.0,True,False,False,Stim8hr,24
TSGA13-1,TSGA13,140,17,1.1826355148514267e-05,0.005314195994287729,0.0,0.11916758865118027,-0.006870864890515804,0.16006185634666223,0.8413418990774574,-0.05765716138326638,0.19671602217241974,1.0,False,False,False,Stim8hr,24
DLGAP2-3,DLGAP2,83,10,8.566573342250194e-06,0.0,0.0,-0.006870864890515804,-0.006870864890515804,0.8413419069302711,0.8413419069302711,,0.8920946525926831,1.0,False,False,False,Stim8hr,24
HS3ST6-3,HS3ST6,168,47,1.8952301616081968e-05,0.014777101576328278,0.0,0.2574506998062134,-0.006870864890515804,0.009656853117851623,0.8413419045392558,-0.02668808007003903,0.013923583522271523,1.0,True,False,False,Stim8hr,24
BAI3-1,ADGRB3,99,10,9.832811883825343e-06,0.0,0.0,-0.006870864890515804,-0.006870864890515804,0.8413418920699817,0.8413418920699817,,0.8920946525926831,1.0,False,False,False,Stim8hr,24
CYP11B1-4,CYP11B1,118,17,1.0743660823209211e-05,0.4476960301399231,0.0,0.6343972682952881,-0.006870864890515804,1.7433088200573036e-06,0.8413419064785504,-0.010830539842926428,3.4624423251985587e-06,1.0,True,False,False,Stim8hr,24
EPYC-3,EPYC,106,13,9.875913747237064e-06,0.0,0.0,-0.006870864890515804,-0.006870864890515804,0.8413418830793137,0.8413418830793137,,0.8920946525926831,1.0,False,False,False,Stim8hr,24
PCDH17-1,PCDH17,22,10,3.692842074087821e-05,0.0,0.0,-0.006870864890515804,-0.006870864890515804,0.8413418978861701,0.8413418978861701,,0.8920946525926831,1.0,False,False,False,Stim8hr,24
KRTAP19-6-1,KRTAP19-6,77,10,3.255737465224229e-05,0.0,0.0,-0.006870864890515804,-0.006870864890515804,0.8413418922147877,0.8413418922147877,,0.8920946525926831,1.0,False,False,False,Stim8hr,24
AMTN-3,AMTN,60,10,2.1037076294305734e-05,0.014914015308022499,0.0,0.2594689726829529,-0.006870865356177092,0.0799732936252862,0.8413419051015274,-0.026480489305257527,0.1036730561344223,1.0,False,False,False,Stim8hr,24
PCDHB11-2,PCDHB11,57,10,2.394600960542448e-05,0.0,0.0,-0.006870865356177092,-0.006870865356177092,0.8413418990623062,0.8413418990623062,,0.8920946525926831,1.0,False,False,False,Stim8hr,24
C11orf70-4,CFAP300,26,11,9.129843419941608e-06,0.0,0.0,-0.006870865356177092,-0.006870865356177092,0.8413419089632626,0.8413419089632626,,0.8920946525926831,1.0,False,False,False,Stim8hr,24
GAPDHS-3,GAPDHS,146,11,1.0567466233624145e-05,0.004133421927690506,0.0,0.11663137376308441,-0.006870865356177092,0.16010624136539767,0.8413419093153681,-0.058910952812182546,0.19671602217241974,1.0,False,False,False,Stim8hr,24
GAPDHS-1,GAPDHS,89,11,1.0567466233624145e-05,0.0050129396840929985,0.0,0.14943239092826843,-0.006870865356177092,0.16053439739565908,0.8413419093153681,-0.04597975923088383,0.1968251473459143,1.0,False,False,False,Stim8hr,24
NRAP-3,NRAP,136,10,1.2382192835502792e-05,0.03244775906205177,0.0,0.2106664776802063,-0.006870865356177092,0.04230577882207746,0.8413419181543517,-0.03261489645546327,0.05700224623866673,1.0,False,False,False,Stim8hr,24
PEG3-2,PEG3,107,14,1.6303156371577643e-05,0.04175804182887077,0.0,0.18581202626228333,-0.006870865356177092,0.08848819234924044,0.8413419070289944,-0.03697750621630114,0.11338608197927932,1.0,False,False,False,Stim8hr,24
SOX14-4,SOX14,76,10,1.9147350030834787e-05,0.02966507524251938,0.0,0.20310191810131073,-0.006870865356177092,0.10718813419200711,0.8413418951529187,-0.033829642872943155,0.13550065868600572,1.0,False,False,False,Stim8hr,24
NWD1-1,NWD1,62,13,1.2386298294586595e-05,0.08109291642904282,0.0,0.4261702597141266,-0.006870865356177092,0.01040759025083759,0.8413419097676059,-0.016122348285837782,0.014944727627177483,1.0,True,False,False,Stim8hr,24
NAALADL2-2,NAALADL2,94,15,1.3981120901007671e-05,0.019765449687838554,0.0,0.2516557276248932,-0.006870865356177092,0.04384829940852655,0.8413419055966471,-0.027302638493563305,0.058834619643571194,1.0,False,False,False,Stim8hr,24
PCDHB14-1,PCDHB14,81,13,1.048825743055204e-05,0.0,0.0,-0.006870865356177092,-0.006870865356177092,0.8413419077310815,0.8413419077310815,,0.8920946525926831,1.0,False,False,False,Stim8hr,24
SIGLEC15-4,SIGLEC15,112,13,6.632770691794576e-06,0.04508384317159653,0.0,0.3164960443973541,-0.006870865356177092,0.009794724300867525,0.8413419107652185,-0.021709166600359986,0.014117107294615997,1.0,True,False,False,Stim8hr,24
PPP3R2-1,PPP3R2,87,10,2.196764762629755e-05,0.0,0.0,-0.006870865821838379,-0.006870865821838379,0.8413419131544411,0.8413419131544411,,0.8920946525926831,1.0,False,False,False,Stim8hr,24
HEPHL1-1,HEPHL1,45,23,1.2133530617575161e-05,0.47135481238365173,0.0,0.8081339597702026,-0.006870865821838379,0.00019926781314871046,0.8413419428575133,-0.008502137224615765,0.00033693425161611867,1.0,True,False,False,Stim8hr,24
PSMG2-3,PSMG2,168,14,0.8489688634872437,0.9703400731086731,0.8452113270759583,0.21245241165161133,-0.006954466458410025,0.0038916377603147824,0.510566868415105,-0.03273423165378918,0.00587620586455965,0.7185870664927675,True,False,False,Stim8hr,24
TOR1B-2,TOR1B,21,10,0.34060221910476685,0.31010496616363525,0.3374860882759094,-0.07339472323656082,-0.007009028922766447,0.6396579878544224,0.5085821204879301,,0.7016054052671628,0.7174898433151033,False,False,False,Stim8hr,24
ECD-3,ECD,66,13,0.3994503319263458,0.5292757749557495,0.3961935043334961,0.2568390667438507,-0.007234413642436266,0.028903173773184906,0.5104611745855719,-0.028167107652868287,0.039662375081939684,0.7185870664927675,True,False,False,Stim8hr,24
FGL1-3,FGL1,109,14,6.599647167604417e-05,0.0,0.0,-0.007815291173756123,-0.007815291173756123,0.8723224675311714,0.8723224675311714,,0.922162652253428,1.0,False,False,False,Stim8hr,24
G6PC-4,G6PC1,104,11,7.588127482449636e-05,0.09533805400133133,0.0,0.32588961720466614,-0.008055754005908966,0.010307109344303272,0.8794887572775262,-0.02471927174301404,0.014811442524868358,1.0,True,False,False,Stim8hr,24
NPBWR1-3,NPBWR1,52,10,2.6265724955010228e-05,0.08408832550048828,0.0,0.49987921118736267,-0.008216395042836666,0.006921150454898437,0.8841154649233719,-0.016436760839324105,0.01013791242768646,1.0,True,False,False,Stim8hr,24
CYP3A5-2,CYP3A5,96,15,4.119288860238157e-05,0.13674500584602356,0.0,0.44311589002609253,-0.008253141306340694,0.001393754302652259,0.8851558451659973,-0.018625243400444778,0.0022007545481242488,1.0,True,False,False,Stim8hr,24
C10orf62-3,C10orf62,81,12,4.582640394801274e-05,0.040566179901361465,0.0,0.2584703862667084,-0.008347113616764545,0.051853565065393695,0.887786192768248,-0.03229427454854109,0.06874108197047564,1.0,False,False,False,Stim8hr,24
ACKR1-1,ACKR1,30,10,3.215501783415675e-05,1.112036943435669,0.0,1.3639150857925415,-0.008419529534876347,5.784618683438943e-06,0.8897835618006746,-0.006173059908626159,1.0997601007305013e-05,1.0,True,False,False,Stim8hr,24
SLC35F4-1,SLC35F4,67,11,3.945010757888667e-05,0.1711968630552292,0.0,0.6164118647575378,-0.008479046635329723,0.0003376928962769011,0.8914059504773203,-0.013755489016527787,0.0005606949033502691,1.0,True,False,False,Stim8hr,24
FABP12-3,FABP12,93,11,4.366862776805647e-05,0.0,0.0,-0.00853655580431223,-0.00853655580431223,0.8929572506976231,0.8929572506976231,,0.9424305918252479,1.0,False,False,False,Stim8hr,24
ACP2-2,ACP2,53,11,0.5264955163002014,0.5484248399734497,0.5216116309165955,0.04084952920675278,-0.008705450221896172,0.38520096968812595,0.510668268709664,-0.21311017264936033,0.4396612012349419,0.7185870664927675,False,False,False,Stim8hr,24
ZGPAT-3,ZGPAT,35,10,0.37710684537887573,0.35571572184562683,0.3731841444969177,-0.04647049307823181,-0.008736982010304928,0.6066809923176644,0.5109150242726208,,0.66916169542841,0.7185870664927675,False,False,False,Stim8hr,24
IAH1-4,IAH1,124,10,0.9945197105407715,1.7475074529647827,0.9885255694389343,1.1628305912017822,-0.008872981183230877,1.0424931041556462e-22,0.5097979209254384,-0.007630502027006939,5.902373109472743e-22,0.7185870664927675,True,False,False,Stim8hr,24
COX8C-4,COX8C,154,10,7.829935930203646e-05,0.004631943069398403,0.0,0.10948916524648666,-0.008883160538971424,0.16357652075185236,0.901969104418511,-0.08113278166815205,0.19891522193314876,1.0,False,False,False,Stim8hr,24
COL4A3-2,COL4A3,78,12,2.767952719295863e-05,0.43419355154037476,0.0,1.0087088346481323,-0.008901272900402546,8.516673578342912e-09,0.902424281784721,-0.00882442246429573,1.9875664892849754e-08,1.0,True,False,False,Stim8hr,24
PCDP1-3,CFAP221,77,10,2.7438747565611266e-05,0.06124730408191681,0.0,0.3350714445114136,-0.008987226523458958,0.020479033310315652,0.904563148409855,-0.026821821646317058,0.028589321953426217,1.0,True,False,False,Stim8hr,24
MYOZ1-3,MYOZ1,64,12,6.437496631406248e-05,0.012568224221467972,0.0,0.17499205470085144,-0.009021473117172718,0.16180252355668473,0.9054056483742596,-0.051553615577546695,0.1973164170904131,1.0,False,False,False,Stim8hr,24
OSR1-4,OSR1,23,12,3.89031702070497e-05,0.16842268407344818,0.0,0.5349065661430359,-0.009063935838639736,0.041660741500634604,0.9064426747819796,-0.016944895449677484,0.05627037631259309,1.0,False,False,False,Stim8hr,24
MAGEB3-4,MAGEB3,60,10,2.6731235266197473e-05,0.0213454719632864,0.0,0.25892579555511475,-0.009256747551262379,0.08057055589163095,0.9110459500566901,-0.035750580707560264,0.10434237763996547,1.0,False,False,False,Stim8hr,24
PRSS57-1,PRSS57,19,10,2.9245540645206347e-05,0.3593214750289917,0.0,0.7266818881034851,-0.00937039777636528,0.018981156442905302,0.913679112431802,-0.012894772705592552,0.02659425071185319,1.0,True,False,False,Stim8hr,24
IL17B-2,IL17B,89,14,3.1248371669789776e-05,0.13802577555179596,0.0,0.25862476229667664,-0.009402737952768803,0.0439940031813775,0.9144176532683875,-0.0363566808888262,0.058989185264350485,1.0,False,False,False,Stim8hr,24
ADCYAP1-4,ADCYAP1,27,10,4.692602306022309e-05,0.9684090614318848,0.0,0.8613694310188293,-0.009455318562686443,0.0019648127842778734,0.9156082840395878,-0.010977076991811371,0.0030686312749606368,1.0,True,False,False,Stim8hr,24
MPPED1-1,MPPED1,89,18,3.539768295013346e-05,0.09871598333120346,0.0,0.38992610573768616,-0.009467595256865025,0.00544538372055735,0.9158844589482364,-0.024280485757560772,0.008071022938825324,1.0,True,False,False,Stim8hr,24
PASD1-1,PASD1,53,11,2.400849189143628e-05,0.0,0.0,-0.009512174874544144,-0.009512174874544144,0.9168816944642301,0.9168816944642301,,0.9651845084842746,1.0,False,False,False,Stim8hr,24
SRPRB-4,SRPRB,70,12,1.0805931091308594,1.3855249881744385,1.0732731819152832,0.46253249049186707,-0.009517337195575237,0.00032352133332226596,0.5108990243119512,-0.020576580869928283,0.0005378576938766992,0.7185870664927675,True,False,False,Stim8hr,24
TCF23-4,TCF23,79,10,2.8640166419791058e-05,0.22796019911766052,0.0,0.5250660181045532,-0.009520634077489376,0.0007294357718786661,0.9170698982874603,-0.018132260990452422,0.0011753033874395008,1.0,True,False,False,Stim8hr,24
VWA3B-3,VWA3B,73,10,1.5778794477228075e-05,0.0,0.0,-0.009531390853226185,-0.009531390853226185,0.9173087795184155,0.9173087795184155,,0.9651845084842746,1.0,False,False,False,Stim8hr,24
VWA3B-4,VWA3B,98,11,1.5778794477228075e-05,0.0,0.0,-0.009531390853226185,-0.009531390853226185,0.9173087795184155,0.9173087795184155,,0.9651845084842746,1.0,False,False,False,Stim8hr,24
TH-1,TH,80,11,2.8370230211294256e-05,1.0011727809906006,0.0,0.8162744641304016,-0.0095572704449296,8.874942097741793e-07,0.9178813580357823,-0.01170840307384993,1.8129636076052568e-06,1.0,True,False,False,Stim8hr,24
OR9Q1-3,OR9Q1,57,10,2.9332779377000406e-05,0.0,0.0,-0.009570013731718063,-0.009570013731718063,0.9181622240947809,0.9181622240947809,,0.9651845084842746,1.0,False,False,False,Stim8hr,24
OR9Q1-2,OR9Q1,130,11,2.9332779377000406e-05,0.0,0.0,-0.009570013731718063,-0.009570013731718063,0.9181622240947809,0.9181622240947809,,0.9651845084842746,1.0,False,False,False,Stim8hr,24
CLEC1B-3,CLEC1B,58,10,2.439590753056109e-05,1.1438697576522827,0.0,1.1851153373718262,-0.009572884999215603,1.6900425635412197e-08,0.9182254152683538,-0.00807759776398214,3.878572458880651e-08,1.0,True,False,False,Stim8hr,24
SPRR2F-4,SPRR2F,41,10,3.4395288821542636e-05,0.0,0.0,-0.009584981016814709,-0.009584981016814709,0.9184911723397465,0.9184911723397465,,0.9651845084842746,1.0,False,False,False,Stim8hr,24
TDRD5-1,TDRD5,140,11,3.3739266655175015e-05,0.43088769912719727,0.0,0.9921877384185791,-0.009592677466571331,4.063075508105085e-14,0.9186599158320431,-0.009668208036778238,1.3315180499866408e-13,1.0,True,False,False,Stim8hr,24
TRIM50-2,TRIM50,90,10,3.342788841109723e-05,0.0,0.0,-0.009597239084541798,-0.009597239084541798,0.9187598075331304,0.9187598075331304,,0.9651845084842746,1.0,False,False,False,Stim8hr,24
TRIM50-3,TRIM50,63,13,3.342788841109723e-05,0.0,0.0,-0.009597239084541798,-0.009597239084541798,0.9187598075331304,0.9187598075331304,,0.9651845084842746,1.0,False,False,False,Stim8hr,24
NMUR1-2,NMUR1,122,11,2.633006079122424e-05,0.0,0.0,-0.009623927995562553,-0.009623927995562553,0.9193424441610819,0.9193424441610819,,0.9652721236956024,1.0,False,False,False,Stim8hr,24
NMUR1-1,NMUR1,90,12,2.633006079122424e-05,0.0,0.0,-0.009623927995562553,-0.009623927995562553,0.9193424441610819,0.9193424441610819,,0.9652721236956024,1.0,False,False,False,Stim8hr,24
OR2Z1-2,OR2Z1,146,26,2.3204649551189505e-05,0.0,0.0,-0.009658071212470531,-0.009658071212470531,0.9200831600424526,0.9200831600424526,,0.9655129700576223,1.0,False,False,False,Stim8hr,24
PDZRN3-4,PDZRN3,28,10,2.0311432308517396e-05,0.0,0.0,-0.009661915712058544,-0.009661915712058544,0.9201662612948039,0.9201662612948039,,0.9655129700576223,1.0,False,False,False,Stim8hr,24
ASPA-2,ASPA,52,10,3.098454908467829e-05,0.17449285089969635,0.0,0.5640660524368286,-0.009668117389082909,0.0029295020214406063,0.9203001346890137,-0.01714004476482064,0.004502537486848499,1.0,True,False,False,Stim8hr,24
KRT19-2,KRT19,183,15,3.610372368711978e-05,0.1408025324344635,0.0,0.4414805769920349,-0.009680160321295261,1.8996071371718437e-05,0.9205596375381948,-0.02192658256281546,3.478115908827424e-05,1.0,True,False,False,Stim8hr,24
CLCNKB-3,CLCNKB,77,13,2.8344318707240745e-05,0.025677675381302834,0.0,0.22293825447559357,-0.00970203336328268,0.0852442411434219,0.9210293379296761,-0.04351892583937326,0.10980662241892487,1.0,False,False,False,Stim8hr,24
GRID1-3,GRID1,103,19,2.572821540525183e-05,0.0,0.0,-0.009702647104859352,-0.009702647104859352,0.9210424775837756,0.9210424775837756,,0.9655129700576223,1.0,False,False,False,Stim8hr,24
OR4F6-1,OR4F6,133,11,5.175206752028316e-05,0.0,0.0,-0.009710585698485374,-0.009710585698485374,0.921212404805773,0.921212404805773,,0.9655129700576223,1.0,False,False,False,Stim8hr,24
OR52I2-4,OR52I2,98,14,2.249799763376359e-05,0.0,0.0,-0.0097124008461833,-0.0097124008461833,0.9212512090360192,0.9212512090360192,,0.9655129700576223,1.0,False,False,False,Stim8hr,24
CYP4F2-1,CYP4F2,31,10,2.73789501079591e-05,0.09425052255392075,0.0,0.3492696285247803,-0.00971383135765791,0.08963400886009668,0.9212817878532158,-0.02781184095132029,0.1146971251694222,1.0,False,False,False,Stim8hr,24
RNASE10-4,RNASE10,115,11,2.01980637939414e-05,0.0,0.0,-0.00971559900790453,-0.00971559900790453,0.9213195912884992,0.9213195912884992,,0.9655129700576223,1.0,False,False,False,Stim8hr,24
LYRM7-3,LYRM7,212,13,0.2103675901889801,0.5758435726165771,0.20570841431617737,0.7482353448867798,-0.009992572478950024,7.189100098720152e-17,0.5118308191852623,-0.013354852249678292,2.8630535614573454e-16,0.7196074937392796,True,False,False,Stim8hr,24
CXCL5-3,CXCL5,110,11,3.059649679926224e-05,0.0291389599442482,0.0,0.13468493521213531,-0.01000488642603159,0.16001572152588858,0.9273182426716439,-0.0742836339511424,0.19671602217241974,1.0,False,False,False,Stim8hr,24
DEFB136-1,DEFB136,56,10,3.444901813054457e-05,0.0,0.0,-0.010145517997443676,-0.010145517997443676,0.9301048193859506,0.9301048193859506,,0.97362680763173,1.0,False,False,False,Stim8hr,24
ZNF182-1,ZNF182,153,36,0.1278839260339737,0.3144102990627289,0.12445555627346039,0.44945666193962097,-0.01054674107581377,6.04294563803504e-06,0.5228852228853909,-0.02346553509808827,1.1477441445128438e-05,0.7316137302821119,True,False,False,Stim8hr,24
LOC285556-3,C4orf54,79,11,6.82761674397625e-05,0.0,0.0,-0.010693404823541641,-0.010693404823541641,0.9401826793267305,0.9401826793267305,,0.9823524509474377,1.0,False,False,False,Stim8hr,24
FAM187B-3,FAM187B,171,14,8.18845655885525e-05,0.1359211504459381,0.0,0.5397358536720276,-0.010770893655717373,7.316261885817481e-07,0.9415111516240899,-0.01995586096872924,1.5040927545165443e-06,1.0,True,False,False,Stim8hr,24
C5orf47-2,C5orf47,62,10,5.1448332669679075e-05,0.0,0.0,-0.010945204645395279,-0.010945204645395279,0.9444148256109812,0.9444148256109812,,0.9862414611497878,1.0,False,False,False,Stim8hr,24
ABCC12-3,ABCC12,131,13,4.55739937024191e-05,0.07119254767894745,0.0,0.3448713421821594,-0.010955311357975006,0.0030173751939670357,0.9445796386792187,-0.03176637202922028,0.004630234077408939,1.0,True,False,False,Stim8hr,24
TRAPPC3L-3,TRAPPC3L,103,10,4.732014349428937e-05,0.35297277569770813,0.0,0.8186239004135132,-0.01109729241579771,2.6719016723158933e-08,0.9468542565232889,-0.013556032764486978,6.07064851166014e-08,1.0,True,False,False,Stim8hr,24
ANKS4B-1,ANKS4B,129,19,4.58579343103338e-05,0.8297345042228699,0.0,1.0787575244903564,-0.011253693141043186,8.516369275960802e-15,0.9492735404025585,-0.010432087735712279,2.9509677410520085e-14,1.0,True,False,False,Stim8hr,24
OMP-3,OMP,119,10,3.380751149961725e-05,0.10011018067598343,0.0,0.46888816356658936,-0.011304408311843872,0.00021976972092987052,0.950038931834481,-0.024108964973346938,0.00037014351517239083,1.0,True,False,False,Stim8hr,24
LOC284570-4,GPR37L1,83,20,5.008752123103477e-05,0.0,0.0,-0.011339758522808552,-0.011339758522808552,0.9505669559460946,0.9505669559460946,,0.9919333404069473,1.0,False,False,False,Stim8hr,24
ISLR-4,ISLR,122,14,4.0480997995473444e-05,0.08622374385595322,0.0,0.4291430413722992,-0.011360661126673222,0.0005351222304582368,0.9508770681542026,-0.02647290071474649,0.0008723936193853295,1.0,True,False,False,Stim8hr,24
OR2J3-3,OR2J3,40,11,2.6759034881251864e-05,0.0,0.0,-0.011361625976860523,-0.011361625976860523,0.950891360974542,0.950891360974542,,0.9919333404069473,1.0,False,False,False,Stim8hr,24
PCDHA1-3,PCDHA1,125,10,4.676774551626295e-05,0.0,0.0,-0.011379648000001907,-0.011379648000001907,0.9511574186750203,0.9511574186750203,,0.9919432950421532,1.0,False,False,False,Stim8hr,24
TUBA3C-1,TUBA3C,130,14,2.7646841772366315e-05,0.0,0.0,-0.011434418149292469,-0.011434418149292469,0.9519589807334199,0.9519589807334199,,0.9922440373304946,1.0,False,False,False,Stim8hr,24
AKR1C4-1,AKR1C4,46,10,4.5990629587322474e-05,0.3149113357067108,0.0,0.5627418160438538,-0.011474969796836376,0.004881653851499863,0.9525456453461337,-0.02039118023520425,0.007277315128662287,1.0,True,False,False,Stim8hr,24
AKR1C4-4,AKR1C4,75,11,4.5990629587322474e-05,0.3056826889514923,0.0,0.5863634943962097,-0.011474969796836376,0.00029499788949723576,0.9525456453461337,-0.019569720670711915,0.0004923421832912433,1.0,True,False,False,Stim8hr,24
CARD14-2,CARD14,79,11,4.070342401973903e-05,0.28313344717025757,0.0,0.7560941576957703,-0.011507236398756504,4.50734702090923e-06,0.9530083273907874,-0.015219316644140335,8.658674083385987e-06,1.0,True,False,False,Stim8hr,24
TARSL2-3,TARS3,543,44,0.1556868553161621,0.45293429493904114,0.15198922157287598,0.6871128082275391,-0.011579430662095547,1.4279060708173429e-35,0.5309266393362092,-0.01685229924903538,1.7697797358495721e-34,0.7401269996201781,True,False,False,Stim8hr,24
OLIG1-4,OLIG1,53,13,3.015641232195776e-05,0.0,0.0,-0.011724686250090599,-0.011724686250090599,0.9560328138786812,0.9560328138786812,,0.996221743807292,1.0,False,False,False,Stim8hr,24
APOA4-1,APOA4,41,10,5.0600036047399044e-05,0.01442951150238514,0.0,0.2196119874715805,-0.011749972589313984,0.1625008718001023,0.9563740861558135,-0.0535033297799125,0.19795335052877583,1.0,False,False,False,Stim8hr,24
MYO1H-4,MYO1H,78,10,4.568439180729911e-05,0.0,0.0,-0.01179562695324421,-0.01179562695324421,0.9569848493716644,0.9569848493716644,,0.9964082963167006,1.0,False,False,False,Stim8hr,24
CLPSL1-3,CLPSL1,118,15,4.90683269163128e-05,0.42916756868362427,0.0,0.9226133227348328,-0.011811108328402042,5.553867118248336e-11,0.957190390825383,-0.012801796849617637,1.48013812172752e-10,1.0,True,False,False,Stim8hr,24
SLC16A12-1,SLC16A12,17,10,4.0128757973434404e-05,0.0,0.0,-0.011853178031742573,-0.011853178031742573,0.9577448952942703,0.9577448952942703,,0.9967127734163844,1.0,False,False,False,Stim8hr,24
RAX2-4,RAX2,43,14,3.8096168282208964e-05,0.014139438979327679,0.0,0.2148275524377823,-0.011877003125846386,0.16216404338184548,0.9580563459868209,-0.05528621906766902,0.19763263654509816,1.0,False,False,False,Stim8hr,24
SCN2A-2,SCN2A,91,11,4.373997944639996e-05,0.0,0.0,-0.01187924761325121,-0.01187924761325121,0.9580855902566793,0.9580855902566793,,0.9967492541088455,1.0,False,False,False,Stim8hr,24
FAM157A-2,PRDM7,79,14,6.603704969165847e-05,0.0,0.0,-0.011950831860303879,-0.011950831860303879,0.959009676430843,0.959009676430843,,0.9971740840973569,1.0,False,False,False,Stim8hr,24
FAM157B-4,PRDM7,121,14,6.603704969165847e-05,0.0,0.0,-0.011950831860303879,-0.011950831860303879,0.959009676430843,0.959009676430843,,0.9971740840973569,1.0,False,False,False,Stim8hr,24
SEC24C-2,SEC24C,55,10,0.836825430393219,1.181056261062622,0.8303640484809875,0.5250523686408997,-0.012199603021144867,0.00052304448022126,0.5160496097523679,-0.023235021399338876,0.0008545048605896122,0.7247306439225606,True,False,False,Stim8hr,24
RNF166-2,RNF166,151,14,0.23012152314186096,0.355896919965744,0.22548127174377441,0.3001226782798767,-0.012312522158026695,0.00045709981680479116,0.5180829014524972,-0.04102496428658671,0.000750894219024693,0.7267765331206768,True,False,False,Stim8hr,24
FGF6-2,FGF6,92,23,0.00010744480096036568,0.0,0.0,-0.01242197398096323,-0.01242197398096323,0.9646869830874393,0.9646869830874393,,1.0,1.0,False,False,False,Stim8hr,24
MKRN2OS-3,MKRN2OS,35,11,0.00017017679056152701,0.0,0.0,-0.012463024817407131,-0.012463024817407131,0.9651494923894648,0.9651494923894648,,1.0,1.0,False,False,False,Stim8hr,24
MAP1LC3C-3,MAP1LC3C,89,17,5.845581108587794e-05,0.11418750882148743,0.0,0.2895270884037018,-0.012501362711191177,0.028318376753415805,0.9655769359412053,-0.04317855983741292,0.038915125410610846,1.0,True,False,False,Stim8hr,24
ZNF207-4,ZNF207,71,11,0.2122141420841217,0.3182753920555115,0.20723086595535278,0.275471568107605,-0.012508189305663109,0.0172751904885963,0.5146469646930636,-0.045406462059188434,0.024283228505780408,0.7232979637566579,True,False,False,Stim8hr,24
STAC2-4,STAC2,107,10,7.401064067380503e-05,0.10355521738529205,0.0,0.3804333806037903,-0.01264133956283331,0.00318657748865599,0.96710114448349,-0.033228786450784344,0.004874404726516105,1.0,True,False,False,Stim8hr,24
TNN-3,TNN,16,11,4.819496825803071e-05,0.0,0.0,-0.012646139599382877,-0.012646139599382877,0.9671524188178107,0.9671524188178107,,1.0,1.0,False,False,False,Stim8hr,24
BIRC7-3,BIRC7,25,10,5.416764906840399e-05,0.02316185273230076,0.0,0.2818077504634857,-0.012843715026974678,0.16419856406132222,0.9692060916423214,-0.04557615965441255,0.19948345812916524,1.0,False,False,False,Stim8hr,24
GRHL3-4,GRHL3,149,11,6.787271559005603e-05,0.00950548518449068,0.0,0.19657763838768005,-0.012929544784128666,0.0449663862678164,0.9700645095285964,-0.06577322268278399,0.060188652024107316,1.0,False,False,False,Stim8hr,24
HIGD1C-3,HIGD1C,33,14,7.065683166729286e-05,0.0,0.0,-0.013130133971571922,-0.013130133971571922,0.9719935119198652,0.9719935119198652,,1.0,1.0,False,False,False,Stim8hr,24
RSPH6A-1,RSPH6A,105,10,5.7319899497088045e-05,0.0,0.0,-0.013200226239860058,-0.013200226239860058,0.972642674085725,0.972642674085725,,1.0,1.0,False,False,False,Stim8hr,24
CTNNA3-3,CTNNA3,100,11,5.8457269915379584e-05,0.013190862722694874,0.0,0.2395809143781662,-0.01326610054820776,0.046174906990773305,0.9732412829234818,-0.05537210917923078,0.06167819182498113,1.0,False,False,False,Stim8hr,24
KLHL38-3,KLHL38,177,11,4.965094194631092e-05,0.0,0.0,-0.013273275457322598,-0.013273275457322598,0.9733058167777408,0.9733058167777408,,1.0,1.0,False,False,False,Stim8hr,24
HMCN2-1,HMCN2,174,26,5.7501281844452024e-05,0.0,0.0,-0.013407770544290543,-0.013407770544290543,0.9744916793762295,0.9744916793762295,,1.0,1.0,False,False,False,Stim8hr,24
LOC100652824-3,KIAA2012,64,10,5.1851799071300775e-05,0.023864082992076874,0.0,0.2865782082080841,-0.013443433679640293,0.05480471320661795,0.9747986039630386,-0.04691017423725056,0.07235569340047511,1.0,False,False,False,Stim8hr,24
CTSE-2,CTSE,215,13,5.240907921688631e-05,0.12468919157981873,0.0,0.40933698415756226,-0.013461600989103317,1.632519641214717e-05,0.9749537677267527,-0.03288635405571286,3.0061683107511003e-05,1.0,True,False,False,Stim8hr,24
CTSE-3,CTSE,118,20,5.240907921688631e-05,0.04929538071155548,0.0,0.20220477879047394,-0.013461600989103317,0.061518740110294616,0.9749537677267527,-0.0665740991366595,0.08064168407000315,1.0,False,False,False,Stim8hr,24
PCDHB9-4,PCDHB9,60,12,6.273380859056488e-05,0.0,0.0,-0.013492115773260593,-0.013492115773260593,0.9752125956429549,0.9752125956429549,,1.0,1.0,False,False,False,Stim8hr,24
ELAVL2-2,ELAVL2,207,17,7.058649498503655e-05,0.20253358781337738,0.0,0.5153359174728394,-0.013547203503549099,1.9496400462443064e-07,0.9756741551368222,-0.02628810266123766,4.165335944103167e-07,1.0,True,False,False,Stim8hr,24
WFDC11-4,WFDC11,26,10,6.831085920566693e-05,0.031551752239465714,0.0,0.27647846937179565,-0.013554852455854416,0.16396022071872995,0.9757376607285309,-0.049026792164515595,0.19925649702053072,1.0,False,False,False,Stim8hr,24
ASAH2-4,ASAH2,35,10,6.074520570109598e-05,0.0,0.0,-0.013589631766080856,-0.013589631766080856,0.97602470409744,0.97602470409744,,1.0,1.0,False,False,False,Stim8hr,24
WDR38-1,WDR38,94,12,5.287679596222006e-05,0.04801391437649727,0.0,0.29891929030418396,-0.013656536117196083,0.021595615392019128,0.9765688565387269,-0.04568636605318788,0.030061283196881915,1.0,True,False,False,Stim8hr,24
WDR38-4,WDR38,112,15,5.287679596222006e-05,0.0,0.0,-0.013656536117196083,-0.013656536117196083,0.9765688565387269,0.9765688565387269,,1.0,1.0,False,False,False,Stim8hr,24
SLCO4A1-3,SLCO4A1,48,10,0.23751947283744812,0.3649953305721283,0.23141708970069885,0.29416194558143616,-0.013842027634382248,0.035888273156234496,0.5151900109992955,-0.047055806647669195,0.04883179179984476,0.7237922071319969,True,False,False,Stim8hr,24
CCDC42B-3,CFAP73,94,11,6.425087485695258e-05,0.13396884500980377,0.0,0.611409068107605,-0.01392099168151617,3.1426017572285587e-05,0.9786191113209732,-0.022768703324279358,5.6549283365299375e-05,1.0,True,False,False,Stim8hr,24
PSPC1-1,PSPC1,49,10,0.6871526837348938,0.7084569334983826,0.679212212562561,0.040249619632959366,-0.013962680473923683,0.38438830357332365,0.5166881715081235,-0.34690217202673906,0.438863173876009,0.7253580789323397,False,False,False,Stim8hr,24
BCMO1-2,BCO1,119,10,5.6544253311585635e-05,0.8810706734657288,0.0,1.2580434083938599,-0.01439709309488535,5.040220083287865e-17,0.9819285564466439,-0.011444035236642648,2.0323807155447524e-16,1.0,True,False,False,Stim8hr,24
RAB3GAP1-3,RAB3GAP1,71,12,0.35619744658470154,0.6612581610679626,0.3485778272151947,0.588178277015686,-0.01443637628108263,1.4559962243933514e-05,0.5174127928066597,-0.024544218726217305,2.6978137995826976e-05,0.7261058190704219,True,False,False,Stim8hr,24
SCP2D1-3,SCP2D1,67,12,7.487361290259287e-05,0.011939853429794312,0.0,0.17120875418186188,-0.014436529949307442,0.16199314039293417,0.9821819605485693,-0.08432121370366744,0.19748659328482865,1.0,False,False,False,Stim8hr,24
MAPK15-2,MAPK15,29,14,9.702821989776567e-05,0.0,0.0,-0.014488129876554012,-0.014488129876554012,0.9825089244809642,0.9825089244809642,,1.0,1.0,False,False,False,Stim8hr,24
FRG2C-4,FRG2C,73,11,0.00010306588956154883,0.0,0.0,-0.014556403271853924,-0.014556403271853924,0.9829336599738532,0.9829336599738532,,1.0,1.0,False,False,False,Stim8hr,24
SLC9A4-1,SLC9A4,56,12,9.366052836412564e-05,0.07175876200199127,0.0,0.22533269226551056,-0.014589346945285797,0.11907466984621111,0.983135429373922,-0.06474580673848739,0.14951887271673642,1.0,False,False,False,Stim8hr,24
HAPLN4-4,TM6SF2,100,10,8.903162961360067e-05,0.0,0.0,-0.014614320360124111,-0.014614320360124111,0.9832870264484838,0.9832870264484838,,1.0,1.0,False,False,False,Stim8hr,24
CELF3-3,CELF3,162,16,7.902865036157891e-05,0.18844576179981232,0.0,0.6442766189575195,-0.014663626439869404,1.7119991293914954e-08,0.9835828998917212,-0.022759830185357467,3.924303872766398e-08,1.0,True,False,False,Stim8hr,24
PLA2G2D-3,PLA2G2D,40,12,5.201987733016722e-05,0.028302226215600967,0.0,0.29203951358795166,-0.014772212132811546,0.0994492734676162,0.9842187264703136,-0.050582922671396295,0.12642023027589475,1.0,False,False,False,Stim8hr,24
AGBL4-3,AGBL4,69,10,0.00013082785881124437,0.39530232548713684,0.0,0.8385929465293884,-0.014847865328192711,2.820436325375477e-06,0.9846491287858966,-0.017705688307589847,5.505616996581004e-06,1.0,True,False,False,Stim8hr,24
PSD2-3,PSD2,84,10,5.827682980452664e-05,0.012615447863936424,0.0,0.21627449989318848,-0.014898032881319523,0.08190545333016676,0.984928941651627,-0.06888483334224431,0.10589381077490968,1.0,False,False,False,Stim8hr,24
NME8-4,NME8,67,12,6.904007750563323e-05,0.0,0.0,-0.015019549988210201,-0.015019549988210201,0.9855886156508231,0.9855886156508231,,1.0,1.0,False,False,False,Stim8hr,24
ABCA12-3,ABCA12,33,11,0.00017938452947419137,0.0,0.0,-0.015197647735476494,-0.015197647735476494,0.9865104626325265,0.9865104626325265,,1.0,1.0,False,False,False,Stim8hr,24
PCDHB13-1,PCDHB13,117,11,8.877714572008699e-05,0.0,0.0,-0.015202677808701992,-0.015202677808701992,0.9865357427567059,0.9865357427567059,,1.0,1.0,False,False,False,Stim8hr,24
OR52N5-3,OR52N5,26,11,9.716868953546509e-05,0.0,0.0,-0.015251106582581997,-0.015251106582581997,0.98677704544324,0.98677704544324,,1.0,1.0,False,False,False,Stim8hr,24
PKP3-2,PKP3,35,12,0.00014481671678368002,0.010994640178978443,0.0,0.2310325801372528,-0.015263188630342484,0.16535281534419122,0.9868366548203885,-0.06606509186399107,0.2005077883148283,1.0,False,False,False,Stim8hr,24
WNT16-3,WNT16,76,10,6.865390605526045e-05,0.08753639459609985,0.0,0.5055761337280273,-0.015387613326311111,0.001292632130142509,0.9874371916266442,-0.030435798487649372,0.0020460943296197634,1.0,True,False,False,Stim8hr,24
PTPRN2-2,PTPRN2,24,13,9.775633225217462e-05,0.0,0.0,-0.015397840179502964,-0.015397840179502964,0.9874854782082048,0.9874854782082048,,1.0,1.0,False,False,False,Stim8hr,24
SPERT-3,CBY2,153,14,9.896940900944173e-05,0.0,0.0,-0.015438332222402096,-0.015438332222402096,0.9876750958985832,0.9876750958985832,,1.0,1.0,False,False,False,Stim8hr,24
TMEM237-2,TMEM237,229,15,0.2002822905778885,0.2064209282398224,0.19477564096450806,0.01698450557887554,-0.01560050155967474,0.3995072495486319,0.5241036443686492,-0.9185137293061886,0.4546481854045202,0.7325055369557395,False,False,False,Stim8hr,24
SELV-4,SELENOV,84,21,0.00013547767593991011,0.0735260546207428,0.0,0.4168901741504669,-0.015642158687114716,0.004142979578188246,0.9885922342677852,-0.037521053881852916,0.006226545677751242,1.0,True,False,False,Stim8hr,24
SSBP2-4,SSBP2,79,18,0.08113259822130203,1.257899522781372,0.07662740349769592,2.0027620792388916,-0.01582658849656582,9.289799396875e-22,0.5230964595873192,-0.007902380747382828,4.954986795546984e-21,0.7316386132245715,True,False,False,Stim8hr,24
SFTA2-2,SFTA2,21,10,0.00010585303243715316,0.0,0.0,-0.01630013808608055,-0.01630013808608055,0.9911602616114784,0.9911602616114784,,1.0,1.0,False,False,False,Stim8hr,24
CPA5-1,CPA5,82,13,8.923019777284935e-05,0.0,0.0,-0.016329187899827957,-0.016329187899827957,0.9912609039980567,0.9912609039980567,,1.0,1.0,False,False,False,Stim8hr,24
INTS1-3,INTS1,73,12,0.26519137620925903,0.35268092155456543,0.25858521461486816,0.21265201270580292,-0.016697408631443977,0.04466237992751047,0.5221120032960056,-0.07851987112176688,0.05980243184892071,0.7308022192692425,False,False,False,Stim8hr,24
FLRT1-4,FLRT1,133,17,0.0001404251961503178,0.029440393671393394,0.0,0.291861355304718,-0.016889894381165504,0.00917274473651806,0.993016056950506,-0.05786958113564435,0.013270109949912212,1.0,True,False,False,Stim8hr,24
OR2L5-3,OR2L2,127,11,0.00010343670146539807,0.0,0.0,-0.017021160572767258,-0.017021160572767258,0.9933789507205908,0.9933789507205908,,1.0,1.0,False,False,False,Stim8hr,24
KCNJ2-4,KCNJ2,140,16,0.0001477277692174539,0.132466122508049,0.0,0.4976384937763214,-0.01705813966691494,2.7110018218782297e-05,0.9934781161915228,-0.03427817558378479,4.910278241312935e-05,1.0,True,False,False,Stim8hr,24
RFPL3-4,RFPL3,60,11,9.253157622879371e-05,0.0,0.0,-0.017108265310525894,-0.017108265310525894,0.9936104483961298,0.9936104483961298,,1.0,1.0,False,False,False,Stim8hr,24
DNAH8-1,DNAH8,89,11,0.00010890945850405842,0.13649912178516388,0.0,0.5551087856292725,-0.017113640904426575,0.00018477929277823705,0.9936245016375369,-0.03082934615244202,0.0003131207384633842,1.0,True,False,False,Stim8hr,24
C20orf144-2,C20orf144,147,14,8.986831380752847e-05,0.02161446027457714,0.0,0.26536235213279724,-0.017134221270680428,0.01203526889841259,0.9936780375444859,-0.06456914906341282,0.01717991318942838,1.0,True,False,False,Stim8hr,24
OR4D5-3,OR4D5,81,10,0.00012002162111457437,0.0,0.0,-0.017266005277633667,-0.017266005277633667,0.9940115165642905,0.9940115165642905,,1.0,1.0,False,False,False,Stim8hr,24
ZIC5-2,ZIC5,42,10,0.00011919533426407725,0.039116837084293365,0.0,0.30377209186553955,-0.017310217022895813,0.08540406664839878,0.9941198450998061,-0.05698422431300219,0.10995349082412006,1.0,False,False,False,Stim8hr,24
PCDHGA11-4,PCDHGA11,87,10,0.0001016424794215709,0.0,0.0,-0.017379311844706535,-0.017379311844706535,0.9942856615209374,0.9942856615209374,,1.0,1.0,False,False,False,Stim8hr,24
CCDC173-2,CFAP210,82,12,9.913316898746416e-05,0.0,0.0,-0.017388200387358665,-0.017388200387358665,0.9943066932818466,0.9943066932818466,,1.0,1.0,False,False,False,Stim8hr,24
MTRNR2L9-4,KHDRBS2,83,10,0.00011377244663890451,0.0,0.0,-0.017443452030420303,-0.017443452030420303,0.9944358648680143,0.9944358648680143,,1.0,1.0,False,False,False,Stim8hr,24
RBMXL2-4,RBMXL2,81,10,0.00012231037544552237,0.0,0.0,-0.017471663653850555,-0.017471663653850555,0.9945008096426833,0.9945008096426833,,1.0,1.0,False,False,False,Stim8hr,24
C19orf26-3,CBARP,65,11,0.0002066371962428093,0.0,0.0,-0.017567386850714684,-0.017567386850714684,0.9947161879214865,0.9947161879214865,,1.0,1.0,False,False,False,Stim8hr,24
GPR142-4,GPR142,107,13,0.0001283233577851206,0.05549430847167969,0.0,0.3589204251766205,-0.01769881136715412,0.004929355098170872,0.9949996632031508,-0.04931124039108319,0.007342764316112004,1.0,True,False,False,Stim8hr,24
PNPLA2-1,PNPLA2,50,11,0.710399329662323,0.797397255897522,0.69951993227005,0.1388445347547531,-0.017715860158205032,0.18381163726871408,0.5214894427391101,-0.12759494055345638,0.22067668466877283,0.7305503650698822,False,False,False,Stim8hr,24
ADD1-1,ADD1,75,10,1.0316619873046875,1.0894016027450562,1.021099328994751,0.1007164791226387,-0.01777009665966034,0.18458691948648936,0.5217389042976605,-0.1764368335197893,0.22133259462147423,0.7305503650698822,False,False,False,Stim8hr,24
TMEM125-3,TMEM125,133,10,0.00014188935165293515,0.05828966945409775,0.0,0.4004271626472473,-0.01785307005047798,0.0006853237592420553,0.9953150427953859,-0.04458506244294292,0.0011083843483852063,1.0,True,False,False,Stim8hr,24
CACNG3-4,CACNG3,40,10,0.00010590831516310573,0.016369212418794632,0.0,0.22144868969917297,-0.018035003915429115,0.16328885050701675,0.9956641166321595,-0.08144100531788546,0.19862786565292034,1.0,False,False,False,Stim8hr,24
GPR158-3,GPR158,134,11,0.0001282284065382555,0.07403278350830078,0.0,0.3975113332271576,-0.018274322152137756,0.0007165633522723405,0.9960878189922523,-0.04597182677479766,0.0011564901849904594,1.0,True,False,False,Stim8hr,24
TRADD-4,TRADD,80,11,0.09090863913297653,0.1206161379814148,0.08638298511505127,0.11312206089496613,-0.018432455137372017,0.16927217062991357,0.5240923628453397,-0.16294306337370001,0.2048749558140456,0.7325055369557395,False,False,False,Stim8hr,24
GREB1L-2,GREB1L,96,14,8.59709907672368e-05,0.22392351925373077,0.0,0.6634013056755066,-0.018596205860376358,6.605698092486711e-06,0.9965991241293319,-0.028031608773276113,1.2497179316852305e-05,1.0,True,False,False,Stim8hr,24
SPINK5-4,SPINK5,35,10,0.00011407263809815049,0.07206800580024719,0.0,0.23861871659755707,-0.01873667910695076,0.1625651228915263,0.9968027953805944,-0.07852141430527912,0.19795335052877583,1.0,False,False,False,Stim8hr,24
C19orf71-1,TEKTIP1,386,24,0.00011772803554777056,0.0,0.0,-0.018738824874162674,-0.018738824874162674,0.9968058190803589,0.9968058190803589,,1.0,1.0,False,False,False,Stim8hr,24
SEC14L5-2,SEC14L5,44,10,0.00011692987754940987,0.0,0.0,-0.018790867179632187,-0.018790867179632187,0.9968783810433535,0.9968783810433535,,1.0,1.0,False,False,False,Stim8hr,24
ATP5G1-3,ATP5MC1,108,16,0.302773118019104,0.35852909088134766,0.29500049352645874,0.1284654587507248,-0.018958870321512222,0.10335295126051625,0.5298111382107551,-0.14757951675010275,0.13090922454124346,0.738844293773258,False,False,False,Stim8hr,24
ANKZF1-4,ANKZF1,142,27,0.23905049264431,0.3786507844924927,0.23041152954101562,0.3354652523994446,-0.018965361639857292,0.00014507438921954166,0.534178906705204,-0.05653450395892237,0.00024779269572083374,0.7437709592220014,True,False,False,Stim8hr,24
SPEM1-2,SPEM1,52,10,0.00016331633378285915,0.012181436643004417,0.0,0.19167391955852509,-0.019072258844971657,0.1642526174720358,0.9972456289069159,-0.09950367211616495,0.19948645469986256,1.0,False,False,False,Stim8hr,24
C9orf173-2,STPG3,87,14,0.0004744960169773549,0.273528128862381,0.0,0.7537863254547119,-0.01912337727844715,1.6003844753796684e-06,0.9973079948926169,-0.025369758819797136,3.1900447248933906e-06,1.0,True,False,False,Stim8hr,24
TMEM223-4,TMEM223,88,10,0.12939047813415527,0.16100738942623138,0.12405698001384735,0.1015530452132225,-0.019287053495645523,0.1863026824991748,0.5249960705928653,-0.18992097632473845,0.22332066745948823,0.7334817654164081,False,False,False,Stim8hr,24
PCDHGC3-3,PCDHGC3,108,12,0.00015788240125402808,0.08492961525917053,0.0,0.4340800940990448,-0.0194862000644207,0.0009259800414100186,0.9977152414348073,-0.04489079395558392,0.0014784330388656244,1.0,True,False,False,Stim8hr,24
CREB3L1-2,CREB3L1,36,11,0.00014153128722682595,0.04408228024840355,0.0,0.23477037250995636,-0.019589276984333992,0.1628544911172835,0.9978202895186989,-0.0834401580357131,0.1981618367371099,1.0,False,False,False,Stim8hr,24
NSRP1-2,NSRP1,334,24,0.2953246235847473,0.49369269609451294,0.28723832964897156,0.4250567853450775,-0.019600030034780502,4.7920503828692016e-12,0.5381652117656862,-0.04611155664499848,1.3767354257470432e-11,0.7477372633717213,True,False,False,Stim8hr,24
HARS-1,HARS1,134,15,1.0266914367675781,1.2576030492782593,1.0150954723358154,0.3753623068332672,-0.019600296393036842,3.715653043744888e-05,0.5289258402072128,-0.05221700750507997,6.6489728459794e-05,0.7378817881459531,True,False,False,Stim8hr,24
LMNB1-2,LMNB1,60,10,1.2100390195846558,1.4958014488220215,1.1949193477630615,0.4188062250614166,-0.019601106643676758,0.0012509405719941474,0.5214158523414462,-0.04680232878774024,0.0019825357343858066,0.7305503650698822,True,False,False,Stim8hr,24
MAP3K10-3,MAP3K10,102,10,0.1435929238796234,0.39289888739585876,0.13620764017105103,0.5876052379608154,-0.019620759412646294,1.7153039971857508e-06,0.5210269437009567,-0.03339105601021669,3.412078475883384e-06,0.7305503650698822,True,False,False,Stim8hr,24
KIAA1549L-3,KIAA1549L,91,12,9.989659884013236e-05,0.0,0.0,-0.01989147998392582,-0.01989147998392582,0.9981035278075414,0.9981035278075414,,1.0,1.0,False,False,False,Stim8hr,24
NLRP11-4,NLRP11,116,22,0.0001804903440643102,0.0,0.0,-0.020052358508110046,-0.020052358508110046,0.9982402632225282,0.9982402632225282,,1.0,1.0,False,False,False,Stim8hr,24
DRD1-4,DRD1,65,10,0.0001349482627119869,0.1589195728302002,0.0,0.5185407996177673,-0.020156987011432648,0.0021745183230106433,0.9983243095124921,-0.038872518857322305,0.003382486868496443,1.0,True,False,False,Stim8hr,24
NRARP-4,NRARP,105,23,0.046381935477256775,0.03717030957341194,0.04223782196640968,-0.04449375718832016,-0.020164314657449722,0.6762118944285946,0.5386242630462248,,0.7386755355241174,0.7481002434229975,False,False,False,Stim8hr,24
AGT-3,AGT,117,14,0.00024737088824622333,0.945862889289856,0.0,0.8698704242706299,-0.020462265238165855,4.953739171742632e-10,0.9985490718340128,-0.02352334861289609,1.249583129623533e-09,1.0,True,False,False,Stim8hr,24
TBX3-4,TBX3,109,12,0.00018001826538238674,0.0,0.0,-0.020534193143248558,-0.020534193143248558,0.9985978533725387,0.9985978533725387,,1.0,1.0,False,False,False,Stim8hr,24
ITLN2-2,ITLN2,63,17,0.00017702655168250203,0.284061998128891,0.0,0.5776250958442688,-0.020567147061228752,0.0009548524229071162,0.9986196988699549,-0.035606394544141794,0.0015220174440980288,1.0,True,False,False,Stim8hr,24
GBP7-2,GBP7,150,15,0.00015672421432100236,0.0,0.0,-0.020595775917172432,-0.020595775917172432,0.9986384253738833,0.9986384253738833,,1.0,1.0,False,False,False,Stim8hr,24
TMEM262-1,TMEM262,52,10,0.00012487561616580933,0.0,0.0,-0.020796850323677063,-0.020796850323677063,0.9987635405614883,0.9987635405614883,,1.0,1.0,False,False,False,Stim8hr,24
CSAG1-4,CSAG1,43,14,0.00026095108478330076,0.0,0.0,-0.020806431770324707,-0.020806431770324707,0.998769231191212,0.998769231191212,,1.0,1.0,False,False,False,Stim8hr,24
CSAG1-3,CSAG1,91,13,0.00026095108478330076,0.0,0.0,-0.020806431770324707,-0.020806431770324707,0.998769231191212,0.998769231191212,,1.0,1.0,False,False,False,Stim8hr,24
SEC16B-1,SEC16B,42,12,0.00016352329112123698,0.011013595387339592,0.0,0.21242134273052216,-0.020820477977395058,0.16516639125606547,0.9987775294990906,-0.09801500032794694,0.2003445530072789,1.0,False,False,False,Stim8hr,24
PDE4C-2,PDE4C,87,10,0.00013638767995871603,0.0,0.0,-0.02088240161538124,-0.02088240161538124,0.998813509949406,0.998813509949406,,1.0,1.0,False,False,False,Stim8hr,24
HEATR3-2,HEATR3,130,13,0.5810725092887878,0.7314447164535522,0.5675964951515198,0.26643797755241394,-0.021090781316161156,0.0023564468513879513,0.5259561386959787,-0.07915831485401573,0.003655186511960372,0.734551741709081,True,False,False,Stim8hr,24
RTN1-2,RTN1,494,25,0.00017864085384644568,0.03461300954222679,0.0,0.28010690212249756,-0.021148519590497017,6.2789381795084e-06,0.998957358973509,-0.07550160110388231,1.1913961697820894e-05,1.0,True,False,False,Stim8hr,24
SDCCAG3-3,ENTR1,139,10,0.3887724280357361,0.801559329032898,0.3792562484741211,0.7383960485458374,-0.02141285315155983,1.1609891386090264e-12,0.528405860138552,-0.028999143743698656,3.450841659493548e-12,0.7374283996472337,True,False,False,Stim8hr,24
GMCL1-3,GMCL1,107,10,0.18864412605762482,0.65948486328125,0.17863509058952332,0.9067829251289368,-0.021414101123809814,1.0199023267775599e-11,0.5217283656732513,-0.023615465764052528,2.872514419263528e-11,0.7305503650698822,True,False,False,Stim8hr,24
ADAD2-3,ADAD2,161,10,0.00017245644994545728,0.0,0.0,-0.021510997787117958,-0.021510997787117958,0.9991276211972513,0.9991276211972513,,1.0,1.0,False,False,False,Stim8hr,24
GPR101-1,GPR101,62,10,0.00028467795345932245,0.04061282053589821,0.0,0.3117218017578125,-0.02165338583290577,0.04304443767505114,0.9991872050397128,-0.06946381584734018,0.057824819053307996,1.0,False,False,False,Stim8hr,24
FA2H-1,FA2H,53,14,0.00025645463028922677,0.0,0.0,-0.021751515567302704,-0.021751515567302704,0.9992260629934342,0.9992260629934342,,1.0,1.0,False,False,False,Stim8hr,24
BTNL8-4,BTNL8,135,10,0.00017981207929551601,0.0,0.0,-0.021936709061264992,-0.021936709061264992,0.9992947743418111,0.9992947743418111,,1.0,1.0,False,False,False,Stim8hr,24
MRGPRF-4,MRGPRF,33,11,0.00015076225099619478,0.0,0.0,-0.022171175107359886,-0.022171175107359886,0.9993736956450284,0.9993736956450284,,1.0,1.0,False,False,False,Stim8hr,24
MRGPRF-1,MRGPRF,35,13,0.00015076225099619478,0.0,0.0,-0.022171175107359886,-0.022171175107359886,0.9993736956450284,0.9993736956450284,,1.0,1.0,False,False,False,Stim8hr,24
KIR2DL4-2,KIR2DL4,55,10,0.000178640300873667,0.24914540350437164,0.0,0.7145640850067139,-0.02243676222860813,0.00021765091509191867,0.9994531982481086,-0.03139923024314512,0.0003670545524031616,1.0,True,False,False,Stim8hr,24
TMEM246-4,PGAP4,79,13,0.0002477650996297598,0.12458980083465576,0.0,0.5773374438285828,-0.022558938711881638,0.0002496346060505016,0.9994865416176337,-0.03907409601269446,0.00041916501154897514,1.0,True,False,False,Stim8hr,24
CLCN1-3,CLCN1,124,10,0.00016163090185727924,0.2041311264038086,0.0,0.5322202444076538,-0.022757714614272118,2.625149433827318e-05,0.9995367950373307,-0.042759956716041145,4.761469446815309e-05,1.0,True,False,False,Stim8hr,24
MEF2BNB-1,BORCS8,105,13,0.21435435116291046,0.3941859006881714,0.20613163709640503,0.45438873767852783,-0.02276333048939705,1.829134034529937e-05,0.5320988255796475,-0.050096599237241024,3.3538460462433695e-05,0.7413353257591916,True,False,False,Stim8hr,24
SMOC1-4,SMOC1,88,11,0.00019436978618614376,0.396161824464798,0.0,0.8916221261024475,-0.02285647951066494,3.186389800828369e-08,0.9995600319038518,-0.02563471547142688,7.193093613428666e-08,1.0,True,False,False,Stim8hr,24
BICDL2-3,BICDL2,101,10,0.0001747420319588855,0.23994211852550507,0.0,0.9937222599983215,-0.023070961236953735,1.0912353014559139e-10,0.9996068212607817,-0.023216709704170967,2.8608860411728944e-10,1.0,True,False,False,Stim8hr,24
BICDL2-2,BICDL2,145,12,0.0001747420319588855,0.05374477058649063,0.0,0.32898178696632385,-0.023070961236953735,0.002870353479222172,0.9996068212607817,-0.07012838446073426,0.004413382466859697,1.0,True,False,False,Stim8hr,24
MRVI1-1,IRAG1,166,34,0.00020875214249826968,0.05669300630688667,0.0,0.2261986881494522,-0.023188866674900055,0.020382884881552744,0.9996305318460703,-0.1025154781604166,0.02847565601046404,1.0,True,False,False,Stim8hr,24
INHBE-3,INHBE,149,11,0.00021513323008548468,0.40919673442840576,0.0,0.80704265832901,-0.023893170058727264,4.949362864522682e-11,0.9997466537223638,-0.029605832866627293,1.3263469298065982e-10,1.0,True,False,False,Stim8hr,24
KRTAP16-1-1,KRTAP16-1,148,16,0.0002045474830083549,0.23453345894813538,0.0,0.5837326645851135,-0.02410920150578022,7.287149744524001e-07,0.9997747877512378,-0.041301785849033774,1.498904684152889e-06,1.0,True,False,False,Stim8hr,24
RUFY2-2,RUFY2,58,10,0.18957078456878662,0.5675285458564758,0.18026332557201385,0.7220231890678406,-0.0241777915507555,2.059563142592318e-05,0.5278627539861149,-0.03348617041229652,3.7620834541353295e-05,0.7369423903933137,True,False,False,Stim8hr,24
HUWE1-4,HUWE1,76,15,0.9504374265670776,0.9402331113815308,0.935486376285553,-0.01563359797000885,-0.024373840540647507,0.5517432115838499,0.5375236130189932,,0.6127487074080262,0.7471202882902728,False,False,False,Stim8hr,24
CORIN-3,CORIN,27,11,0.0002636568679008633,0.0688914880156517,0.0,0.3767448663711548,-0.024694867432117462,0.0886648598330405,0.9998370845643368,-0.06554798654585783,0.11356972937209923,1.0,False,False,False,Stim8hr,24
CNMD-4,CNMD,100,12,0.0002619772276375443,1.2485876083374023,0.0,1.2179858684539795,-0.024749698117375374,5.735114341692979e-14,0.999842004891351,-0.020320184953205405,1.8558734024541212e-13,1.0,True,False,False,Stim8hr,24
CLEC6A-1,CLEC6A,132,13,0.0002752800064627081,0.0,0.0,-0.024804657325148582,-0.024804657325148582,0.9998467967420509,0.9998467967420509,,1.0,1.0,False,False,False,Stim8hr,24
IVL-3,IVL,39,14,0.0004938915371894836,0.0,0.0,-0.024874821305274963,-0.024874821305274963,0.9998527168740163,0.9998527168740163,,1.0,1.0,False,False,False,Stim8hr,24
LIMK1-3,LIMK1,49,14,0.451299250125885,0.5726596117019653,0.43738433718681335,0.23337940871715546,-0.025343500077724457,0.06045114095004017,0.5343272597054939,-0.1085935568053459,0.07937676130859264,0.7437709592220014,False,False,False,Stim8hr,24
FANK1-4,FANK1,46,10,0.00023762576165609062,0.0,0.0,-0.025569628924131393,-0.025569628924131393,0.99990083390216,0.99990083390216,,1.0,1.0,False,False,False,Stim8hr,24
KRTAP8-1-1,KRTAP8-1,94,25,0.00022312374494504184,0.0,0.0,-0.02585461363196373,-0.02585461363196373,0.9999159211915858,0.9999159211915858,,1.0,1.0,False,False,False,Stim8hr,24
KRTAP8-1-3,KRTAP8-1,104,22,0.00022312374494504184,0.0,0.0,-0.02585461363196373,-0.02585461363196373,0.9999159211915858,0.9999159211915858,,1.0,1.0,False,False,False,Stim8hr,24
ARHGAP28-1,ARHGAP28,37,10,0.0002315208112122491,0.13863570988178253,0.0,0.555258572101593,-0.025874940678477287,0.011108182002122179,0.9999169105387826,-0.046599804088649124,0.01589760910518374,1.0,True,False,False,Stim8hr,24
CCDC158-1,CCDC158,74,12,0.0002340922801522538,0.0,0.0,-0.02601221762597561,-0.02601221762597561,0.9999233093570034,0.9999233093570034,,1.0,1.0,False,False,False,Stim8hr,24
WDR88-4,WDR88,90,12,0.00026089162565767765,0.0,0.0,-0.026032153517007828,-0.026032153517007828,0.9999241991025691,0.9999241991025691,,1.0,1.0,False,False,False,Stim8hr,24
UMODL1-2,UMODL1,164,11,0.00024734478211030364,0.006104831118136644,0.0,0.10446785390377045,-0.026402832940220833,0.16938130299925086,0.9999390730917779,-0.2527364347365798,0.2049377640592845,1.0,False,False,False,Stim8hr,24
GNB3-4,GNB3,137,11,0.0003271201276220381,0.003685837611556053,0.0,0.10226020216941833,-0.026872597634792328,0.18194888900275769,0.9999539889147161,-0.2627864708332131,0.2185760651673389,1.0,False,False,False,Stim8hr,24
NR5A1-3,NR5A1,37,13,0.00028056034352630377,0.027584141120314598,0.0,0.22926810383796692,-0.027237338945269585,0.16443292907952473,0.9999631151576448,-0.11880125708423583,0.19958008058710677,1.0,False,False,False,Stim8hr,24
PRPH2-3,PRPH2,235,11,0.00024787819711491466,0.0,0.0,-0.027573643252253532,-0.027573643252253532,0.9999699885402608,0.9999699885402608,,1.0,1.0,False,False,False,Stim8hr,24
PLIN4-4,PLIN4,55,14,0.000254874728852883,0.0,0.0,-0.027578912675380707,-0.027578912675380707,0.9999700858653937,0.9999700858653937,,1.0,1.0,False,False,False,Stim8hr,24
PLIN5-2,PLIN5,120,25,0.0002670302055776119,0.016676712781190872,0.0,0.20792801678180695,-0.027658969163894653,0.053643746699056784,0.9999715287492961,-0.1330218485800261,0.07096830943730845,1.0,False,False,False,Stim8hr,24
CDH3-3,CDH3,95,11,0.00046955671859905124,0.0,0.0,-0.02776617929339409,-0.02776617929339409,0.999973357996142,0.999973357996142,,1.0,1.0,False,False,False,Stim8hr,24
PLA2G12B-1,PLA2G12B,103,10,0.0002932771749328822,0.047445349395275116,0.0,0.3488481044769287,-0.028362290933728218,0.006808222624594852,0.999981661000521,-0.08130269469646488,0.009987631596854434,1.0,True,False,False,Stim8hr,24
SHANK3-1,SHANK3,99,11,0.00031839171424508095,0.004341899883002043,0.0,0.12367105484008789,-0.028446059674024582,0.17822405741606634,0.9999826086400911,-0.23001388409605292,0.21476859770268883,1.0,False,False,False,Stim8hr,24
GJD4-1,GJD4,131,14,0.0002480226394254714,0.18875451385974884,0.0,0.53711998462677,-0.028494244441390038,1.372699178884016e-05,0.9999831324652034,-0.05305005447002667,2.5446921019868123e-05,1.0,True,False,False,Stim8hr,24
PET100-3,PET100,101,12,0.4505307376384735,0.4620399475097656,0.43736088275909424,0.023262042552232742,-0.02870054356753826,0.4115145448996937,0.5399948888271329,-1.2337929269578918,0.4672127848288654,0.7494534567134739,False,False,False,Stim8hr,24
KTI12-4,KTI12,11,12,0.3131008744239807,0.5569629073143005,0.30182188749313354,0.49605298042297363,-0.02888045459985733,0.08407596183940064,0.5442516407684816,-0.05822050413895627,0.10841005149481903,0.7538351273231376,False,False,False,Stim8hr,24
C12orf50-4,C12orf50,25,10,0.0003319624811410904,0.0,0.0,-0.02958332747220993,-0.02958332747220993,0.9999916553600298,0.9999916553600298,,1.0,1.0,False,False,False,Stim8hr,24
F2-3,F2,79,11,0.0002564457827247679,0.0,0.0,-0.029958609491586685,-0.029958609491586685,0.9999934886654209,0.9999934886654209,,1.0,1.0,False,False,False,Stim8hr,24
ATXN8-4,ATXN3,58,12,0.4958727955818176,0.456626296043396,0.48091110587120056,-0.07948356121778488,-0.03010481223464012,0.732431436691114,0.5415602582007023,,0.7947004393054259,0.7513502921918769,False,False,False,Stim8hr,24
PEF1-2,PEF1,130,16,0.8386746048927307,0.6957753300666809,0.8203233480453491,-0.2451779544353485,-0.030189281329512596,0.9961961661811177,0.5443478933684529,,1.0,0.7538351273231376,False,False,False,Stim8hr,24
NUP210L-1,NUP210L,133,37,0.0003118992899544537,0.0,0.0,-0.03023347444832325,-0.03023347444832325,0.9999945803266427,0.9999945803266427,,1.0,1.0,False,False,False,Stim8hr,24
FAM71A-4,GARIN4,116,12,0.0010020871413871646,0.0,0.0,-0.030875273048877716,-0.030875273048877716,0.9999964901364303,0.9999964901364303,,1.0,1.0,False,False,False,Stim8hr,24
FAM71A-3,GARIN4,27,12,0.0010020871413871646,0.0,0.0,-0.030875273048877716,-0.030875273048877716,0.9999964901364303,0.9999964901364303,,1.0,1.0,False,False,False,Stim8hr,24
CAPNS1-4,CAPNS1,122,10,1.1043118238449097,1.2554810047149658,1.0858452320098877,0.23584049940109253,-0.03140860050916672,0.008031688723462351,0.5389968300163186,-0.1331772981694306,0.011693727520191608,0.7483428822032735,True,False,False,Stim8hr,24
TULP2-4,TULP2,87,10,0.0004215641529299319,0.0,0.0,-0.03142890706658363,-0.03142890706658363,0.9999976033524577,0.9999976033524577,,1.0,1.0,False,False,False,Stim8hr,24
CSPP1-3,CSPP1,69,10,0.24251291155815125,0.4198691248893738,0.22838664054870605,0.3966911733150482,-0.031582191586494446,0.00217449348148151,0.5346517237034314,-0.07961405171325095,0.003382486868496443,0.7439487928794619,True,False,False,Stim8hr,24
TMEM129-4,TMEM129,34,10,0.2998240888118744,0.5110140442848206,0.28474727272987366,0.4274430572986603,-0.03163627162575722,0.01601695192338758,0.5356482783647601,-0.07401283302082627,0.02258022350993065,0.7450613419549551,True,False,False,Stim8hr,24
OR1E1-3,OR1E1,81,10,0.0003790060291066766,0.0,0.0,-0.031983084976673126,-0.031983084976673126,0.9999983742874595,0.9999983742874595,,1.0,1.0,False,False,False,Stim8hr,24
MRE11A-1,MRE11,110,13,0.2992388606071472,0.646929144859314,0.28501734137535095,0.6925175786018372,-0.03208761289715767,3.0102617002269354e-09,0.5424321293884167,-0.04633472692771375,7.225749220842681e-09,0.7522839432882258,True,False,False,Stim8hr,24
C3orf62-4,C3orf62,127,15,0.0482729971408844,0.11379615217447281,0.04320067539811134,0.27472123503685,-0.032250743359327316,0.005054302594357224,0.5614370295750254,-0.11739443205037038,0.007525986958944699,0.771287630168088,True,False,False,Stim8hr,24
MPC1L-1,MPC1L,179,14,0.0003753037308342755,0.0,0.0,-0.032317910343408585,-0.032317910343408585,0.9999987180094347,0.9999987180094347,,1.0,1.0,False,False,False,Stim8hr,24
CLEC9A-4,CLEC9A,99,10,0.0003542837512213737,0.07172368466854095,0.0,0.45345860719680786,-0.0323278047144413,0.0009316577858433311,0.9999987270175599,-0.07129163324142294,0.001486270898455512,1.0,True,False,False,Stim8hr,24
CLEC9A-3,CLEC9A,151,10,0.0003542837512213737,0.0,0.0,-0.0323278047144413,-0.0323278047144413,0.9999987270175599,0.9999987270175599,,1.0,1.0,False,False,False,Stim8hr,24
CAGE1-2,CAGE1,61,11,0.0005185143672861159,0.0,0.0,-0.032400209456682205,-0.032400209456682205,0.9999987911362304,0.9999987911362304,,1.0,1.0,False,False,False,Stim8hr,24
PRR18-2,PRR18,61,12,0.0005590410437434912,0.10059525817632675,0.0,0.4324681758880615,-0.032451365143060684,0.009878983660260297,0.9999988345545084,-0.07503757953154055,0.014227944064888852,1.0,True,False,False,Stim8hr,24
RAB17-2,RAB17,33,10,0.0004448090912774205,0.0,0.0,-0.032517362385988235,-0.032517362385988235,0.9999988883616611,0.9999988883616611,,1.0,1.0,False,False,False,Stim8hr,24
RAB17-4,RAB17,150,13,0.0004448090912774205,0.0,0.0,-0.032517362385988235,-0.032517362385988235,0.9999988883616611,0.9999988883616611,,1.0,1.0,False,False,False,Stim8hr,24
ZNF69-3,ZNF69,84,11,0.00036162318428978324,0.15893834829330444,0.0,0.4799697995185852,-0.032522544264793396,0.0012729991513331738,0.9999988924849118,-0.06775956382550288,0.0020166684630091697,1.0,True,False,False,Stim8hr,24
ELK4-1,ELK4,112,11,1.1263477802276611,1.430907130241394,1.1030919551849365,0.45219773054122925,-0.03263015300035477,1.887626335851106e-05,0.5365662902682304,-0.07215903751064869,3.4594554695432356e-05,0.7460638638950174,True,False,False,Stim8hr,24
CCDC181-3,CCDC181,212,23,0.00030922720907256007,0.7034667134284973,0.0,1.3835077285766602,-0.032679010182619095,5.166066549996075e-33,0.9999990102642832,-0.023620403057841213,5.51855783116984e-32,1.0,True,False,False,Stim8hr,24
SIX2-3,SIX2,75,10,0.0004894914454780519,0.20305529236793518,0.0,0.6025606393814087,-0.03267931938171387,0.00021036931679381944,0.9999990104830141,-0.054234075785737676,0.000355394560088117,1.0,True,False,False,Stim8hr,24
ZNF705G-3,ZNF705A,47,13,0.00036408708547241986,0.0,0.0,-0.03268773481249809,-0.03268773481249809,0.9999990164647227,0.9999990164647227,,1.0,1.0,False,False,False,Stim8hr,24
ENKUR-1,ENKUR,81,12,0.0003723414847627282,0.0,0.0,-0.03285505995154381,-0.03285505995154381,0.999999128399354,0.999999128399354,,1.0,1.0,False,False,False,Stim8hr,24
KIF6-3,KIF6,96,11,0.00043805158929899335,0.007296450901776552,0.0,0.1312583088874817,-0.03313721343874931,0.17482824625966398,0.999999289971615,-0.25245802509276166,0.21100525227407008,1.0,False,False,False,Stim8hr,24
ZFP62-1,ZFP62,385,29,0.186955064535141,0.27245283126831055,0.17446596920490265,0.21984811127185822,-0.03322223573923111,4.464605979603454e-05,0.566443017014937,-0.1511144923967502,7.923190143701953e-05,0.7764724502901383,True,False,False,Stim8hr,24
COL28A1-1,COL28A1,74,10,0.0003951019316446036,0.026527849957346916,0.0,0.2262265384197235,-0.034263595938682556,0.08544355829492652,0.9999996918444748,-0.15145701374395115,0.10995349082412006,1.0,False,False,False,Stim8hr,24
LGSN-2,LGSN,181,19,0.00046323961578309536,0.0047324043698608875,0.0,0.09088486433029175,-0.03455784544348717,0.18414590961053778,0.9999997532733828,-0.38023763030440155,0.22087228054092728,1.0,False,False,False,Stim8hr,24
TTC23L-3,TTC23L,142,13,0.000559361360501498,0.008822541683912277,0.0,0.18120937049388885,-0.03535458818078041,0.05291399243079716,0.9999998660589846,-0.19510353181196396,0.07009880394994608,1.0,False,False,False,Stim8hr,24
SNX5-4,SNX5,108,14,0.9575178027153015,1.0669405460357666,0.9368862509727478,0.19846899807453156,-0.03539441525936127,0.014378351555518977,0.5521042817245019,-0.17833724965986636,0.020381629569351866,0.762900399518475,True,False,False,Stim8hr,24
SCN11A-4,SCN11A,84,14,0.00044552533654496074,0.0,0.0,-0.03545263782143593,-0.03545263782143593,0.9999998758706915,0.9999998758706915,,1.0,1.0,False,False,False,Stim8hr,24
P2RX6-1,P2RX6,73,10,0.0005259087192825973,0.1716434210538864,0.0,0.6481446027755737,-0.03545333072543144,9.921893276618762e-05,0.9999998759374449,-0.05469972375548346,0.00017197651860459325,1.0,True,False,False,Stim8hr,24
CENPN-2,CENPN,62,14,0.9042444825172424,1.0908584594726562,0.8765358328819275,0.2754957675933838,-0.03547114506363869,0.015974357410898442,0.54672300588605,-0.12875386570726596,0.022528388077295507,0.7565702189026862,True,False,False,Stim8hr,24
NFIB-1,NFIB,22,10,0.0004062926454935223,0.0,0.0,-0.035594891756772995,-0.035594891756772995,0.999999888880757,0.999999888880757,,1.0,1.0,False,False,False,Stim8hr,24
ZNF484-3,ZNF484,112,13,0.10993307083845139,0.26497435569763184,0.10155386477708817,0.47788819670677185,-0.03567042574286461,1.1925759587782787e-05,0.560265288548493,-0.07464178020858649,2.2257197068511602e-05,0.7702374850201383,True,False,False,Stim8hr,24
TAS2R7-4,TAS2R7,68,10,0.0005422233371064067,0.0,0.0,-0.0363365076482296,-0.0363365076482296,0.9999999380299309,0.9999999380299309,,1.0,1.0,False,False,False,Stim8hr,24
EHD2-3,EHD2,214,21,0.00043123692739754915,0.3110024333000183,0.0,0.7241002321243286,-0.03640392795205116,8.873049141089959e-13,0.9999999412667012,-0.05027470830281488,2.6598512425267343e-12,1.0,True,False,False,Stim8hr,24
EHD2-4,EHD2,72,11,0.00043123692739754915,0.006563464179635048,0.0,0.14911605417728424,-0.03640392795205116,0.17667653226181135,0.9999999412667012,-0.24413151322238244,0.21310297886975185,1.0,False,False,False,Stim8hr,24
ADIG-1,ADIG,50,10,0.0004746567865367979,0.0,0.0,-0.036604855209589005,-0.036604855209589005,0.9999999499724042,0.9999999499724042,,1.0,1.0,False,False,False,Stim8hr,24
NCOA7-4,NCOA7,135,12,0.4699627757072449,1.3629881143569946,0.4502764046192169,1.5171195268630981,-0.03684534132480621,1.8044564268331792e-33,0.549020325693294,-0.02428637999340118,1.9600654501584e-32,0.7592018887769737,True,False,False,Stim8hr,24
PRR33-3,PRR33,57,13,0.0006304947892203927,0.0,0.0,-0.03694004565477371,-0.03694004565477371,0.9999999617899171,0.9999999617899171,,1.0,1.0,False,False,False,Stim8hr,24
LOC283454-2,HRK,83,13,0.000529324752278626,0.06880530714988708,0.0,0.4367099702358246,-0.03724856674671173,0.0029678418442459433,0.9999999702442177,-0.08529360281515305,0.0045578413072673,1.0,True,False,False,Stim8hr,24
SLC7A3-4,SLC7A3,110,10,0.0004491189029067755,0.0,0.0,-0.03732694312930107,-0.03732694312930107,0.9999999720844055,0.9999999720844055,,1.0,1.0,False,False,False,Stim8hr,24
SRSF8-4,SRSF8,54,10,0.6044791340827942,0.8373897671699524,0.5826407074928284,0.4206598699092865,-0.037371665239334106,0.0018248789852947347,0.5430261815172597,-0.08884057622942057,0.0028546954029671275,0.7525558880536007,True,False,False,Stim8hr,24
TPRKB-4,TPRKB,36,10,0.728813111782074,0.5801599621772766,0.7057205438613892,-0.28152719140052795,-0.03737815469503403,0.9651690406896081,0.5429781308032912,,1.0,0.7525558880536007,False,False,False,Stim8hr,24
FOXD4L5-2,FOXD4L5,59,19,0.0005468219169415534,0.0,0.0,-0.037790123373270035,-0.037790123373270035,0.9999999809067293,0.9999999809067293,,1.0,1.0,False,False,False,Stim8hr,24
C7orf25-1,C7orf25,276,31,0.21151916682720184,0.25380101799964905,0.1971813142299652,0.11249851435422897,-0.03786442428827286,0.03410517388929703,0.5807736719407889,-0.3365771050900059,0.04650377553946107,0.7920973773097957,True,False,False,Stim8hr,24
PAX9-4,PAX9,107,10,0.0005629713996313512,0.08389042317867279,0.0,0.43818727135658264,-0.03797552362084389,0.0008651234142972307,0.9999999836200634,-0.08666505419766206,0.0013846987761123308,1.0,True,False,False,Stim8hr,24
C1orf43-1,C1orf43,37,10,1.031315565109253,0.973954975605011,1.0083190202713013,-0.09966989606618881,-0.038466114550828934,0.7224985629114974,0.5447823248419981,,0.7850244289909414,0.7541605975667777,False,False,False,Stim8hr,24
CRB3-2,CRB3,126,11,0.0005873275804333389,0.0,0.0,-0.038843851536512375,-0.038843851536512375,0.999999992084989,0.999999992084989,,1.0,1.0,False,False,False,Stim8hr,24
ANKRD26-3,ANKRD26,98,11,0.19838498532772064,1.032285451889038,0.18482741713523865,1.2553973197937012,-0.03899955376982689,6.978707211434368e-16,0.5526439753082104,-0.031065506636763943,2.6149865103310756e-15,0.7633672441985581,True,False,False,Stim8hr,24
IL36A-2,IL36A,124,15,0.0006412331131286919,0.5608649849891663,0.0,0.8906360864639282,-0.03920750319957733,6.757476754404767e-11,0.9999999941900928,-0.044021911749884256,1.7959561930778855e-10,1.0,True,False,False,Stim8hr,24
EMC8-4,EMC8,111,16,0.6295582056045532,0.6248490810394287,0.6033281087875366,-0.00881823617964983,-0.03947392851114273,0.5368182994495576,0.5530176585720995,,0.5973744932291912,0.7636045216209129,False,False,False,Stim8hr,24
CC2D2B-3,CC2D2B,103,11,0.0005362946540117264,0.0,0.0,-0.03948561102151871,-0.03948561102151871,0.9999999954219745,0.9999999954219745,,1.0,1.0,False,False,False,Stim8hr,24
C1orf234-2,TEX46,120,14,0.0005400698282755911,0.0,0.0,-0.039525873959064484,-0.039525873959064484,0.999999995577808,0.999999995577808,,1.0,1.0,False,False,False,Stim8hr,24
ESPNL-3,ESPNL,91,18,0.0005478385137394071,0.06200486421585083,0.0,0.43365955352783203,-0.039527058601379395,0.002089916296598416,0.9999999955823132,-0.09114767166969047,0.0032548152714241135,1.0,True,False,False,Stim8hr,24
ZKSCAN2-4,ZKSCAN2,53,10,0.05299598351120949,0.029653184115886688,0.04630495235323906,-0.13326171040534973,-0.039785027503967285,0.8503193845691095,0.5558453455304663,,0.9006258723989993,0.7668580986308479,False,False,False,Stim8hr,24
PPP2CB-2,PPP2CB,119,10,0.20590828359127045,0.3558327853679657,0.19217942655086517,0.3425374925136566,-0.04007267206907272,0.0008468782752670493,0.550537453570808,-0.11698769607672967,0.0013566190101315988,0.7610133952502909,True,False,False,Stim8hr,24
LOC100144595-2,GALNT13,24,10,0.0005290777189657092,0.0,0.0,-0.04010802134871483,-0.04010802134871483,0.9999999973297254,0.9999999973297254,,1.0,1.0,False,False,False,Stim8hr,24
OR4E2-1,OR4E1,51,12,0.0006727694417349994,0.0,0.0,-0.04072427749633789,-0.04072427749633789,0.9999999984464104,0.9999999984464104,,1.0,1.0,False,False,False,Stim8hr,24
RTL3-4,RTL3,80,11,0.0005291795241646469,0.0722341313958168,0.0,0.35590076446533203,-0.040783509612083435,0.01343131195917362,0.9999999985258258,-0.11459236305196563,0.019102200568637144,1.0,True,False,False,Stim8hr,24
ZCCHC5-3,RTL3,38,10,0.0005291795241646469,0.01904957741498947,0.0,0.22036854922771454,-0.040783509612083435,0.16862942280574134,0.9999999985258258,-0.1850695562275559,0.20416091984652526,1.0,False,False,False,Stim8hr,24
NLRP14-4,NLRP14,66,10,0.0006626128451898694,0.0,0.0,-0.04124320670962334,-0.04124320670962334,0.9999999990213515,0.9999999990213515,,1.0,1.0,False,False,False,Stim8hr,24
TICRR-2,TICRR,50,12,0.23332703113555908,0.3087109625339508,0.2166564017534256,0.17735670506954193,-0.041250865906476974,0.12174468818154868,0.5545780187681381,-0.2325870109635969,0.15275363698833508,0.7654795864894519,False,False,False,Stim8hr,24
KRTAP11-1-4,KRTAP11-1,56,10,0.000574432429857552,0.020437192171812057,0.0,0.2537917494773865,-0.04139506444334984,0.08897851956400285,0.999999999146039,-0.16310642299677378,0.11393375336225134,1.0,False,False,False,Stim8hr,24
LOC100129940-4,HMGA2,55,10,0.0010721033904701471,0.0,0.0,-0.04143626615405083,-0.04143626615405083,0.9999999991771065,0.9999999991771065,,1.0,1.0,False,False,False,Stim8hr,24
DMGDH-4,DMGDH,119,10,0.0006811305647715926,0.0,0.0,-0.04143933206796646,-0.04143933206796646,0.9999999991793768,0.9999999991793768,,1.0,1.0,False,False,False,Stim8hr,24
SMC4-2,SMC4,113,10,1.1449030637741089,1.3901398181915283,1.1136577129364014,0.2756217420101166,-0.041796982288360596,0.003960535025900668,0.5561666969404332,-0.15164617269861988,0.005966259815020601,0.7668580986308479,True,False,False,Stim8hr,24
KLF4-3,KLF4,77,12,0.0014199403813108802,0.31215617060661316,0.0,0.6492441296577454,-0.042045723646879196,6.369020768889154e-05,0.9999999995263177,-0.06476103783802244,0.00011205188040625276,1.0,True,False,False,Stim8hr,24
ZXDA-3,ZXDA,41,12,0.0006072389078326523,0.0,0.0,-0.04226326197385788,-0.04226326197385788,0.9999999996117899,0.9999999996117899,,1.0,1.0,False,False,False,Stim8hr,24
ADAM17-3,ADAM17,39,14,0.4437321126461029,1.0548759698867798,0.42273828387260437,0.8853884339332581,-0.04262101650238037,2.7366673740239568e-05,0.5627075818532343,-0.048138212414906255,4.9544441644900005e-05,0.7725204773022659,True,False,False,Stim8hr,24
KCNE2-3,KCNE2,51,13,0.0007432154379785061,0.24135887622833252,0.0,0.5250937938690186,-0.04271252080798149,0.005325532084554409,0.9999999997434023,-0.08134265022114481,0.007908537853675844,1.0,True,False,False,Stim8hr,24
LRRC48-4,DRC3,109,15,0.0006423708400689065,0.010225902311503887,0.0,0.12450424581766129,-0.0427381657063961,0.17538996806317525,0.9999999997494275,-0.34326673299950683,0.21161716271460176,1.0,False,False,False,Stim8hr,24
SRSF4-2,SRSF4,78,11,1.0659745931625366,1.1008039712905884,1.0431203842163086,0.060938842594623566,-0.0428398996591568,0.2934251803937369,0.5608159734690086,-0.7029982493126055,0.34074329506984397,0.7707143937717262,False,False,False,Stim8hr,24
MAF1-4,MAF1,76,10,1.1755567789077759,1.3662134408950806,1.1480966806411743,0.29591286182403564,-0.0428471639752388,0.009393266920985964,0.5490262204666905,-0.14479655838926608,0.01357390253492254,0.7592018887769737,True,False,False,Stim8hr,24
OOEP-4,OOEP,70,10,0.0005956890527158976,0.0,0.0,-0.0428808331489563,-0.0428808331489563,0.9999999997805078,0.9999999997805078,,1.0,1.0,False,False,False,Stim8hr,24
WNT10A-2,WNT10A,28,12,0.0007176425424404442,0.0,0.0,-0.04293540492653847,-0.04293540492653847,0.9999999997913723,0.9999999997913723,,1.0,1.0,False,False,False,Stim8hr,24
RTDR1-4,RSPH14,100,14,0.0006852586520835757,0.014367264695465565,0.0,0.1798795610666275,-0.042972464114427567,0.09817642538035726,0.9999999997984496,-0.23889575813736025,0.12496650327381222,1.0,False,False,False,Stim8hr,24
SSPN-3,SSPN,70,11,0.0006722700782120228,0.02174297161400318,0.0,0.16263347864151,-0.043471287935972214,0.16794753242882443,0.9999999998736875,-0.26729605920682037,0.20339903160108488,1.0,False,False,False,Stim8hr,24
MSMO1-4,MSMO1,95,12,0.4555269181728363,0.4664188325405121,0.4321793019771576,0.019338907673954964,-0.04372236877679825,0.42855851651211796,0.5592422293159497,-2.260849967016605,0.48528134212367796,0.7694690532977584,False,False,False,Stim8hr,24
PLCB3-1,PLCB3,112,10,0.13647665083408356,1.0386852025985718,0.12396939843893051,1.3165839910507202,-0.044060058891773224,2.6353423605583e-18,0.5572639580381342,-0.033465437215752875,1.1606912196217477e-17,0.7677858977414294,True,False,False,Stim8hr,24
GALT-4,GALT,79,12,0.3411095440387726,0.7858052253723145,0.320119708776474,0.7000692486763,-0.04414328560233116,1.2438939214213567e-06,0.5565300462968374,-0.06305559869369759,2.5039759469736524e-06,0.7670541673085419,True,False,False,Stim8hr,24
HOXB5-2,HOXB5,101,10,0.0007039037882350385,0.02276245690882206,0.0,0.1888943612575531,-0.04424416273832321,0.08924315550224089,0.9999999999393814,-0.23422701685624864,0.11423478395470557,1.0,False,False,False,Stim8hr,24
VPS33B-4,VPS33B,78,10,0.10429629683494568,0.414957195520401,0.09384707361459732,0.705368161201477,-0.044522855430841446,3.073516821292871e-06,0.5627429706419204,-0.06312002423671093,5.9845365296775085e-06,0.7725204773022659,True,False,False,Stim8hr,24
CXorf67-4,EZHIP,53,10,0.0009217552724294364,0.0,0.0,-0.04512625187635422,-0.04512625187635422,0.9999999999741679,0.9999999999741679,,1.0,1.0,False,False,False,Stim8hr,24
LENEP-3,LENEP,116,13,0.0006973084527999163,0.0,0.0,-0.04521964117884636,-0.04521964117884636,0.9999999999764206,0.9999999999764206,,1.0,1.0,False,False,False,Stim8hr,24
CREB5-2,CREB5,76,11,0.0008690371760167181,0.7047704458236694,0.0,1.0554014444351196,-0.045296188443899155,3.812580587968762e-09,0.9999999999781228,-0.04291844461909273,9.106392299984682e-09,1.0,True,False,False,Stim8hr,24
POLR1E-4,POLR1E,108,11,0.546626627445221,1.5521695613861084,0.5219542980194092,1.2546378374099731,-0.04605449363589287,3.040221309689676e-18,0.5581466924925099,-0.036707400544340366,1.3299248647703594e-17,0.7687220651881546,True,False,False,Stim8hr,24
FAM170B-1,FAM170B,54,10,0.0007083959644660354,0.010806184262037277,0.0,0.17349430918693542,-0.046246591955423355,0.17716701836279236,0.9999999999914576,-0.2665597054575081,0.2135613653394383,1.0,False,False,False,Stim8hr,24
C17orf66-1,HEATR9,64,10,0.0008377176127396524,0.0960298627614975,0.0,0.36649903655052185,-0.04639912024140358,0.020882856208536558,0.9999999999926671,-0.12660093373808218,0.029121530818034935,1.0,True,False,False,Stim8hr,24
C16orf74-2,C16orf74,72,10,0.0007748988573439419,0.3624504506587982,0.0,1.0780377388000488,-0.046823397278785706,5.2830839024004164e-09,0.9999999999952164,-0.04343391292674437,1.2495220459071811e-08,1.0,True,False,False,Stim8hr,24
SLC9A8-1,SLC9A8,30,11,0.25961580872535706,0.43434378504753113,0.2417643517255783,0.40765634179115295,-0.0471898578107357,0.02219350133660779,0.5645494447709036,-0.11575891988676976,0.030838041562580788,0.774157360450891,True,False,False,Stim8hr,24
NSUN3-4,NSUN3,112,12,0.3073336184024811,0.5867162346839905,0.2839271128177643,0.5425611734390259,-0.047286853194236755,1.2640827425202554e-06,0.5561850249985234,-0.0871548785817254,2.541969820762261e-06,0.7668580986308479,True,False,False,Stim8hr,24
RUNDC3B-4,RUNDC3B,122,11,0.0007915807655081153,0.09929419308900833,0.0,0.416490763425827,-0.04739756137132645,0.0007211603107066667,0.9999999999973325,-0.11380219090925288,0.0011629386661812678,1.0,True,False,False,Stim8hr,24
IL12B-3,IL12B,79,10,0.001609617960639298,0.0,0.0,-0.04758761078119278,-0.04758761078119278,0.9999999999978046,0.9999999999978046,,1.0,1.0,False,False,False,Stim8hr,24
DXO-2,DXO,77,13,0.04455200210213661,0.23979762196540833,0.037065889686346054,0.58294278383255,-0.04780957102775574,0.00010388619596107133,0.5783184144849849,-0.08201417421008682,0.00017958333472573216,0.789439708282063,True,False,False,Stim8hr,24
PCDHGA5-3,PCDHGA5,138,12,0.001020567025989294,0.0,0.0,-0.04806021600961685,-0.04806021600961685,0.999999999998652,0.999999999998652,,1.0,1.0,False,False,False,Stim8hr,24
EIF2S1-4,EIF2S1,70,10,1.9089728593826294,2.0401227474212646,1.8831332921981812,0.23424459993839264,-0.048905301839113235,0.027944730268067715,0.5631840182655702,-0.2087787801809542,0.038442643879977895,0.7728454125835945,True,False,False,Stim8hr,24
ZNF154-3,ZNF154,211,16,0.001097796717658639,0.004235268570482731,0.0,0.09349606931209564,-0.04916020855307579,0.10027004302764757,0.9999999999995745,-0.5257997359116348,0.12733801523412583,1.0,False,False,False,Stim8hr,24
PROC-4,PROC,181,12,0.0010163439437747002,0.3866828680038452,0.0,0.8431144952774048,-0.049473971128463745,6.185687573339886e-14,0.9999999999996951,-0.058680014880049744,1.99666559650295e-13,1.0,True,False,False,Stim8hr,24
TOMM20L-2,TOMM20L,114,12,0.0008854945772327483,0.00841093435883522,0.0,0.15502294898033142,-0.04949140548706055,0.10535324196732035,0.9999999999997008,-0.3192521224282721,0.13326823247877911,1.0,False,False,False,Stim8hr,24
SUMO4-3,SUMO4,130,10,0.04105501249432564,0.04655926674604416,0.033885158598423004,0.03223489597439766,-0.04985671862959862,0.3554059238130348,0.5814089394135542,-1.5466691336369434,0.40818375627710296,0.7926779411903612,False,False,False,Stim8hr,24
KRTAP5-8-2,KRTAP5-8,147,13,0.0008326987735927105,0.0028291356284171343,0.0,0.06779294461011887,-0.049856748431921005,0.2409368096973475,0.9999999999997976,-0.735426801692271,0.28276256239746367,1.0,False,False,False,Stim8hr,24
TLCD2-3,TLCD2,88,12,0.001124084461480379,0.20117764174938202,0.0,0.718507707118988,-0.04997070133686066,3.51286479857579e-06,0.9999999999998209,-0.06954789884889194,6.805735559164619e-06,1.0,True,False,False,Stim8hr,24
CDKAL1-3,CDKAL1,197,18,0.6624900698661804,0.9498987197875977,0.6302342414855957,0.4690137803554535,-0.05017756670713425,3.906224233451455e-09,0.5740497961280495,-0.1069852716675104,9.324301920220233e-09,0.784624621957457,True,False,False,Stim8hr,24
GPR133-4,ADGRD1,105,14,0.0009040175937116146,0.4498768746852875,0.0,0.9498626589775085,-0.05028070509433746,2.2317581220467567e-10,0.9999999999998719,-0.052934710738563776,5.757310645733695e-10,1.0,True,False,False,Stim8hr,24
WDR46-4,WDR46,98,11,1.0712589025497437,1.1772174835205078,1.037264108657837,0.16931134462356567,-0.050674211233854294,0.0563939459034781,0.5591355663916837,-0.29929601791610355,0.07432699005069864,0.7694690532977584,False,False,False,Stim8hr,24
SLC15A4-3,SLC15A4,37,10,0.5049927234649658,0.7906242609024048,0.4778785705566406,0.5592016577720642,-0.050803907215595245,0.0008790330465937892,0.5592994255725907,-0.09085078076843504,0.0014063801370203489,0.7694690532977584,True,False,False,Stim8hr,24
PTPRR-4,PTPRR,97,11,0.0010140951490029693,0.39445117115974426,0.0,0.806110143661499,-0.051061052829027176,9.390752347209929e-08,0.9999999999999454,-0.06334252611820337,2.0539615003767418e-07,1.0,True,False,False,Stim8hr,24
RSPH9-3,RSPH9,92,10,0.0011166133917868137,0.1756046712398529,0.0,0.6179575324058533,-0.051153868436813354,3.064105253832383e-05,0.9999999999999506,-0.0827789382834438,5.5239603806852334e-05,1.0,True,False,False,Stim8hr,24
SEC31A-3,SEC31A,47,10,0.9604898691177368,1.274936318397522,0.9306136965751648,0.44527366757392883,-0.05193353816866875,0.005517565675321749,0.5638195204437215,-0.11663285289612645,0.008165490419620822,0.7734368611962839,True,False,False,Stim8hr,24
CCDC42-1,CCDC42,147,12,0.0009236517362296581,0.024869585409760475,0.0,0.24205031991004944,-0.052268072962760925,0.01832780101970337,0.9999999999999857,-0.21593887164530395,0.02574413604910749,1.0,True,False,False,Stim8hr,24
CCDC42-2,CCDC42,259,25,0.0009236517362296581,0.03966633975505829,0.0,0.3007851839065552,-0.052268072962760925,0.00032118928592256133,0.9999999999999857,-0.17377209968892293,0.0005344401758444684,1.0,True,False,False,Stim8hr,24
HIST1H3E-3,H3C6,134,34,0.0008261228795163333,0.007045341655611992,0.0,0.10405151546001434,-0.052580561488866806,0.18951174425586342,0.99999999999999,-0.5053320103643549,0.2267456420289059,1.0,False,False,False,Stim8hr,24
KRBOX1-3,KRBOX1,64,10,0.001018642564304173,0.012768466025590897,0.0,0.15718317031860352,-0.052896223962306976,0.18049593811925652,0.999999999999993,-0.33652600246634934,0.21712244953725177,1.0,False,False,False,Stim8hr,24
MYO15A-3,MYO15A,50,10,0.0011762697249650955,0.4407302439212799,0.0,0.895660400390625,-0.053207315504550934,2.2191794854477022e-05,0.999999999999995,-0.05940568041340846,4.0440938125477216e-05,1.0,True,False,False,Stim8hr,24
LOC157860-2,ZNF703,157,14,0.0020932434126734734,0.017344150692224503,0.0,0.17419713735580444,-0.05336763337254524,0.04320431423044333,0.9999999999999959,-0.30636343502901414,0.057990657108338894,1.0,False,False,False,Stim8hr,24
LYNX1-4,LYNX1,29,11,0.0008733656140975654,0.0,0.0,-0.05358847603201866,-0.05358847603201866,0.9999999999999968,0.9999999999999968,,1.0,1.0,False,False,False,Stim8hr,24
C12orf55-3,CFAP54,75,10,0.0011614111717790365,0.20922526717185974,0.0,0.6757079362869263,-0.053622812032699585,4.4227271157088674e-05,0.999999999999997,-0.07935797280606409,7.859690145425639e-05,1.0,True,False,False,Stim8hr,24
NSA2-2,NSA2,73,12,1.0476223230361938,1.1091010570526123,1.0124225616455078,0.11567814648151398,-0.05504083260893822,0.1395661808451945,0.5679312262838951,-0.47581011870495393,0.17381720493667221,0.7782303977556853,False,False,False,Stim8hr,24
VASN-2,VASN,42,10,0.0015337438089773059,0.09001518040895462,0.0,0.3678019940853119,-0.055535849183797836,0.04866820207660192,0.9999999999999997,-0.15099387734944217,0.06476253868899505,1.0,False,False,False,Stim8hr,24
CAPN11-2,CAPN11,50,10,0.001201464212499559,0.016575239598751068,0.0,0.23484542965888977,-0.05596935376524925,0.10991519229036475,0.9999999999999998,-0.2383242196645857,0.1386308051490021,1.0,False,False,False,Stim8hr,24
SLC38A9-1,SLC38A9,103,13,0.26876381039619446,0.3436640501022339,0.24338391423225403,0.17289584875106812,-0.05609247088432312,0.05254074376339095,0.5710978467368906,-0.32442925200063016,0.06962818921625524,0.7814370681472214,False,False,False,Stim8hr,24
ZSCAN18-3,ZSCAN18,70,10,0.0011585440952330828,0.014402640052139759,0.0,0.15109196305274963,-0.05631103739142418,0.1805142682343585,0.9999999999999999,-0.3726937969014587,0.21712244953725177,1.0,False,False,False,Stim8hr,24
EGR4-1,EGR4,146,17,0.002325471956282854,0.008601726964116096,0.0,0.0943383127450943,-0.05637578293681145,0.15324369491243564,0.9999999999999999,-0.5975915966309568,0.18993377186743227,1.0,False,False,False,Stim8hr,24
EGR4-4,EGR4,180,13,0.002325471956282854,0.027448251843452454,0.0,0.19381771981716156,-0.05637578293681145,0.027030978437168136,0.9999999999999999,-0.29087011750005975,0.037251886534757375,1.0,True,False,False,Stim8hr,24
EGR4-3,EGR4,47,12,0.002325471956282854,0.07733619958162308,0.0,0.28119009733200073,-0.05637578293681145,0.0871750774997671,0.9999999999999999,-0.20048993002142831,0.11195816163786097,1.0,False,False,False,Stim8hr,24
EGR4-2,EGR4,144,13,0.002325471956282854,0.17481671273708344,0.0,0.5317539572715759,-0.05637578293681145,5.706365440956771e-06,0.9999999999999999,-0.10601854892829572,1.085416387613371e-05,1.0,True,False,False,Stim8hr,24
DNAJA1-1,DNAJA1,48,12,1.8185997009277344,2.0003888607025146,1.7834386825561523,0.3156574070453644,-0.05656031519174576,0.0186681807599389,0.5700206055216265,-0.17918260091269536,0.026193706458158102,0.7808105505551581,True,False,False,Stim8hr,24
ZNF844-4,ZNF844,57,11,0.001198917510919273,0.0,0.0,-0.05667462572455406,-0.05667462572455406,0.9999999999999999,0.9999999999999999,,1.0,1.0,False,False,False,Stim8hr,24
ZNF844-2,ZNF844,120,12,0.001198917510919273,0.0,0.0,-0.05667462572455406,-0.05667462572455406,0.9999999999999999,0.9999999999999999,,1.0,1.0,False,False,False,Stim8hr,24
SRSF2-3,SRSF2,171,18,1.9065717458724976,1.9683072566986084,1.8790299892425537,0.10842130333185196,-0.0567067489027977,0.09049311204974736,0.6058382677345945,-0.5230222028343614,0.11564337881572143,0.8200716995605712,False,False,False,Stim8hr,24
ARL6IP4-1,ARL6IP4,99,10,1.210481882095337,1.7797942161560059,1.1672624349594116,0.9336448907852173,-0.05728080868721008,5.5608635126321626e-15,0.5596832779358605,-0.06135181507718162,1.960242406868603e-14,0.7697171480557906,True,False,False,Stim8hr,24
HERC2-1,HERC2,49,10,0.24927778542041779,0.3045720160007477,0.22898635268211365,0.14451834559440613,-0.057587772607803345,0.1559108416594755,0.5786163065462397,-0.398480707559611,0.19299206936529825,0.789439708282063,False,False,False,Stim8hr,24
GTPBP4-1,GTPBP4,120,11,1.5639362335205078,1.6596556901931763,1.527380108833313,0.1648799479007721,-0.05789985880255699,0.033182805496902494,0.5704885101833547,-0.3511637378573302,0.04530999606515605,0.780885828995095,True,False,False,Stim8hr,24
SIX3-3,SIX3,145,12,0.0017788474215194583,0.18141888082027435,0.0,0.6590191125869751,-0.058057885617017746,4.208735182823053e-08,1.0,-0.0880974231371104,9.434886348972026e-08,1.0,True,False,False,Stim8hr,24
ADCY10-3,ADCY10,160,17,0.0013751613441854715,0.004279361572116613,0.0,0.0645676851272583,-0.05821053683757782,0.24932499607374636,1.0,-0.9015428805113426,0.2919866020039907,1.0,False,False,False,Stim8hr,24
LIFR-4,LIFR,101,13,0.0012053882237523794,0.0728035569190979,0.0,0.37953659892082214,-0.058723386377096176,0.003924014869113735,1.0,-0.154723909483488,0.005918161271007337,1.0,True,False,False,Stim8hr,24
CLDN7-2,CLDN7,35,11,0.0015271113952621818,0.13464300334453583,0.0,0.4299596846103668,-0.05877918004989624,0.03996784578199828,1.0,-0.13670858490642546,0.054059342301149824,1.0,False,False,False,Stim8hr,24
RBMX-4,RBMX,126,17,0.9939571022987366,0.8490053415298462,0.9570170044898987,-0.2345859855413437,-0.05931375175714493,0.9932775018646948,0.5901177975926795,,1.0,0.8031038180984217,False,False,False,Stim8hr,24
SPTLC1-2,SPTLC1,66,10,0.4698641002178192,0.6037958264350891,0.4399700164794922,0.27124738693237305,-0.0595867745578289,0.017155833317882042,0.5703201491607519,-0.21967686115510848,0.024132996522462664,0.780885828995095,True,False,False,Stim8hr,24
CRYBB2-4,CRYBB2,79,10,0.0010866838274523616,0.0,0.0,-0.05963382124900818,-0.05963382124900818,1.0,1.0,,1.0,1.0,False,False,False,Stim8hr,24
ARHGAP39-4,ARHGAP39,121,17,0.0012718152720481157,0.0,0.0,-0.0597258135676384,-0.0597258135676384,1.0,1.0,,1.0,1.0,False,False,False,Stim8hr,24
ANKRD63-2,ANKRD63,52,10,0.0013158080400899053,0.015827726572752,0.0,0.17346647381782532,-0.05973063036799431,0.18177443619327244,1.0,-0.3443353003804267,0.2184343520072668,1.0,False,False,False,Stim8hr,24
ARID3C-3,ARID3C,98,10,0.001390614197589457,0.3833663761615753,0.0,0.948641300201416,-0.0602266825735569,8.602015804630502e-10,1.0,-0.06348730817514432,2.1391636730872125e-09,1.0,True,False,False,Stim8hr,24
PNMA6A-3,PNMA6A,34,12,0.001457922626286745,0.05040435865521431,0.0,0.4760449230670929,-0.06034109741449356,0.025820273107783957,1.0,-0.1267550487162515,0.03568513084624752,1.0,True,False,False,Stim8hr,24
ZNF610-4,ZNF610,124,29,0.0015638171462342143,0.0,0.0,-0.06092200055718422,-0.06092200055718422,1.0,1.0,,1.0,1.0,False,False,False,Stim8hr,24
IL17RD-2,IL17RD,35,11,0.0014224676415324211,0.23055990040302277,0.0,0.5132078528404236,-0.06273160129785538,0.01939165527591909,1.0,-0.12223429737222101,0.027139895386166894,1.0,True,False,False,Stim8hr,24
COQ3-1,COQ3,526,44,0.2313157469034195,0.34964314103126526,0.2083422690629959,0.26741519570350647,-0.06283172219991684,5.040209266716401e-08,0.6645958106394774,-0.23495943091274735,1.1201430594478347e-07,0.8781156761549348,True,False,False,Stim8hr,24
TBCCD1-1,TBCCD1,110,18,0.1795121133327484,0.2251194715499878,0.15734370052814484,0.1328238993883133,-0.06328089535236359,0.08849216328250971,0.600094966645542,-0.4764270258875674,0.11338608197927932,0.8137537339022731,False,False,False,Stim8hr,24
CYP2C8-2,CYP2C8,60,11,0.0016361622838303447,0.0,0.0,-0.06334304809570312,-0.06334304809570312,1.0,1.0,,1.0,1.0,False,False,False,Stim8hr,24
LOC100130597-1,SLC19A1,84,11,0.530456006526947,0.6348148584365845,0.49401000142097473,0.1787162721157074,-0.06341145187616348,0.06853909561627529,0.5753609518628343,-0.3548163305191852,0.08945011230109232,0.78613263003802,False,False,False,Stim8hr,24
AURKA-2,AURKA,81,11,0.3671306073665619,0.5769288539886475,0.3270694315433502,0.3383335471153259,-0.06348075717687607,0.003918721014598442,0.5722013227841163,-0.18762773516880288,0.005912483091475683,0.7825925081153046,True,False,False,Stim8hr,24
SGSM2-3,SGSM2,156,16,0.16273626685142517,0.5789718627929688,0.14212806522846222,0.8785619735717773,-0.06363848596811295,5.74835497691571e-16,0.6013364237830703,-0.07243482859768204,2.162343258339791e-15,0.8148528680571736,True,False,False,Stim8hr,24
TRIM54-3,TRIM54,122,12,0.001392774167470634,0.08715584874153137,0.0,0.3600119948387146,-0.06401319801807404,0.0027777109478820876,1.0,-0.17780851453783353,0.00427433674311979,1.0,True,False,False,Stim8hr,24
PIBF1-4,PIBF1,22,11,0.2501133978366852,0.45220547914505005,0.22684675455093384,0.4800858199596405,-0.06478531658649445,0.022093307546916942,0.5941123398029633,-0.13494528247458085,0.03072089905930522,0.8070879558673877,True,False,False,Stim8hr,24
ANKRD2-4,ANKRD2,81,11,0.0015350591856986284,0.7575702667236328,0.0,0.7892711758613586,-0.06508562713861465,1.507203640972917e-06,1.0,-0.08246294699357858,3.0136279625864893e-06,1.0,True,False,False,Stim8hr,24
SF3B5-4,SF3B5,121,14,1.4651683568954468,1.4873148202896118,1.4287607669830322,0.03693390265107155,-0.06523285061120987,0.34646682965206155,0.5992543109120566,-1.766205191676848,0.3982720660714988,0.8129052381167138,False,False,False,Stim8hr,24
RSL1D1-3,RSL1D1,66,11,0.6331479549407959,0.682905912399292,0.59555983543396,0.0994991883635521,-0.06529451161623001,0.1947059577616862,0.5781152632560241,-0.6562316003790467,0.23231346456786192,0.789439708282063,False,False,False,Stim8hr,24
TMEM95-3,TMEM95,107,10,0.00151751097291708,0.0,0.0,-0.06564710289239883,-0.06564710289239883,1.0,1.0,,1.0,1.0,False,False,False,Stim8hr,24
HMOX2-1,HMOX2,60,12,0.5072464942932129,0.537976861000061,0.4692622721195221,0.05641091614961624,-0.06576444953680038,0.3438074315763411,0.5785546322157471,-1.165810698099215,0.3953325417501371,0.789439708282063,False,False,False,Stim8hr,24
OR3A2-2,OR3A2,88,18,0.001582449534907937,0.0,0.0,-0.06706029921770096,-0.06706029921770096,1.0,1.0,,1.0,1.0,False,False,False,Stim8hr,24
OR3A2-4,OR3A2,77,13,0.001582449534907937,0.0,0.0,-0.06706029921770096,-0.06706029921770096,1.0,1.0,,1.0,1.0,False,False,False,Stim8hr,24
SYNGR4-4,SYNGR4,114,16,0.0015839856350794435,0.0054835728369653225,0.0,0.10353941470384598,-0.06766404211521149,0.1604361749187996,1.0,-0.6535099923903481,0.1967671070126857,1.0,False,False,False,Stim8hr,24
FOXP1-1,FOXP1,73,13,1.1650339365005493,1.1621136665344238,1.113261103630066,-0.0038450248539447784,-0.06772137433290482,0.5126765919896719,0.5912264910723305,,0.5718258959400234,0.8040340126701021,False,False,False,Stim8hr,24
ZMYND12-4,ZMYND12,76,12,0.0017347930697724223,0.03514586761593819,0.0,0.2462000697851181,-0.06815546005964279,0.06327148849953333,1.0,-0.2768295724657124,0.08282696209468361,1.0,False,False,False,Stim8hr,24
LSM5-2,LSM5,89,11,0.6400192379951477,0.6231893301010132,0.6030245423316956,-0.028993206098675728,-0.0684274211525917,0.601804049539885,0.5883453412582862,,0.6645277725787364,0.8013886866368793,False,False,False,Stim8hr,24
SLC3A1-2,SLC3A1,38,17,0.0017016374040395021,0.0,0.0,-0.06859129667282104,-0.06859129667282104,1.0,1.0,,1.0,1.0,False,False,False,Stim8hr,24
POLR1E-2,POLR1E,14,10,0.546626627445221,0.9503415822982788,0.5021167993545532,0.699410080909729,-0.0687200278043747,0.015463936879722202,0.5723561283572005,-0.09825427124955068,0.021856375699519648,0.7825925081153046,True,False,False,Stim8hr,24
MASP2-4,MASP2,118,13,0.001921529066748917,0.0,0.0,-0.06882531195878983,-0.06882531195878983,1.0,1.0,,1.0,1.0,False,False,False,Stim8hr,24
CEP128-3,CEP128,61,10,0.1507243812084198,0.17519594728946686,0.13027098774909973,0.07247031480073929,-0.06904366612434387,0.298185211704893,0.5900115162185112,-0.9527165200562857,0.3460630893345802,0.8031038180984217,False,False,False,Stim8hr,24
NAGPA-3,NAGPA,87,14,0.16441570222377777,0.27201002836227417,0.1431441307067871,0.27835556864738464,-0.06940514594316483,0.012665179468554439,0.6064671694525178,-0.24933988667956522,0.01804578076820192,0.8203357778502941,True,False,False,Stim8hr,24
RNF145-4,RNF145,104,19,0.6822341680526733,1.033914566040039,0.646528959274292,0.5484700798988342,-0.06962960958480835,8.679596224087638e-07,0.6331581276063336,-0.12695243029054856,1.777754163058628e-06,0.8471881165097537,True,False,False,Stim8hr,24
DDX43-3,DDX43,113,11,0.0017445029225200415,0.011224653571844101,0.0,0.14691245555877686,-0.07110964506864548,0.11756374255594298,1.0,-0.48402733994324854,0.1476994777335385,1.0,False,False,False,Stim8hr,24
C1GALT1C1L-1,C1GALT1C1L,28,11,0.002027448732405901,0.02798543870449066,0.0,0.2392241209745407,-0.07125348597764969,0.18093405014072672,1.0,-0.2978524309646551,0.2175596927531686,1.0,False,False,False,Stim8hr,24
MED31-1,MED31,28,11,0.11042756587266922,0.10064893215894699,0.09006500989198685,-0.0384523868560791,-0.07206355780363083,0.5835944173025025,0.5871483515838473,,0.6457109046377045,0.8002144380865263,False,False,False,Stim8hr,24
ZNF488-4,ZNF488,122,12,0.0017100514378398657,0.0,0.0,-0.07280292361974716,-0.07280292361974716,1.0,1.0,,1.0,1.0,False,False,False,Stim8hr,24
ABHD1-4,ABHD1,73,10,0.0020451517775654793,0.5403040051460266,0.0,1.1151255369186401,-0.07309601455926895,1.6031144258116234e-09,1.0,-0.06554958355742692,3.921090123095223e-09,1.0,True,False,False,Stim8hr,24
MYH7B-2,MYH7B,56,10,0.001968796830624342,0.010753621347248554,0.0,0.1395706981420517,-0.07318314164876938,0.2087831059879947,1.0,-0.5243445982786826,0.2475818064567849,1.0,False,False,False,Stim8hr,24
TXLNB-1,TXLNB,165,37,0.002202156465500593,0.08763612806797028,0.0,0.46544426679611206,-0.07343662530183792,1.5532732960910603e-05,1.0,-0.15777748388080767,2.869807852835227e-05,1.0,True,False,False,Stim8hr,24
CRYBB3-4,CRYBB3,147,10,0.0020748975221067667,0.6656137108802795,0.0,0.9107608199119568,-0.0738021731376648,5.005720608641516e-13,1.0,-0.08103353978797556,1.5302072406021141e-12,1.0,True,False,False,Stim8hr,24
SLC38A10-2,SLC38A10,67,11,0.543465793132782,0.8316056132316589,0.5073326230049133,0.5390060544013977,-0.07506704330444336,2.911218453272586e-05,0.6047500655111046,-0.139269387962275,5.255876152757518e-05,0.8188917822280691,True,False,False,Stim8hr,24
PHF1-4,PHF1,69,14,0.1872539222240448,0.5590792894363403,0.1624518185853958,0.7908100485801697,-0.07524359226226807,3.192550220908268e-07,0.6182184468034639,-0.09514749135694642,6.716861645403848e-07,0.8344404588903286,True,False,False,Stim8hr,24
ZNF200-1,ZNF200,106,13,0.12962736189365387,0.4789113402366638,0.10367454588413239,0.7503840327262878,-0.07670077681541443,7.843334025789802e-09,0.5967081314946565,-0.1022153636941686,1.8348561813508267e-08,0.8103232148340364,True,False,False,Stim8hr,24
TYW1B-4,TYW1B,39,11,0.002297859638929367,0.04215932637453079,0.0,0.28776997327804565,-0.07690741121768951,0.10048427823354854,1.0,-0.2672530783584601,0.12756818907719378,1.0,False,False,False,Stim8hr,24
POLN-2,POLN,57,11,0.0022343385498970747,0.0,0.0,-0.07798750698566437,-0.07798750698566437,1.0,1.0,,1.0,1.0,False,False,False,Stim8hr,24
ADPRH-3,ADPRH,53,11,0.14935481548309326,0.46618911623954773,0.1209675520658493,0.6467590928077698,-0.0783948004245758,0.0002244220760193708,0.5903928909305519,-0.12121174838724126,0.00037765020364095164,0.8031891775177508,True,False,False,Stim8hr,24
SLC25A40-3,SLC25A40,136,12,0.23994748294353485,0.7466921210289001,0.20846442878246307,0.9260411858558655,-0.0789470225572586,3.532660224558689e-15,0.6007870269082527,-0.08525217210970397,1.266060897902544e-14,0.814400192031187,True,False,False,Stim8hr,24
TOP3A-4,TOP3A,66,13,0.32935789227485657,0.6091159582138062,0.2883795499801636,0.4884241819381714,-0.07936494052410126,0.0007484115328276629,0.5969562527845221,-0.1624918328350661,0.0012033710592285125,0.8103691845050476,True,False,False,Stim8hr,24
SOWAHC-4,SOWAHC,107,10,0.002310295356437564,0.014756746590137482,0.0,0.14550267159938812,-0.0798172727227211,0.13034701828682174,1.0,-0.5485622486883378,0.16301808528950182,1.0,False,False,False,Stim8hr,24
PSMB1-4,PSMB1,67,10,1.7497352361679077,1.7987723350524902,1.7135330438613892,0.08534272760152817,-0.08035005629062653,0.255353296196331,0.6290040452826978,-0.9414985734436235,0.298594253520173,0.8444775645222447,False,False,False,Stim8hr,24
XPC-2,XPC,111,11,0.3622768521308899,0.575493574142456,0.32467731833457947,0.41073834896087646,-0.08197388797998428,7.772534459152433e-05,0.6044351740167755,-0.1995769038546543,0.00013557235342148157,0.8187585344310333,True,False,False,Stim8hr,24
CBX8-3,CBX8,75,13,0.045326415449380875,0.377599835395813,0.032922398298978806,0.791287899017334,-0.0821661651134491,1.3825652148248849e-06,0.6434948020702698,-0.10383852099278616,2.768710349936732e-06,0.8580269697753822,True,False,False,Stim8hr,24
TMEM269-4,TMEM269,166,15,0.002552783815190196,0.006229887716472149,0.0,0.07060322910547256,-0.08231264352798462,0.21248637876001264,1.0,-1.16584814279556,0.25166457171974543,1.0,False,False,False,Stim8hr,24
MIIP-2,MIIP,238,15,0.3462880253791809,0.32332322001457214,0.3062271177768707,-0.052786123007535934,-0.08256354928016663,0.798333100311277,0.6151100824564955,,0.8608907135816252,0.8305413537488275,False,False,False,Stim8hr,24
BTG2-2,BTG2,18,15,0.8001103401184082,1.1504720449447632,0.7459331154823303,0.44122442603111267,-0.08267062157392502,0.047834353478788,0.6445197815948212,-0.18736637569583592,0.06371872025576066,0.8589055017588489,False,False,False,Stim8hr,24
C15orf57-4,CCDC32,81,10,0.3573276698589325,0.8151028752326965,0.3119001090526581,0.7702916860580444,-0.08377666026353836,6.916340054778067e-08,0.5884337342122195,-0.1087596579060383,1.5222246438148428e-07,0.8013886866368793,True,False,False,Stim8hr,24
BTF3L4-3,BTF3L4,138,11,1.0572400093078613,1.464500069618225,0.9957829117774963,0.6460121273994446,-0.08395064622163773,3.8016130133464936e-11,0.5915296777180475,-0.12995212111510263,1.0273121958498177e-10,0.8041571679114508,True,False,False,Stim8hr,24
TMEM66-1,SARAF,207,22,0.6417263746261597,0.8199712038040161,0.5956051349639893,0.3136843740940094,-0.08401671797037125,1.6139487853654124e-05,0.6470514891601191,-0.26783839078063837,2.9748045533880123e-05,0.860460172997036,True,False,False,Stim8hr,24
LCA5L-3,LCA5L,55,10,0.002474859356880188,0.04307518154382706,0.0,0.3529183268547058,-0.08418436348438263,0.030450083106409887,1.0,-0.23853780628128385,0.04174068464108012,1.0,True,False,False,Stim8hr,24
DYNLRB2-4,DYNLRB2,89,10,0.0025997606571763754,0.01129470020532608,0.0,0.14162908494472504,-0.08432070165872574,0.13886767170770792,1.0,-0.5953628923863654,0.17300299178276626,1.0,False,False,False,Stim8hr,24
CORO6-1,CORO6,70,10,0.0028689000755548477,0.19075007736682892,0.0,0.7264136075973511,-0.08525311946868896,2.4355863057165343e-05,1.0,-0.11736167739294956,4.4238667187439355e-05,1.0,True,False,False,Stim8hr,24
POLD2-3,POLD2,88,10,0.8078280091285706,1.2039813995361328,0.7547255754470825,0.5935062170028687,-0.08573005348443985,1.784129563371075e-06,0.5971904696134682,-0.1444467657261718,3.5380661649004855e-06,0.8103962526293997,True,False,False,Stim8hr,24
CDKL4-4,CDKL4,64,10,0.002432366833090782,0.0876656323671341,0.0,0.41018831729888916,-0.08620576560497284,0.011176543252036035,1.0,-0.21016143553927175,0.015989527471558768,1.0,True,False,False,Stim8hr,24
CRLF2-4,CRLF2,161,10,0.002994762733578682,0.09216151386499405,0.0,0.44357961416244507,-0.08666465431451797,4.14226860837162e-05,1.0,-0.1953756474543038,7.385040437331975e-05,1.0,True,False,False,Stim8hr,24
PCP2-4,PCP2,110,12,0.0027840728871524334,0.7362036108970642,0.0,0.8471373319625854,-0.08676495403051376,3.4293813978382466e-09,1.0,-0.10242135573166526,8.216491862106876e-09,1.0,True,False,False,Stim8hr,24
SLC2A6-3,SLC2A6,56,12,0.033450979739427567,0.10491017252206802,0.022715391591191292,0.3310784697532654,-0.0867844820022583,0.02313854583869444,0.6770551693266051,-0.26212662534937414,0.032105043687919416,0.8897229501018835,True,False,False,Stim8hr,24
ETV2-1,ETV2,76,13,0.0025143965613096952,0.033541589975357056,0.0,0.22340203821659088,-0.08679140359163284,0.08162208341502715,1.0,-0.3884987097006141,0.10556274132639129,1.0,False,False,False,Stim8hr,24
MYLK3-1,MYLK3,70,11,0.0027031886857002974,0.3772742450237274,0.0,0.7244024872779846,-0.08695157617330551,2.817774224663767e-05,1.0,-0.12003213365546939,5.0988923382193665e-05,1.0,True,False,False,Stim8hr,24
TACC3-3,TACC3,52,10,0.908067524433136,0.9456711411476135,0.8300288915634155,0.05006759241223335,-0.08702851831912994,0.35689532337442714,0.5937821521481954,-1.7382205559751596,0.40965099895782425,0.8069292488050575,False,False,False,Stim8hr,24
SPRYD4-3,SPRYD4,105,15,0.20713186264038086,0.17435282468795776,0.17521849274635315,-0.09464322030544281,-0.08733052015304565,0.852963601464144,0.6323988992134719,,0.9031791475525315,0.8469308204055774,False,False,False,Stim8hr,24
SZT2-3,SZT2,83,12,0.06535344570875168,0.06805144995450974,0.04866546764969826,0.012531554326415062,-0.08743797242641449,0.45563815559762555,0.6309109799844872,-6.977424360049686,0.5130904914665165,0.8452374517539251,False,False,False,Stim8hr,24
UBE2V2-4,UBE2V2,41,12,0.17983770370483398,0.19909994304180145,0.1528167873620987,0.05499040335416794,-0.0875060185790062,0.3681352750437846,0.6285035550668514,-1.5912961760876732,0.4214266159249009,0.844454584102807,False,False,False,Stim8hr,24
ADORA3-3,TMIGD3,65,10,0.002822127426043153,0.1155477836728096,0.0,0.3619458079338074,-0.08903950452804565,0.02104605195175852,1.0,-0.24600230912006915,0.029327957800882952,1.0,True,False,False,Stim8hr,24
ADAMTS10-2,ADAMTS10,51,10,0.0031288235913962126,0.0,0.0,-0.08995719254016876,-0.08995719254016876,1.0,1.0,,1.0,1.0,False,False,False,Stim8hr,24
ARMC12-4,ARMC12,143,14,0.003199310740455985,0.006030102726072073,0.0,0.045619621872901917,-0.09046966582536697,0.3198709006134701,1.0,-1.9831305502140957,0.36934630417207787,1.0,False,False,False,Stim8hr,24
NDUFA7-2,NDUFA7,65,11,0.8044565320014954,0.7664393186569214,0.7579079270362854,-0.07041950523853302,-0.0907333716750145,0.7254045664431745,0.6307863399409682,,0.7879605220325157,0.8452374517539251,False,False,False,Stim8hr,24
ZNF460-3,ZNF460,91,10,0.3429340720176697,0.24447323381900787,0.3042159378528595,-0.2367822676897049,-0.09076631814241409,0.9915780807824248,0.614534316604157,,1.0,0.8300602804989007,False,False,False,Stim8hr,24
PNN-1,PNN,45,11,1.0732667446136475,1.1701278686523438,1.0142267942428589,0.1645127534866333,-0.09102200716733932,0.13086014656119396,0.6089999885421242,-0.5532823762185397,0.16350119119616704,0.8231729652131214,False,False,False,Stim8hr,24
HORMAD1-1,HORMAD1,149,13,0.0032793693244457245,0.005944272968918085,0.0,0.05180264636874199,-0.09121263772249222,0.2667582408920426,1.0,-1.7607717774343368,0.3109900866836083,1.0,False,False,False,Stim8hr,24
C1orf189-4,CFAP141,128,11,0.0033038093242794275,0.09424235671758652,0.0,0.5090711712837219,-0.09235598891973495,2.9484326941930764e-05,1.0,-0.18142058346545412,5.3203869474776606e-05,1.0,True,False,False,Stim8hr,24
PREPL-4,PREPL,66,14,0.5526297092437744,0.674288809299469,0.5010109543800354,0.23183245956897736,-0.09267252683639526,0.0325486323824256,0.6259073815296754,-0.3997392211974627,0.044491184666963515,0.8424134224004386,True,False,False,Stim8hr,24
CHMP2A-2,CHMP2A,98,10,0.9030166864395142,1.0621285438537598,0.8462979197502136,0.2705642282962799,-0.09341302514076233,0.004714388895812899,0.6086125892213434,-0.34525268077371596,0.007052433988436548,0.8229434438452344,True,False,False,Stim8hr,24
CXADR-3,CXADR,36,11,0.0033399295061826706,0.0,0.0,-0.09379787743091583,-0.09379787743091583,1.0,1.0,,1.0,1.0,False,False,False,Stim8hr,24
DFFB-4,DFFB,42,13,0.09568294882774353,0.2705739438533783,0.07145461440086365,0.4362300932407379,-0.09468479454517365,0.015427489883690111,0.6297758776779141,-0.21705241342192524,0.021812834873941374,0.8449046333052145,True,False,False,Stim8hr,24
UPF3A-3,UPF3A,85,11,0.2685990333557129,0.6123797297477722,0.23296156525611877,0.6520887017250061,-0.09472423791885376,1.3300092334176968e-06,0.6285403633657858,-0.14526281113025655,2.6717640029227188e-06,0.844454584102807,True,False,False,Stim8hr,24
MBTD1-2,MBTD1,105,12,0.19121919572353363,0.2896142601966858,0.15513493120670319,0.25553593039512634,-0.0958489179611206,0.008203812944370878,0.6206563258028084,-0.3750897880110744,0.011939836152006843,0.8365367869516113,True,False,False,Stim8hr,24
HAVCR1-4,HAVCR1,187,15,0.0034762395080178976,0.035216692835092545,0.0,0.23259364068508148,-0.09604069590568542,0.010378996860505271,1.0,-0.41291195934165303,0.014909205371312736,1.0,True,False,False,Stim8hr,24
EIF1AD-4,EIF1AD,197,10,0.5580499172210693,1.3282867670059204,0.5027294158935547,1.2038501501083374,-0.096262127161026,3.018103146853208e-33,0.6064627954440747,-0.07996188491762296,3.2419457969114873e-32,0.8203357778502941,True,False,False,Stim8hr,24
INCA1-4,INCA1,79,12,0.0035131704062223434,0.005452864337712526,0.0,0.03883231803774834,-0.09667591005563736,0.3616420476464707,1.0,-2.4895735032263615,0.41444547827517036,1.0,False,False,False,Stim8hr,24
INCA1-3,INCA1,127,19,0.0035131704062223434,0.010615557432174683,0.0,0.1015891283750534,-0.09667591005563736,0.17270470601786997,1.0,-0.9516363768642929,0.20863764391474637,1.0,False,False,False,Stim8hr,24
LOC100506127-3,THAP12,84,14,0.9616356492042542,0.9372499585151672,0.9003552794456482,-0.04227650165557861,-0.09715487062931061,0.6518507775432302,0.6302867381169761,,0.7142836375062825,0.8449998027502317,False,False,False,Stim8hr,24
SMIM2-4,SERP2,225,27,0.003261081874370575,0.005685505457222462,0.0,0.048681024461984634,-0.09748650342226028,0.2437420688096481,1.0,-2.0025565299758266,0.28588127997783114,1.0,False,False,False,Stim8hr,24
ZFAND2A-4,ZFAND2A,196,12,0.24127726256847382,0.33266931772232056,0.1991407871246338,0.19489805400371552,-0.09761296212673187,0.009160923989074426,0.6188745208836166,-0.5008411326922279,0.013257968961733087,0.8350279835825323,True,False,False,Stim8hr,24
KIAA1984-1,CCDC183,191,16,0.003311591688543558,0.18830859661102295,0.0,0.5225440859794617,-0.09770706295967102,3.5594495985239825e-07,1.0,-0.18698338682089943,7.456333476431332e-07,1.0,True,False,False,Stim8hr,24
AIG1-4,AIG1,112,10,0.0917130783200264,0.6259503364562988,0.06847192347049713,1.0596277713775635,-0.09826033562421799,5.156166564036529e-14,0.6289447886015678,-0.09273099316420819,1.6727261831484277e-13,0.8444775645222447,True,False,False,Stim8hr,24
SLC22A1-1,SLC22A1,65,11,0.004621435422450304,0.04090641438961029,0.0,0.20466609299182892,-0.0984090268611908,0.11537777079327749,1.0,-0.48082721188760696,0.14509458200247285,1.0,False,False,False,Stim8hr,24
FAM173B-2,ATPSCKMT,83,29,0.3146781623363495,0.2928659915924072,0.2710399627685547,-0.0508764386177063,-0.1004507765173912,0.6781613667855122,0.7016338021306888,,0.7401778169233914,0.914396636684447,False,False,False,Stim8hr,24
GPLD1-4,GPLD1,185,11,0.0037642959505319595,0.17684032022953033,0.0,0.6854843497276306,-0.10077014565467834,1.484184140690801e-10,1.0,-0.1470057568706247,3.870087708733194e-10,1.0,True,False,False,Stim8hr,24
TLE1-2,TLE1,116,13,0.004058436490595341,0.01428353413939476,0.0,0.08815090358257294,-0.10077659785747528,0.23780334284783738,1.0,-1.1432281889552678,0.279594261718634,1.0,False,False,False,Stim8hr,24
SENP8-2,SENP8,39,17,0.05249733850359917,0.052789345383644104,0.03520863130688667,0.0016686727758497,-0.10117726773023605,0.4953306091366161,0.6849103897834559,-60.63337833189966,0.5534364245973112,0.8975506216774186,False,False,False,Stim8hr,24
AMN-4,AMN,92,12,0.0041158972308039665,0.1218765527009964,0.0,0.4510464072227478,-0.10144840180873871,0.0013008934514896098,1.0,-0.22491788025403503,0.002058328550290639,1.0,True,False,False,Stim8hr,24
THRAP3-2,THRAP3,57,13,0.720919132232666,0.6579299569129944,0.6634210348129272,-0.1155654564499855,-0.10166413336992264,0.8078551581370462,0.6359400510159059,,0.8704307318238945,0.8495673871219203,False,False,False,Stim8hr,24
ADAM20-4,ADAM20,49,10,0.003842372680082917,0.005466896574944258,0.0,0.035088129341602325,-0.10227940231561661,0.3839372242743357,1.0,-2.9149289014489805,0.4384776273682387,1.0,False,False,False,Stim8hr,24
KANSL2-3,KANSL2,128,10,0.4257695972919464,0.6964917182922363,0.3794673681259155,0.49758535623550415,-0.10381831973791122,6.427964266579873e-07,0.6353916551371636,-0.20864424251419217,1.325703350339433e-06,0.8491347136850715,True,False,False,Stim8hr,24
PSMB4-1,PSMB4,123,11,1.1857019662857056,1.752383828163147,1.1242283582687378,0.8663144707679749,-0.10417038947343826,8.565540189219206e-15,0.6294553899927415,-0.12024546857804738,2.965348604450373e-14,0.844783635540294,True,False,False,Stim8hr,24
UBTD1-1,UBTD1,59,12,0.062833771109581,0.3047715127468109,0.04366925358772278,0.6056617498397827,-0.104298435151577,0.0003898945058294304,0.6653314537013639,-0.1722057488014842,0.0006446011346910676,0.8781156761549348,True,False,False,Stim8hr,24
CHEK2-3,CHEK2,216,24,0.21299974620342255,0.1589667946100235,0.17668581008911133,-0.15698441863059998,-0.10459180921316147,0.9927062389427114,0.7036247531907729,,1.0,0.9160443430524968,False,False,False,Stim8hr,24
INTS7-2,INTS7,28,15,0.5440542101860046,0.6050620675086975,0.492353230714798,0.12543652951717377,-0.10484578460454941,0.2440267466424052,0.660668414385911,-0.835847300687594,0.28612838971078863,0.8747039024912525,False,False,False,Stim8hr,24
FAM195B-1,MCRIP1,123,15,0.43214213848114014,0.4189486503601074,0.3792076110839844,-0.02753589302301407,-0.10517316311597824,0.6220816676123715,0.6511520748067512,,0.6843783239422591,0.8641972207459728,False,False,False,Stim8hr,24
ARL6IP6-4,ARL6IP6,58,16,0.38850027322769165,0.531335175037384,0.3339989483356476,0.26018840074539185,-0.10583212971687317,0.040236609850520105,0.6516252443751138,-0.4067519128972837,0.054384820095058115,0.8641972207459728,False,False,False,Stim8hr,24
C11orf85-3,MAJIN,71,11,0.004242219962179661,0.04488823190331459,0.0,0.31216421723365784,-0.10605986416339874,0.02733219171729499,1.0,-0.33975663547629464,0.03761337557678994,1.0,True,False,False,Stim8hr,24
MAJIN-2,MAJIN,73,12,0.004242219962179661,0.11433601379394531,0.0,0.5234110355377197,-0.10605986416339874,0.0009596044481939705,1.0,-0.20263207491305466,0.0015289618463807516,1.0,True,False,False,Stim8hr,24
NADK2-3,NADK2,38,11,0.1618812382221222,0.22468537092208862,0.12950634956359863,0.18284285068511963,-0.10632852464914322,0.148710353845821,0.6409642136126859,-0.581529571709946,0.1846701792940879,0.8553728496412061,False,False,False,Stim8hr,24
ACTL8-3,ACTL8,121,11,0.004626360256224871,0.0,0.0,-0.10678096115589142,-0.10678096115589142,1.0,1.0,,1.0,1.0,False,False,False,Stim8hr,24
INTS11-3,INTS11,55,11,0.8088364601135254,0.8104541301727295,0.7476982474327087,0.0029270111117511988,-0.10728656500577927,0.49128096051139397,0.6329906144252084,-36.653965738309374,0.5497058664055442,0.8471881165097537,False,False,False,Stim8hr,24
B3GALT1-4,STK39,151,15,1.0263618230819702,1.1024125814437866,0.9554188847541809,0.12213512510061264,-0.10746746510267258,0.07255532161076605,0.6479935799502112,-0.8799062924293309,0.09446849450129034,0.8614100946824953,False,False,False,Stim8hr,24
SLC12A9-2,SLC12A9,173,30,0.33527156710624695,0.32327520847320557,0.28944602608680725,-0.0260455422103405,-0.10768275707960129,0.629687281590162,0.7300560092576391,,0.6921548373817954,0.9423453334513281,False,False,False,Stim8hr,24
ZNF497-3,ZNF497,101,15,0.004292996134608984,0.015215807594358921,0.0,0.12628759443759918,-0.1082429364323616,0.1575716343167022,1.0,-0.8571145638999899,0.1947984366696571,1.0,False,False,False,Stim8hr,24
CELSR3-1,CELSR3,120,15,0.050318267196416855,0.20333555340766907,0.03256393224000931,0.5405717492103577,-0.10926295816898346,2.6268670242496312e-06,0.7028390062000502,-0.2021248027270936,5.151163682947933e-06,0.915651781415291,True,False,False,Stim8hr,24
MBTPS1-4,MBTPS1,118,10,0.7163251638412476,1.2036728858947754,0.6376118063926697,0.8286770582199097,-0.10932907462120056,2.3965926916980303e-14,0.6116076527667901,-0.1319320639285605,8.023916830126653e-14,0.8264023375362629,True,False,False,Stim8hr,24
FAM90A1-4,FAM90A1,170,22,0.004613038618117571,0.05391373857855797,0.0,0.38509634137153625,-0.10947209596633911,0.0001173151481827608,1.0,-0.2842719709474512,0.00020135715846548427,1.0,True,False,False,Stim8hr,24
DDX51-3,DDX51,55,10,0.3098360300064087,0.18203869462013245,0.2622047960758209,-0.32931628823280334,-0.10959465056657791,0.9961420701019367,0.6299923495295359,,1.0,0.8449046333052145,False,False,False,Stim8hr,24
SELRC1-3,COA7,121,10,0.4560520350933075,0.4974958896636963,0.3939586579799652,0.08435437828302383,-0.10964425653219223,0.17476945554436646,0.6192793094489646,-1.2998051644019755,0.21100015129255856,0.8352568288180392,False,False,False,Stim8hr,24
EMILIN1-4,EMILIN1,112,13,0.004166204482316971,0.0,0.0,-0.11004769802093506,-0.11004769802093506,1.0,1.0,,1.0,1.0,False,False,False,Stim8hr,24
ACOT7-1,ACOT7,1276,78,0.483216255903244,0.492603600025177,0.4270651340484619,0.01852669008076191,-0.11023212224245071,0.2595144646432418,0.8291639843784265,-5.949909118246416,0.3030934565917898,1.0,False,False,False,Stim8hr,24
MUC22-4,PDIA5,22,12,0.3976386487483978,0.37611791491508484,0.3453747034072876,-0.04685129597783089,-0.1103590875864029,0.5895894511863056,0.6464967251017122,,0.6521574392841658,0.860460172997036,False,False,False,Stim8hr,24
KIAA0100-1,BLTP2,84,10,1.1237614154815674,1.5512586832046509,1.0607240200042725,0.7209718227386475,-0.11048366129398346,4.1391718038717504e-09,0.63349171992726,-0.15324268967170696,9.862093262829365e-09,0.8471943722648153,True,False,False,Stim8hr,24
KANK3-1,KANK3,96,12,0.004793011583387852,0.061158061027526855,0.0,0.3672927916049957,-0.11099883168935776,0.004693960952071944,1.0,-0.3022080319200253,0.007027635372037395,1.0,True,False,False,Stim8hr,24
RAD21-1,RAD21,44,10,0.8702351450920105,1.103506088256836,0.7980434894561768,0.3801456093788147,-0.11117291450500488,0.009651172390618159,0.6234842142995307,-0.2924482402589614,0.013920583228094151,0.839749750171234,True,False,False,Stim8hr,24
MICAL1-2,MICAL1,84,10,0.26681122183799744,0.33828720450401306,0.21445782482624054,0.1548309326171875,-0.1113133504986763,0.09535676522360337,0.6230220156017457,-0.7189348318006553,0.1215775176787584,0.839426171359388,False,False,False,Stim8hr,24
MYRFL-4,MYRFL,107,16,0.004777669440954924,0.01603538729250431,0.0,0.13437031209468842,-0.11150014400482178,0.12775825642644975,1.0,-0.8297974624502589,0.15993563535159638,1.0,False,False,False,Stim8hr,24
CPSF2-2,CPSF2,83,13,0.8976441025733948,1.2702710628509521,0.8089269399642944,0.6265057921409607,-0.11155968904495239,2.4396143823052457e-07,0.6262354371171152,-0.1780664926715506,5.172142991433326e-07,0.8425551131899429,True,False,False,Stim8hr,24
PAK4-3,PAK4,82,11,0.06960149854421616,0.1928761899471283,0.04848374053835869,0.41445982456207275,-0.11171738058328629,0.0014156679786507878,0.6637667991191321,-0.26954936030610277,0.002234444111609223,0.8777503616323628,True,False,False,Stim8hr,24
NBPF1-1,NBPF1,64,10,0.004760431591421366,0.2543959319591522,0.0,0.847174882888794,-0.11229757219552994,4.337966695663366e-06,1.0,-0.1325553607215134,8.35820488895378e-06,1.0,True,False,False,Stim8hr,24
BSN-3,BSN,154,12,0.0047310213558375835,0.18607737123966217,0.0,0.684195876121521,-0.11252791434526443,4.584222037068346e-09,1.0,-0.16446739635898974,1.0875574611867052e-08,1.0,True,False,False,Stim8hr,24
IGJ-3,JCHAIN,60,10,0.01354930642992258,0.1520289033651352,0.0,0.4023486375808716,-0.11283955723047256,0.011033896101308905,1.0,-0.28045219168361657,0.015797140401244553,1.0,True,False,False,Stim8hr,24
CREBBP-1,CREBBP,66,11,0.5274419784545898,0.8758351802825928,0.46743857860565186,0.6364121437072754,-0.11311575770378113,3.420870523421375e-06,0.6385501246949328,-0.1777397851726254,6.644151840316653e-06,0.8527530266935861,True,False,False,Stim8hr,24
LMNB1-4,LMNB1,78,10,1.2100390195846558,1.3558837175369263,1.1195265054702759,0.22916853427886963,-0.11341526359319687,0.018761778167805766,0.6194858288827605,-0.4948989351879547,0.02629641035697894,0.8352568288180392,True,False,False,Stim8hr,24
WDR78-3,DNAI4,79,10,0.0047376430593431,0.07568404823541641,0.0,0.41116106510162354,-0.11358577758073807,0.004702754200745205,1.0,-0.27625616144530596,0.007037751739273107,1.0,True,False,False,Stim8hr,24
TSSK4-1,TSSK4,315,24,0.005453730933368206,0.002859654137864709,0.0,-0.04779450222849846,-0.11419088393449783,0.8933202407074796,1.0,,0.9425564449702112,1.0,False,False,False,Stim8hr,24
COG3-2,COG3,121,11,0.37304985523223877,0.7978370785713196,0.3197707235813141,0.717094898223877,-0.11446046084165573,3.575553669491409e-10,0.6436336629436169,-0.15961689467482612,9.096490815738998e-10,0.8580269697753822,True,False,False,Stim8hr,24
ZNF793-4,ZNF793,57,11,0.004911817144602537,0.06503374874591827,0.0,0.3587796688079834,-0.11511704325675964,0.026280714559533014,1.0,-0.32085720921485533,0.036295544000612204,1.0,True,False,False,Stim8hr,24
XPO4-4,XPO4,237,30,0.7806355357170105,0.76865553855896,0.7136633396148682,-0.021604813635349274,-0.11588027328252792,0.6323028996186912,0.730360993526405,,0.6945968199799343,0.9424173584158526,False,False,False,Stim8hr,24
CCDC168-4,CCDC168,89,11,0.004612246062606573,0.005293881520628929,0.0,0.012815726920962334,-0.11596829444169998,0.44898780696690177,1.0,-9.048904924153293,0.5067822094398743,1.0,False,False,False,Stim8hr,24
ALPK3-2,ALPK3,86,11,0.004824058152735233,0.0118348877876997,0.0,0.09934752434492111,-0.11615969985723495,0.21143338698287695,1.0,-1.169225913007598,0.25057091862175457,1.0,False,False,False,Stim8hr,24
HSF1-1,HSF1,36,11,1.0721668004989624,1.179479956626892,0.9949517846107483,0.18254150450229645,-0.11654114723205566,0.14136306093163675,0.6332630368516852,-0.638436434222495,0.1758851211784554,0.8471881165097537,False,False,False,Stim8hr,24
EDA-1,EDA,67,11,0.005562060512602329,0.31830334663391113,0.0,0.8097516894340515,-0.11654504388570786,6.284999494129153e-06,1.0,-0.14392689191814229,1.191961404796343e-05,1.0,True,False,False,Stim8hr,24
STX16-3,STX16,86,10,0.7017823457717896,0.9421784281730652,0.6265244483947754,0.3847946524620056,-0.11656192690134048,0.0008154322300058926,0.6253214469685677,-0.3029198201054775,0.001308413457855928,0.8419244259292002,True,False,False,Stim8hr,24
ZNF572-4,ZNF572,58,11,0.005000279285013676,0.0,0.0,-0.11723686754703522,-0.11723686754703522,1.0,1.0,,1.0,1.0,False,False,False,Stim8hr,24
NDUFS8-1,NDUFS8,73,14,0.4418019950389862,0.46940624713897705,0.3852405548095703,0.05705013871192932,-0.11811623722314835,0.31786370188543567,0.664916819802714,-2.0703935150722073,0.36724796390528225,0.8781156761549348,False,False,False,Stim8hr,24
SERPING1-1,SERPING1,78,10,0.005626383703202009,0.23758387565612793,0.0,0.6410886645317078,-0.11825396120548248,6.303920944249249e-05,1.0,-0.18445804417999304,0.00011095704274652637,1.0,True,False,False,Stim8hr,24
CCDC62-2,CCDC62,29,10,0.005514025222510099,0.022319911047816277,0.0,0.17338930070400238,-0.11834166944026947,0.22890234315132202,1.0,-0.6825200226298495,0.27019699663191765,1.0,False,False,False,Stim8hr,24
YIPF1-2,YIPF1,109,11,0.1984027922153473,0.575411319732666,0.16067057847976685,0.8355483412742615,-0.11863626539707184,1.3948640818703878e-11,0.6700318924958295,-0.14198611802178243,3.8833257052503883e-11,0.8823330840596195,True,False,False,Stim8hr,24
PIGA-4,PIGA,44,10,0.07129087299108505,0.08835380524396896,0.048931434750556946,0.07915490120649338,-0.11917843669652939,0.3012379954639613,0.6707022140352765,-1.5056355940060566,0.34918684905849473,0.8826011737931162,False,False,False,Stim8hr,24
SPACA6-1,SPACA6,164,23,0.006762005388736725,0.046542584896087646,0.0,0.24249309301376343,-0.11923679709434509,0.010259546170280836,1.0,-0.4917121374981903,0.014754059144840459,1.0,True,False,False,Stim8hr,24
SPACA6-2,SPACA6,122,10,0.006762005388736725,0.023292072117328644,0.0,0.13763010501861572,-0.11923679709434509,0.112621143073955,1.0,-0.8663569433316732,0.14176626310774218,1.0,False,False,False,Stim8hr,24
MYC-1,MYC,288,18,1.7780263423919678,1.6107430458068848,1.654744267463684,-0.18954509496688843,-0.12010842561721802,0.9996096726688486,0.6775422859397455,,1.0,0.8900538122348446,False,False,False,Stim8hr,24
SDHAF2-4,SDHAF2,43,12,0.6893880367279053,0.6668957471847534,0.6210543513298035,-0.04293171316385269,-0.12059923261404037,0.6132479887568734,0.65118469524939,,0.6756210747928288,0.8641972207459728,False,False,False,Stim8hr,24
C7orf10-3,SUGCT,89,10,0.005334647838026285,0.011020966805517673,0.0,0.08267338573932648,-0.12067030370235443,0.23690720740168258,1.0,-1.4596027805469856,0.2786253561503365,1.0,False,False,False,Stim8hr,24
EXOSC2-3,EXOSC2,108,13,0.53131502866745,0.8658795952796936,0.46289533376693726,0.6007350087165833,-0.12077760696411133,3.6519135220698806e-08,0.6515265795224039,-0.20104972277567426,8.21521209415022e-08,0.8641972207459728,True,False,False,Stim8hr,24
PFN4-3,PFN4,41,11,0.005739321932196617,0.054826583713293076,0.0,0.2620660066604614,-0.120863176882267,0.11357427627347524,1.0,-0.4611936451523834,0.14287304045202628,1.0,False,False,False,Stim8hr,24
SURF1-3,SURF1,77,10,0.5189950466156006,0.4368068277835846,0.4431832730770111,-0.1566057950258255,-0.12112757563591003,0.9089289990441346,0.626529175190087,,0.9579799507505229,0.8426505478552307,False,False,False,Stim8hr,24
ASB9-4,ASB9,67,11,0.005328873172402382,0.6371539831161499,0.0,1.0321247577667236,-0.12147402763366699,4.834637489058273e-08,1.0,-0.11769316327273105,1.0775529204719506e-07,1.0,True,False,False,Stim8hr,24
CNOT6L-4,CNOT6L,123,10,0.7839699387550354,1.0121463537216187,0.7083677053451538,0.3775300681591034,-0.12236009538173676,4.344693865762559e-05,0.6395463186078931,-0.3241068876404574,7.731675646067104e-05,0.8537819191581545,True,False,False,Stim8hr,24
THAP10-2,THAP10,31,15,0.005255714990198612,0.02353944443166256,0.0,0.17909125983715057,-0.1227220967411995,0.2217172762906972,1.0,-0.6852489443247644,0.26211577725959223,1.0,False,False,False,Stim8hr,24
ACSL3-3,ACSL3,139,10,0.6062695384025574,1.4848459959030151,0.5327210426330566,1.4034035205841064,-0.1231561228632927,2.9046529605695236e-30,0.6348193838351601,-0.08775531845041563,2.60610046369428e-29,0.8486698160708999,True,False,False,Stim8hr,24
PIM1-1,PIM1,16,18,0.8568888902664185,1.3039991855621338,0.7556326389312744,0.5535128712654114,-0.12342234700918198,0.02972381334691769,0.6803582361421296,-0.22298008486599497,0.04077402845424998,0.892822640211497,True,False,False,Stim8hr,24
KNSTRN-4,KNSTRN,135,10,0.5902733206748962,1.3616851568222046,0.5223612785339355,1.1409169435501099,-0.12343670427799225,1.2540680910173593e-23,0.6654215819911449,-0.10819078897531582,7.506937009232397e-23,0.8781156761549348,True,False,False,Stim8hr,24
DCAF1-2,DCAF1,33,10,0.6243611574172974,1.1760063171386719,0.5430195927619934,0.959855318069458,-0.12376557290554047,6.820930551073479e-06,0.6278292669458796,-0.12894190465545186,1.2891758768817763e-05,0.8440989291110262,True,False,False,Stim8hr,24
CENPL-3,CENPL,111,10,0.21790076792240143,0.5557811260223389,0.17198163270950317,0.7047736048698425,-0.12379158288240433,4.434901458683419e-09,0.6455134614168383,-0.17564730294527153,1.0527786335622334e-08,0.8599267034443404,True,False,False,Stim8hr,24
SYNE4-1,SYNE4,62,12,0.005790535360574722,0.016923410817980766,0.0,0.13018183410167694,-0.12398316711187363,0.195215811424502,1.0,-0.9523845471023098,0.2327781507180232,1.0,False,False,False,Stim8hr,24
SYNE4-3,SYNE4,100,12,0.005790535360574722,0.16019950807094574,0.0,0.5594961643218994,-0.12398316711187363,5.8086363049243235e-05,1.0,-0.2215978857730674,0.0001023792005065741,1.0,True,False,False,Stim8hr,24
FANCF-1,FANCF,206,24,0.3267011344432831,0.29942595958709717,0.27602243423461914,-0.06504866480827332,-0.12419257313013077,0.8367128722387178,0.7439258169875886,,0.8920946525926831,0.957121212435743,False,False,False,Stim8hr,24
TCAP-1,TCAP,50,11,0.00548415444791317,0.006070954259485006,0.0,0.01097733061760664,-0.12463700771331787,0.46174284063494725,1.0,-11.354036063504497,0.5198135559637092,1.0,False,False,False,Stim8hr,24
ST7L-2,ST7L,39,12,0.08562511205673218,0.08822350949048996,0.06048249825835228,0.010577298700809479,-0.12523551285266876,0.47393281563465317,0.7215990755360857,-11.840028006686103,0.5322968916814417,0.9339793647082395,False,False,False,Stim8hr,24
STOML2-3,STOML2,79,11,1.5016902685165405,1.620618462562561,1.4234412908554077,0.2270881086587906,-0.12525524199008942,0.01372178287351823,0.646101259327458,-0.5515711180557265,0.019508137636726104,0.8604066770339599,True,False,False,Stim8hr,24
NEMF-4,NEMF,210,11,0.8800347447395325,1.388021469116211,0.8038720488548279,0.7249934077262878,-0.1256120353937149,2.360085958601519e-17,0.6514586656973956,-0.17325955526638134,9.76091165979901e-17,0.8641972207459728,True,False,False,Stim8hr,24
PSMD6-2,PSMD6,317,33,1.0287420749664307,1.183990240097046,0.9488069415092468,0.260834276676178,-0.12575271725654602,5.38019406182123e-06,0.7440339409204347,-0.4821173001455871,1.0248872136484087e-05,0.957121212435743,True,False,False,Stim8hr,24
ELOC-2,ELOC,134,11,0.9027522802352905,1.0691018104553223,0.8205806612968445,0.2905389666557312,-0.12607234716415405,0.0005722102291452043,0.6421952678159986,-0.43392577806453464,0.0009312865976870812,0.8567134048959812,True,False,False,Stim8hr,24
KIAA1430-2,CFAP97,130,18,0.7176874279975891,0.8772417306900024,0.6407033205032349,0.2729112505912781,-0.12681235373020172,0.0015265257363411124,0.6905258323504755,-0.46466517395473944,0.0023957284993632636,0.9031729740017449,True,False,False,Stim8hr,24
CCDC23-2,SVBP,73,14,0.26533809304237366,0.2967890501022339,0.21605999767780304,0.07770951092243195,-0.12810905277729034,0.25073478727583276,0.6937029499709138,-1.6485633644659814,0.2935487200713428,0.9059338939191975,False,False,False,Stim8hr,24
MCM8-4,MCM8,15,13,0.3857821226119995,0.3519352972507477,0.3194640576839447,-0.06839185953140259,-0.12820909917354584,0.6011684085150222,0.665698594726037,,0.664015491496027,0.8781555930428573,False,False,False,Stim8hr,24
ALG2-2,ALG2,102,14,0.6547732353210449,0.699827253818512,0.5803219676017761,0.07417333126068115,-0.12825658917427063,0.24274170000021517,0.6754337423159327,-1.7291469453288355,0.2847943428097185,0.887900734598143,False,False,False,Stim8hr,24
RBSN-4,RBSN,152,12,0.005768742877990007,0.0018502817256376147,0.0,-0.08200698345899582,-0.12825971841812134,0.9808446802307538,1.0,,1.0,1.0,False,False,False,Stim8hr,24
VIPR1-1,VIPR1,74,15,0.00619702460244298,0.016574379056692123,0.0,0.12131161242723465,-0.12929318845272064,0.1880511138877322,1.0,-1.0657939983303206,0.22520707878719742,1.0,False,False,False,Stim8hr,24
LCOR-1,LCOR,194,16,0.6413947939872742,1.1414202451705933,0.5738096237182617,0.8165524005889893,-0.12939919531345367,3.792675528823196e-21,0.7091539635907571,-0.15847016703412597,1.9555035026612402e-20,0.9210234513393692,True,False,False,Stim8hr,24
LRRIQ3-3,LRRIQ3,35,10,0.006054237950593233,0.0,0.0,-0.12979289889335632,-0.12979289889335632,1.0,1.0,,1.0,1.0,False,False,False,Stim8hr,24
ZNF513-1,ZNF513,59,13,0.141145259141922,0.15863004326820374,0.09755130112171173,0.0583454892039299,-0.1309526413679123,0.32022223313413667,0.6685236380684225,-2.2444347138851635,0.3696416046357333,0.8809604178309318,False,False,False,Stim8hr,24
CDIPT-1,CDIPT,143,15,0.9932882189750671,1.3156377077102661,0.9129871129989624,0.4187086224555969,-0.1310679018497467,2.4329406836539355e-05,0.6825395704250263,-0.31302890559328317,4.421137981057222e-05,0.8953744902349807,True,False,False,Stim8hr,24
GPR137C-4,GPR137C,70,10,0.006066015921533108,0.092180535197258,0.0,0.41519349813461304,-0.13133147358894348,0.007036033221357242,1.0,-0.316313897445387,0.010302287189317855,1.0,True,False,False,Stim8hr,24
ING5-1,ING5,44,10,0.37791988253593445,0.5608245730400085,0.3119887709617615,0.3762844204902649,-0.13220609724521637,0.010434765673104515,0.6484861819374775,-0.3513461893345562,0.01497818814324245,0.8617620309513494,True,False,False,Stim8hr,24
AURKA-4,AURKA,269,41,0.3671306073665619,0.47017142176628113,0.2948499321937561,0.17317743599414825,-0.13242505490779877,0.004791824529987729,0.7962104863203645,-0.7646784591052236,0.007165500950294876,1.0,True,False,False,Stim8hr,24
INO80B-1,INO80B,48,10,0.5916427373886108,0.6150650382041931,0.517753541469574,0.04061444476246834,-0.1329573094844818,0.39587386004414254,0.6541012384713882,-3.2736458730896447,0.45117719327754174,0.8667872753674809,False,False,False,Stim8hr,24
LRP10-4,LRP10,45,10,0.2542262077331543,0.20655842125415802,0.19860728085041046,-0.11843891441822052,-0.13300500810146332,0.7821824984554054,0.6516897074477828,,0.8448881903706852,0.8641972207459728,False,False,False,Stim8hr,24
ELOVL5-2,ELOVL5,165,12,1.054352879524231,1.0498660802841187,0.9678246378898621,-0.007477388717234135,-0.13308066129684448,0.5371473128351228,0.6593530642541956,,0.5975686590142175,0.8734407317020552,False,False,False,Stim8hr,24
ADPRHL1-2,ADPRHL1,55,12,0.006471861153841019,0.14876888692378998,0.0,0.42210254073143005,-0.13309164345264435,0.014721886467625409,1.0,-0.3153064258320259,0.020845673735008223,1.0,True,False,False,Stim8hr,24
YPEL1-2,YPEL1,117,32,0.006319672334939241,0.07602721452713013,0.0,0.4775361716747284,-0.1331373155117035,9.286830966194071e-05,1.0,-0.27880048341634184,0.00016133052716205064,1.0,True,False,False,Stim8hr,24
SDF2L1-1,SDF2L1,150,17,1.2313326597213745,2.172767400741577,1.12433922290802,1.0564918518066406,-0.1335752010345459,2.2454428063981718e-20,0.6792053513489875,-0.12643277920802445,1.106130870362004e-19,0.8919286940284274,True,False,False,Stim8hr,24
RAB8A-4,RAB8A,131,12,1.2924309968948364,1.5149133205413818,1.1852160692214966,0.31404179334640503,-0.13427184522151947,0.0010052046022312774,0.6467862308793078,-0.42756043324911974,0.001600298969464121,0.860460172997036,True,False,False,Stim8hr,24
PSMB5-1,PSMB5,111,10,1.2910380363464355,1.3329881429672241,1.2051550149917603,0.0684652030467987,-0.1360439509153366,0.24496491336827664,0.6520969948950084,-1.9870524713458473,0.2871413519233482,0.8644342217640805,False,False,False,Stim8hr,24
ZNF221-3,ZNF221,146,11,0.006873624864965677,0.12298944592475891,0.0,0.5231078863143921,-0.13701844215393066,4.806997901995013e-06,1.0,-0.2619315168794482,9.220565916177934e-06,1.0,True,False,False,Stim8hr,24
RAD9A-1,RAD9A,73,12,0.14939522743225098,0.30760663747787476,0.10997182875871658,0.3629162609577179,-0.13733267784118652,0.00654867613968173,0.6960430112051663,-0.3784142310922427,0.009614172601423405,0.9083625494747892,True,False,False,Stim8hr,24
ODF2-1,ODF2,94,12,0.32187995314598083,0.4381088614463806,0.2556232213973999,0.23834283649921417,-0.13783150911331177,0.019737481891183663,0.6643136586661402,-0.5782909658112011,0.027593941602750263,0.8781156761549348,True,False,False,Stim8hr,24
CFL1-1,CFL1,45,10,2.520555019378662,3.1895947456359863,2.4354236125946045,0.909196674823761,-0.13788720965385437,4.4905535086801736e-06,0.6469583310504364,-0.15165828634446168,8.634992748914088e-06,0.860460172997036,True,False,False,Stim8hr,24
CCNB2-4,CCNB2,51,10,0.5072378516197205,0.5408075451850891,0.4199391305446625,0.04899575188755989,-0.13801708817481995,0.36692590491819443,0.6735050215302252,-2.816919485010755,0.42016656035494754,0.8859812144094997,False,False,False,Stim8hr,24
EARS2-3,EARS2,103,12,0.2667117714881897,0.3433290421962738,0.20575302839279175,0.1718224734067917,-0.1381744146347046,0.057802742867488446,0.6654361522633641,-0.8041696286583832,0.0761318823803058,0.8781156761549348,False,False,False,Stim8hr,24
JUNB-1,JUNB,127,12,1.5315098762512207,2.108658790588379,1.4114012718200684,0.6016719937324524,-0.13931137323379517,2.9860310583940573e-08,0.6637046183891961,-0.2315403985643102,6.756572324640035e-08,0.8777503616323628,True,False,False,Stim8hr,24
NSL1-3,NSL1,390,49,0.7118580937385559,1.2010056972503662,0.6382628679275513,0.8914098739624023,-0.13974487781524658,2.2333693756659517e-52,0.8470065998496397,-0.15676837546578568,6.397362500518693e-51,1.0,True,False,False,Stim8hr,24
SRCRB4D-1,SSC4D,342,42,0.007162020076066256,0.028345881029963493,0.0,0.17497515678405762,-0.13999037444591522,0.006054792257814332,1.0,-0.800058574136223,0.008916177327101303,1.0,True,False,False,Stim8hr,24
ZNF766-1,ZNF766,86,12,0.13431057333946228,0.20461323857307434,0.09652340412139893,0.2201167345046997,-0.14076346158981323,0.02826105895038523,0.7082981821895609,-0.6394945932055329,0.03885016529013142,0.9205442354092506,True,False,False,Stim8hr,24
BORA-4,BORA,39,19,0.40755540132522583,0.6630904078483582,0.33949601650238037,0.47356122732162476,-0.14119942486286163,0.0042180321816796314,0.7362140570375953,-0.29816508767294914,0.006329503471693883,0.9493220469540353,True,False,False,Stim8hr,24
HIP1-3,HIP1,22,12,0.007069094106554985,0.0,0.0,-0.1420753002166748,-0.1420753002166748,1.0,1.0,,1.0,1.0,False,False,False,Stim8hr,24
KIAA0391-4,PRORP,29,11,0.3764711618423462,0.47327426075935364,0.31074392795562744,0.20518316328525543,-0.14238108694553375,0.14784304586831393,0.6738790206961074,-0.6939218826039287,0.18371113700924485,0.8861649708875794,False,False,False,Stim8hr,24
SGSH-4,SGSH,146,11,0.08345295488834381,0.14101454615592957,0.05302952602505684,0.19332849979400635,-0.14325113594532013,0.022463089009401242,0.7105399764152405,-0.7409726765477196,0.031201424281377375,0.9221901821559504,True,False,False,Stim8hr,24
TRAM1-1,TRAM1,83,14,1.6956146955490112,1.9412542581558228,1.5910199880599976,0.4196822941303253,-0.14330556988716125,0.0002167999184346335,0.6703790174988026,-0.3414620342374037,0.00036577891997675724,0.8824829252281488,True,False,False,Stim8hr,24
BRWD3-2,BRWD3,37,12,0.16919414699077606,0.2018299549818039,0.12258068472146988,0.08720623701810837,-0.1435660868883133,0.3156848888703052,0.6910664453936604,-1.6462823279314507,0.364948719061725,0.9034266493186393,False,False,False,Stim8hr,24
DLG2-1,DLG2,27,11,0.007141727022826672,0.08637738227844238,0.0,0.3491658866405487,-0.14381060004234314,0.10003386997413179,1.0,-0.4118689870479529,0.12707982102167134,1.0,False,False,False,Stim8hr,24
DLG2-3,DLG2,32,10,0.007141727022826672,0.1907631903886795,0.0,0.4754517376422882,-0.14381060004234314,0.03220020031484322,1.0,-0.3024714995374373,0.04404604691103599,1.0,True,False,False,Stim8hr,24
ZNF8-4,ZNF8,68,10,0.10705278068780899,0.1313314437866211,0.07110460847616196,0.08230578154325485,-0.14387987554073334,0.264259087235025,0.6873198293177416,-1.7481138365124318,0.30816944823215975,0.8997727914433017,False,False,False,Stim8hr,24
COMMD9-1,COMMD9,132,12,0.3631969690322876,0.9064731001853943,0.30132174491882324,0.9595008492469788,-0.14403025805950165,1.3239881672818188e-16,0.6929456653784647,-0.15010956808692494,5.176807121212127e-16,0.9055703201317739,True,False,False,Stim8hr,24
PLIN3-4,PLIN3,111,18,0.41792991757392883,0.5302794575691223,0.3502098321914673,0.22277401387691498,-0.14505724608898163,0.012162089633479756,0.7377864292715801,-0.6511407841721042,0.017354538971463548,0.950701286373123,True,False,False,Stim8hr,24
FYN-4,FYN,89,11,1.6364623308181763,2.0814056396484375,1.5190339088439941,0.5636700987815857,-0.14508365094661713,9.599447128686756e-07,0.6697727139682542,-0.2573910719412403,1.9568298390422606e-06,0.8822989913716257,True,False,False,Stim8hr,24
ACOX3-4,ACOX3,62,10,0.12436196953058243,0.1839224398136139,0.08901192992925644,0.18337199091911316,-0.1453244388103485,0.09852817717695692,0.7134636203838494,-0.7925116484908117,0.12537297174836867,0.9249358617416736,False,False,False,Stim8hr,24
RPEL1-1,RPEL1,304,28,0.007124988827854395,0.00617465004324913,0.0,-0.014066771604120731,-0.14606943726539612,0.5985009129198215,1.0,,0.6614469935012718,1.0,False,False,False,Stim8hr,24
IL5-1,IL5,23,10,0.02556581050157547,1.344334363937378,0.0,0.9609503746032715,-0.14668242633342743,0.0016887379235097488,1.0,-0.15264308148481162,0.002644937039373106,1.0,True,False,False,Stim8hr,24
EBF4-2,EBF4,53,10,0.008772546425461769,0.05231998488306999,0.0,0.25495806336402893,-0.14691504836082458,0.08361329364167715,1.0,-0.5762322102010141,0.10792143074511533,1.0,False,False,False,Stim8hr,24
EBF4-4,EBF4,51,11,0.008772546425461769,0.0292100440710783,0.0,0.19917228817939758,-0.14691504836082458,0.11104871012215096,1.0,-0.7376279587072672,0.13996915320806969,1.0,False,False,False,Stim8hr,24
PAQR4-1,PAQR4,48,10,0.08239500969648361,0.0743553414940834,0.05202014371752739,-0.03564099222421646,-0.147185280919075,0.6044554139944325,0.7131470296726228,,0.6670745108209105,0.9249358617416736,False,False,False,Stim8hr,24
HIST3H2BB-3,H2BC26,51,12,0.013501784764230251,0.0033225107472389936,0.0,-0.10936850309371948,-0.14748239517211914,0.9980136545448219,1.0,,1.0,1.0,False,False,False,Stim8hr,24
HINFP-3,HINFP,63,11,0.11585764586925507,0.14825983345508575,0.08141829073429108,0.10963883250951767,-0.14756955206394196,0.20838041379016475,0.7278418921707637,-1.3459606298811286,0.24725592516924427,0.940184747039119,False,False,False,Stim8hr,24
AMER1-2,AMER1,118,12,0.15465782582759857,0.21707142889499664,0.11082843691110611,0.16676336526870728,-0.14809733629226685,0.05311512505500678,0.7136337505452681,-0.888068767703484,0.07031707928370806,0.9249358617416736,False,False,False,Stim8hr,24
HELZ-2,HELZ,57,10,0.6282215118408203,1.012354850769043,0.553187370300293,0.749566376209259,-0.14820177853107452,1.1493969135172507e-07,0.6837662658131707,-0.19771668425225697,2.497469125143533e-07,0.8966726828382149,True,False,False,Stim8hr,24
OAZ1-4,OAZ1,71,12,3.0943846702575684,3.102588176727295,3.006732940673828,0.01883186586201191,-0.14952239394187927,0.43895182283336504,0.6607691828179556,-7.93986082088124,0.4962722309320166,0.8747039024912525,False,False,False,Stim8hr,24
NICN1-2,NICN1,183,21,0.09414542466402054,0.11534567177295685,0.06040434539318085,0.07739557325839996,-0.14969168603420258,0.16368073533017025,0.7858316589533753,-1.9341117292901,0.1989793786613544,1.0,False,False,False,Stim8hr,24
SPESP1-4,SPESP1,29,12,0.008952336385846138,0.01575879193842411,0.0,0.08036507666110992,-0.1497853845357895,0.3346060338408299,1.0,-1.8638118789759492,0.385669607410578,1.0,False,False,False,Stim8hr,24
CCNB3-3,CCNB3,60,11,0.0085122250020504,0.0,0.0,-0.15035149455070496,-0.15035149455070496,1.0,1.0,,1.0,1.0,False,False,False,Stim8hr,24
SMYD2-2,SMYD2,71,10,0.2657059133052826,0.6207517981529236,0.1992802768945694,0.6921969652175903,-0.1508701592683792,2.1506297479659837e-06,0.6670853864866219,-0.21795842346831665,4.249609215832631e-06,0.8793715342253063,True,False,False,Stim8hr,24
CABIN1-2,CABIN1,173,10,0.4021729826927185,0.5246226787567139,0.3352147042751312,0.2609870135784149,-0.15113116800785065,0.0003605902996844729,0.6898883862141454,-0.5790754334312596,0.0005969189592807606,0.9028227946926982,True,False,False,Stim8hr,24
MRFAP1-2,MRFAP1,109,12,0.00804270338267088,0.05517693608999252,0.0,0.3520742654800415,-0.1512661874294281,0.002764005959218195,1.0,-0.42964284033421674,0.004256635222738653,1.0,True,False,False,Stim8hr,24
NSUN2-3,NSUN2,258,42,1.0579779148101807,1.2573060989379883,0.9592968225479126,0.32899826765060425,-0.15129399299621582,4.151679670956599e-07,0.8105577427644505,-0.45986258248900524,8.668760954421797e-07,1.0,True,False,False,Stim8hr,24
TMEM161A-4,TMEM161A,97,10,0.3324604630470276,0.5022676587104797,0.25622743368148804,0.32886624336242676,-0.15198715031147003,0.0024067725899786603,0.6635525757568792,-0.46215491367404565,0.0037317520470920122,0.8777503616323628,True,False,False,Stim8hr,24
C17orf100-1,C17orf100,85,13,0.009551333263516426,0.004856150131672621,0.0,-0.06675024330615997,-0.15206098556518555,0.8308799510472527,1.0,,0.8920946525926831,1.0,False,False,False,Stim8hr,24
SNX12-1,SNX12,525,35,0.7750185132026672,0.8045762777328491,0.6949203014373779,0.05576067045331001,-0.15321752429008484,0.08991166591035844,0.8322482057734069,-2.74777048131762,0.11501436059389882,1.0,False,False,False,Stim8hr,24
RBM44-3,RBM44,123,10,0.00908505916595459,0.01868371292948723,0.0,0.10261227935552597,-0.15479923784732819,0.15195210640985304,1.0,-1.5085839513513526,0.1885747097198016,1.0,False,False,False,Stim8hr,24
HIST1H2AE-2,H2AC8,57,12,0.010378608480095863,0.0232127383351326,0.0,0.10741201788187027,-0.15483161807060242,0.24574623314852423,1.0,-1.4414738790298431,0.28796990411677065,1.0,False,False,False,Stim8hr,24
ADGRF2-4,PDE9A,57,10,0.008953063748776913,0.024004090577363968,0.0,0.1616610884666443,-0.1551092565059662,0.13812899034463588,1.0,-0.959471805968757,0.1721381906744141,1.0,False,False,False,Stim8hr,24
ZNF419-2,ZNF419,104,12,0.009035894647240639,0.018965788185596466,0.0,0.09487500041723251,-0.15608187019824982,0.20683327683682962,1.0,-1.6451316944595245,0.24557085708566784,1.0,False,False,False,Stim8hr,24
MUC22-3,CAPRIN2,80,10,0.09933502227067947,0.07783257961273193,0.06256046891212463,-0.0866447314620018,-0.15639036893844604,0.7995444647204093,0.7144139374475944,,0.8619566336977481,0.925629842900583,False,False,False,Stim8hr,24
C1QTNF12-2,C1QTNF12,80,10,0.008957967162132263,0.016034424304962158,0.0,0.06775648891925812,-0.1566738784313202,0.3050815077218217,1.0,-2.3123081040698596,0.35332440561853384,1.0,False,False,False,Stim8hr,24
SCRN3-4,SCRN3,95,13,0.29087868332862854,0.4317131042480469,0.22322629392147064,0.29466500878334045,-0.15733301639556885,0.005883566808283566,0.7031533455197905,-0.5339385801021652,0.008680561941103605,0.9157458514999475,True,False,False,Stim8hr,24
PROS1-4,PROS1,47,11,0.008655963465571404,0.3341207802295685,0.0,0.9045882821083069,-0.15843576192855835,2.8296379565116535e-05,1.0,-0.17514682100379977,5.115572687157814e-05,1.0,True,False,False,Stim8hr,24
COX17-2,COX17,62,12,0.6949074864387512,0.6750597357749939,0.5955817699432373,-0.03622334823012352,-0.15875810384750366,0.6115156528152017,0.6847293775028764,,0.6739045395942961,0.8975506216774186,False,False,False,Stim8hr,24
TAF1C-1,TAF1C,51,13,0.13760873675346375,0.19560402631759644,0.09458264708518982,0.1705353856086731,-0.15904678404331207,0.13710348118998936,0.7390006023102318,-0.9326321541751817,0.17091526813723046,0.9519415115590247,False,False,False,Stim8hr,24
LYSMD1-1,LYSMD1,67,11,0.008896930143237114,0.02099490910768509,0.0,0.11688768863677979,-0.1595313400030136,0.2124751497757139,1.0,-1.3648258585961601,0.25166457171974543,1.0,False,False,False,Stim8hr,24
TMEM27-1,CLTRN,153,11,0.00941319391131401,0.43311864137649536,0.0,0.6566889882087708,-0.15967129170894623,2.1757037384722473e-08,1.0,-0.2431459862673751,4.97837062524981e-08,1.0,True,False,False,Stim8hr,24
UBFD1-1,UBFD1,55,12,0.08759082853794098,0.16688361763954163,0.05294397100806236,0.3061968982219696,-0.16209277510643005,0.019010743991444524,0.7368090597714061,-0.5293743210583571,0.026626058317608104,0.9497654615049277,True,False,False,Stim8hr,24
DVL1-2,DVL1,193,18,0.34590384364128113,0.31664666533470154,0.2764894664287567,-0.06707886606454849,-0.16258414089679718,0.830221832957212,0.7618469686622398,,0.8920946525926831,0.9750901170345044,False,False,False,Stim8hr,24
SF3B14-1,SF3B6,72,22,0.8894428610801697,2.2835512161254883,0.7623024582862854,2.1936709880828857,-0.16301792860031128,6.416817632461446e-27,0.7319990737119595,-0.07431284339625492,4.73546446273443e-26,0.94420890067484,True,False,False,Stim8hr,24
ZNF709-3,ZNF709,84,13,0.0098399817943573,0.044369909912347794,0.0,0.21365360915660858,-0.16351357102394104,0.06978619622897082,1.0,-0.7653208933348054,0.09095491095970008,1.0,False,False,False,Stim8hr,24
ZNF709-4,ZNF709,129,12,0.0098399817943573,0.0340687558054924,0.0,0.20849643647670746,-0.16351357102394104,0.026302163546374498,1.0,-0.7842511545381172,0.03631219794138885,1.0,True,False,False,Stim8hr,24
STARD3NL-2,STARD3NL,25,10,0.5390570759773254,0.4419287145137787,0.4557948112487793,-0.20184700191020966,-0.1635630577802658,0.8571098853092568,0.6933705464667925,,0.9070727768174318,0.9058125757296751,False,False,False,Stim8hr,24
PSMD1-4,PSMD1,107,12,1.2335575819015503,1.295748233795166,1.1325842142105103,0.10505826026201248,-0.1648738980293274,0.14513251077285527,0.7010322882423374,-1.5693568275177632,0.18045897722142487,0.9139276505110376,False,False,False,Stim8hr,24
MZF1-4,MZF1,77,12,0.00965756457298994,0.005416992120444775,0.0,-0.06289101392030716,-0.16522040963172913,0.7813069186521211,1.0,,0.8441782214103806,1.0,False,False,False,Stim8hr,24
CPSF1-1,CPSF1,187,11,0.21848857402801514,0.27187421917915344,0.16478757560253143,0.14233452081680298,-0.16527584195137024,0.031003973045510006,0.727958432719684,-1.1611788974516923,0.04248489148369496,0.940184747039119,True,False,False,Stim8hr,24
C1QTNF3-2,C1QTNF3,70,12,0.009839690290391445,0.0065825339406728745,0.0,-0.04585501179099083,-0.16563747823238373,0.6885225464882747,1.0,,0.7497934912053389,1.0,False,False,False,Stim8hr,24
LOC730098-1,ENSG00000187186,69,11,0.00986967608332634,0.02433287352323532,0.0,0.1371743083000183,-0.16756051778793335,0.16747193763227503,1.0,-1.2215153104432384,0.2028865860977467,1.0,False,False,False,Stim8hr,24
TATDN1-2,TATDN1,34,11,0.2402811199426651,0.34759435057640076,0.1848193258047104,0.2779409885406494,-0.16800068318843842,0.05799332198815912,0.7486320510511563,-0.6044473111739976,0.0763568866626528,0.9614011602972743,False,False,False,Stim8hr,24
FAM71F2-3,GARIN1A,103,13,0.011184103786945343,0.032359298318624496,0.0,0.17541658878326416,-0.1710544228553772,0.06876519662104635,1.0,-0.9751325347383386,0.08968465947169857,1.0,False,False,False,Stim8hr,24
KTI12-3,KTI12,63,11,0.3131008744239807,0.7549160718917847,0.2394004464149475,0.7556511163711548,-0.17129500210285187,2.7344770266431705e-06,0.7097265384924358,-0.22668530276969318,5.356749068910406e-06,0.9214506586262934,True,False,False,Stim8hr,24
NANS-4,NANS,37,10,0.6287773847579956,0.8466619253158569,0.528222918510437,0.40399110317230225,-0.17145119607448578,0.009842312154473789,0.6862354209214294,-0.4243934946294147,0.014180410246404672,0.8986642527440603,True,False,False,Stim8hr,24
SYF2-4,SYF2,87,10,0.6353617310523987,0.6164522171020508,0.5271822214126587,-0.035407718271017075,-0.17314057052135468,0.6283597825823388,0.6802899438273051,,0.6908920327682412,0.892822640211497,False,False,False,Stim8hr,24
BAP1-1,BAP1,81,10,0.3957480788230896,0.5538187623023987,0.31757304072380066,0.31741493940353394,-0.17340080440044403,0.004820061721648598,0.7040161229429788,-0.5462906211228994,0.007196043955789216,0.9162384642017708,True,False,False,Stim8hr,24
ANAPC5-1,ANAPC5,150,12,1.22615647315979,1.3186049461364746,1.1070560216903687,0.1630057990550995,-0.17355413734912872,0.023537722598165115,0.6950374873566865,-1.0647114296250508,0.03263548701581374,0.9073634025484943,True,False,False,Stim8hr,24
CCDC157-3,CCDC157,81,21,0.01064628828316927,0.00794423557817936,0.0,-0.03794838488101959,-0.17402169108390808,0.6804561471338173,1.0,,0.7423856080846633,1.0,False,False,False,Stim8hr,24
UBA1-3,UBA1,85,18,0.7554394602775574,0.760273277759552,0.6510979533195496,0.008653855882585049,-0.1743692308664322,0.4688614328005677,0.7493656094014849,-20.149310692512394,0.5269070504620155,0.9620165426871744,False,False,False,Stim8hr,24
APOPT1-4,COA8,116,12,0.3831551671028137,0.5533518195152283,0.2957180440425873,0.3424175977706909,-0.17437744140625,0.00046799376100080837,0.704501661707905,-0.5092537373707835,0.0007681374676528548,0.9165549654555544,True,False,False,Stim8hr,24
UBA52-3,UBA52,69,10,1.8409913778305054,1.8672198057174683,1.7009632587432861,0.04640420526266098,-0.17461331188678741,0.35666315070164745,0.6661630515718482,-3.762876896574922,0.40950605812448654,0.8784618762359587,False,False,False,Stim8hr,24
ADAMTS14-3,ADAMTS14,117,16,0.011569617316126823,0.2759318947792053,0.0,0.6298426985740662,-0.17550313472747803,1.723147940268016e-06,1.0,-0.27864597799547214,3.425919323915896e-06,1.0,True,False,False,Stim8hr,24
PPM1G-3,PPM1G,20,11,1.3600589036941528,2.4040093421936035,1.2378411293029785,1.700137972831726,-0.17576511204242706,3.226504403392651e-07,0.690633590907733,-0.10338285177506808,6.784607138618478e-07,0.9031729740017449,True,False,False,Stim8hr,24
TCP10L-1,TCP10L,74,10,0.01142897643148899,0.04598621651530266,0.0,0.2388003021478653,-0.17583417892456055,0.05418835988953575,1.0,-0.7363231006955926,0.07159083966273821,1.0,False,False,False,Stim8hr,24
VPS8-3,VPS8,32,11,0.18994362652301788,0.2900379002094269,0.129521906375885,0.27101606130599976,-0.17695391178131104,0.07487339258103948,0.7228591641246602,-0.6529277671905773,0.09738829771640754,0.9352902356207544,False,False,False,Stim8hr,24
FAAH2-4,FAAH2,101,11,0.012152217328548431,0.25946521759033203,0.0,0.7452968955039978,-0.17699973285198212,2.1290123783561451e-07,1.0,-0.2374888905612417,4.533530213162563e-07,1.0,True,False,False,Stim8hr,24
CCT6A-4,CCT6A,117,12,1.8104469776153564,1.9562753438949585,1.6616545915603638,0.2432660460472107,-0.17735549807548523,0.006037028751383512,0.6858889576947922,-0.7290598131441073,0.008893405783466682,0.8985216619333926,True,False,False,Stim8hr,24
PKIA-4,PKIA,94,14,0.26249754428863525,0.3155886232852936,0.1851384937763214,0.10828781127929688,-0.17749552428722382,0.1571906645626783,0.7605096814757024,-1.639108983645683,0.194451791383198,0.974008674345109,False,False,False,Stim8hr,24
ATP8A1-1,ATP8A1,284,28,0.3395458459854126,0.7178282141685486,0.2578783929347992,0.6282213926315308,-0.17784741520881653,1.253734700171726e-17,0.8332118981087429,-0.2830967192375268,5.269774006047896e-17,1.0,True,False,False,Stim8hr,24
C9orf43-3,C9orf43,116,12,0.011044972576200962,0.023726077750325203,0.0,0.11178159713745117,-0.17789886891841888,0.15574817441793434,1.0,-1.5914861969601959,0.19285244651749986,1.0,False,False,False,Stim8hr,24
CCDC30-2,CCDC30,274,23,0.012831193394958973,0.18711116909980774,0.0,0.7119093537330627,-0.1788436770439148,1.4509002967926262e-16,1.0,-0.25121692264065115,5.667304492623319e-16,1.0,True,False,False,Stim8hr,24
HYAL2-1,HYAL2,185,14,0.4542686939239502,0.5555703043937683,0.3699667751789093,0.19332660734653473,-0.180027574300766,0.0061145140204444,0.7618697239124698,-0.9312095048462189,0.008997270059763507,0.9750901170345044,True,False,False,Stim8hr,24
ZNF445-4,ZNF445,191,19,0.125072181224823,0.6179473400115967,0.07753659784793854,1.1136730909347534,-0.18052183091640472,4.7541001082401106e-26,0.8015125757948804,-0.1620958900649068,3.2828759140293763e-25,1.0,True,False,False,Stim8hr,24
ZNF165-4,ZNF165,42,12,0.011959337629377842,0.029418298974633217,0.0,0.16771821677684784,-0.18058519065380096,0.16258077095407086,1.0,-1.07671780754784,0.19795335052877583,1.0,False,False,False,Stim8hr,24
TTC7A-4,TTC7A,30,10,0.6025843620300293,1.0382834672927856,0.5141936540603638,0.6217894554138184,-0.18060380220413208,0.003537952642751623,0.7396491906259515,-0.2904581295672426,0.005375741795489402,0.9524525839112524,True,False,False,Stim8hr,24
C2orf43-3,LDAH,96,18,0.328948438167572,0.1885119080543518,0.25500497221946716,-0.35081493854522705,-0.1810336410999298,0.999875379674858,0.7904578418670104,,1.0,1.0,False,False,False,Stim8hr,24
OR2AG2-2,OR2AG2,69,11,0.012175953947007656,0.014730498194694519,0.0,0.027235057204961777,-0.18108265101909637,0.4096814398918203,1.0,-6.648880876450155,0.46526817270533605,1.0,False,False,False,Stim8hr,24
TPD52L2-2,TPD52L2,92,10,0.8401633501052856,0.8080071806907654,0.7278396487236023,-0.05535005033016205,-0.18118137121200562,0.6997288249585258,0.6978497571830806,,0.7613537890024252,0.9104062717027979,False,False,False,Stim8hr,24
GATM-1,GATM,67,10,0.015453913249075413,0.6883254647254944,0.0,1.1848443746566772,-0.18207868933677673,1.0539798326744798e-09,1.0,-0.1536730841884076,2.6093085870372687e-09,1.0,True,False,False,Stim8hr,24
PBX4-3,PBX4,64,14,0.08161447197198868,0.08516866713762283,0.04360584169626236,0.01481837872415781,-0.18434874713420868,0.4526841455806886,0.8003200490643341,-12.440547685130513,0.5102097321365557,1.0,False,False,False,Stim8hr,24
ZNF182-3,ZNF182,182,16,0.1278839260339737,0.3972580134868622,0.07957448810338974,0.6061899065971375,-0.18574826419353485,3.349692476027761e-10,0.7982563806221463,-0.30641926263048075,8.538734874620534e-10,1.0,True,False,False,Stim8hr,24
PREB-4,PREB,35,11,0.8922802805900574,1.5050909519195557,0.7842193841934204,0.7793642282485962,-0.1857810914516449,0.00026160666065430394,0.7250999237929517,-0.23837518417946396,0.0004386959916522955,0.9375480040290405,True,False,False,Stim8hr,24
LRRC56-3,LRRC56,29,11,0.013020484708249569,0.0,0.0,-0.18712206184864044,-0.18712206184864044,1.0,1.0,,1.0,1.0,False,False,False,Stim8hr,24
AMDHD1-2,AMDHD1,46,10,0.013012542389333248,0.31833359599113464,0.0,0.8074465394020081,-0.18860101699829102,0.00014117630918531244,1.0,-0.23357709494670476,0.00024134782830221183,1.0,True,False,False,Stim8hr,24
CEACAM19-4,CEACAM19,220,26,0.013652484863996506,0.18875549733638763,0.0,0.5675034523010254,-0.18999335169792175,2.138841302189927e-09,1.0,-0.3347880104122117,5.195384779804768e-09,1.0,True,False,False,Stim8hr,24
GFM1-4,GFM1,123,16,1.105674386024475,1.1192628145217896,0.9875984191894531,0.022059015929698944,-0.19024740159511566,0.4074995573441978,0.7603847164817399,-8.624473648390538,0.4629262010135173,0.974008674345109,False,False,False,Stim8hr,24
DHX15-1,DHX15,306,27,1.521059513092041,1.6849735975265503,1.414729356765747,0.28399187326431274,-0.19045518338680267,4.566800917537081e-07,0.8460119765466176,-0.6706360333400985,9.525253046448702e-07,1.0,True,False,False,Stim8hr,24
SIMC1-1,SIMC1,133,10,0.30195945501327515,1.5534940958023071,0.22412076592445374,1.8305315971374512,-0.19118911027908325,1.955127121181072e-34,0.7281335600416656,-0.10444458351773932,2.2704133866688304e-33,0.940184747039119,True,False,False,Stim8hr,24
SUPT7L-4,SUPT7L,120,10,0.2374095916748047,0.29708823561668396,0.17363734543323517,0.15438388288021088,-0.19139133393764496,0.05082199393038115,0.7532097886843845,-1.2397105861506852,0.06746606609295706,0.9662955972877687,False,False,False,Stim8hr,24
TOX2-2,TOX2,30,10,0.015596585348248482,0.1138143390417099,0.0,0.4190395772457123,-0.19177956879138947,0.04709787109617581,1.0,-0.45766457204813293,0.06275929273911504,1.0,False,False,False,Stim8hr,24
RAB1A-3,RAB1A,298,24,0.5867745280265808,1.1349338293075562,0.48375406861305237,0.8877559304237366,-0.19228364527225494,1.474107355256519e-32,0.8124446168452855,-0.21659516842706492,1.5406413899397187e-31,1.0,True,False,False,Stim8hr,24
XPO6-1,XPO6,101,10,0.8003120422363281,1.090614676475525,0.6763826608657837,0.4734830856323242,-0.19266550242900848,1.3547764343244214e-05,0.7009048970016538,-0.40691105611873923,2.513877385572235e-05,0.9139276505110376,True,False,False,Stim8hr,24
SPCS2-4,SPCS2,99,10,0.5104045867919922,0.5569356083869934,0.40504464507102966,0.0930774062871933,-0.19364771246910095,0.17999610283762613,0.7077594690520068,-2.0805018123474,0.21663396503986934,0.9204767235057392,False,False,False,Stim8hr,24
SCARB1-4,SCARB1,208,13,0.3315899670124054,1.5820969343185425,0.22723855078220367,1.5141528844833374,-0.19372519850730896,1.2802797921633295e-40,0.7240200180473473,-0.12794295773733066,2.1432216261019894e-39,0.9364718564483814,True,False,False,Stim8hr,24
LY6G5C-3,LY6G5C,115,12,0.013463636860251427,0.07384969294071198,0.0,0.31531012058258057,-0.19535985589027405,0.005853349520475842,1.0,-0.6195800360905599,0.008642574492432257,1.0,True,False,False,Stim8hr,24
NAT9-4,NAT9,96,15,0.26780223846435547,0.26206541061401367,0.17697475850582123,-0.014497886411845684,-0.19598975777626038,0.5576022176160551,0.746934025603303,,0.6189000503792437,0.9596582601797966,False,False,False,Stim8hr,24
NDUFAF5-1,NDUFAF5,52,11,0.2413450926542282,0.5394742488861084,0.17594213783740997,0.610145628452301,-0.199219211935997,0.00023525515568290837,0.786233938145044,-0.32651092238641066,0.0003955355160981768,1.0,True,False,False,Stim8hr,24
SLC31A1-3,SLC31A1,72,10,0.3703652024269104,0.4747178256511688,0.268216609954834,0.21721453964710236,-0.19941455125808716,0.0425622142872521,0.7090006456365792,-0.9180534212031388,0.057287881186496296,0.9210234513393692,False,False,False,Stim8hr,24
TMEM194A-2,NEMP1,87,12,0.42432454228401184,0.4580111801624298,0.33050838112831116,0.06624789535999298,-0.19959399104118347,0.2718410660237347,0.7642854719427511,-3.012835199617798,0.3166293380463199,0.9778510334531408,False,False,False,Stim8hr,24
PPTC7-4,PPTC7,77,10,0.9427825808525085,0.9838739633560181,0.8083773851394653,0.07150138914585114,-0.19992674887180328,0.2620076863700532,0.7080091242590734,-2.796123981087772,0.3058460149709719,0.9204848772594759,False,False,False,Stim8hr,24
TMEM242-4,TMEM242,20,10,0.28558775782585144,0.33553755283355713,0.20924773812294006,0.11961004883050919,-0.2001647800207138,0.30043318502128447,0.7496921524784714,-1.6734779558894166,0.3485204252240995,0.9621091688746451,False,False,False,Stim8hr,24
ARRDC4-2,ARRDC4,95,10,0.016740692779421806,0.012411205098032951,0.0,-0.041616298258304596,-0.20135042071342468,0.6824962767354856,1.0,,0.7442789346125558,1.0,False,False,False,Stim8hr,24
TESMIN-2,TESMIN,43,11,0.014646369032561779,0.025965368375182152,0.0,0.08047740161418915,-0.20143826305866241,0.3325894015320036,1.0,-2.5030413385407613,0.3835738788321676,1.0,False,False,False,Stim8hr,24
PQLC3-1,SLC66A3,51,11,0.24090825021266937,1.455945611000061,0.16324500739574432,1.748854637145996,-0.2015390545129776,2.5856260429793903e-13,0.7470211311394293,-0.11524059817908863,8.063399925968793e-13,0.9596582601797966,True,False,False,Stim8hr,24
VEZT-3,VEZT,110,11,0.44418710470199585,0.5800190567970276,0.3517337441444397,0.27433836460113525,-0.20177385210990906,0.0028417373113339603,0.7544426091058792,-0.735492654858066,0.004371120995596032,0.9675489819052001,True,False,False,Stim8hr,24
ZNF398-4,ZNF398,162,16,0.3558701276779175,0.5890787243843079,0.26944008469581604,0.42327767610549927,-0.20315837860107422,3.0069867032790583e-06,0.8021851492440764,-0.4799647845128461,5.857943366035324e-06,1.0,True,False,False,Stim8hr,24
ZNF547-4,ZNF547,39,10,0.014911090023815632,0.0,0.0,-0.20380301773548126,-0.20380301773548126,1.0,1.0,,1.0,1.0,False,False,False,Stim8hr,24
YJEFN3-4,YJEFN3,87,12,0.015939250588417053,0.03434664011001587,0.0,0.13259916007518768,-0.20508244633674622,0.14719004555607357,1.0,-1.5466345806448423,0.1829585040711464,1.0,False,False,False,Stim8hr,24
SCML4-4,SCML4,157,15,0.01669223979115486,0.22183528542518616,0.0,0.7054763436317444,-0.20515209436416626,4.880407516649404e-10,1.0,-0.2907993956367937,1.2318887641568698e-09,1.0,True,False,False,Stim8hr,24
LYG1-3,LYG1,73,11,0.01588437519967556,0.017976971343159676,0.0,0.015703927725553513,-0.20574282109737396,0.45384783170134835,1.0,-13.101360671864796,0.511372250929229,1.0,False,False,False,Stim8hr,24
PAK6-1,PAK6,76,10,0.015022392384707928,0.547733724117279,0.0,1.2397297620773315,-0.20642535388469696,1.749726590372686e-11,1.0,-0.16650834738274245,4.8399089592068495e-11,1.0,True,False,False,Stim8hr,24
PCGF2-3,PCGF2,90,12,0.0175262913107872,0.2315533310174942,0.0,0.6456685662269592,-0.20669324696063995,1.1046885851048505e-05,1.0,-0.3201228273640088,2.066681547460308e-05,1.0,True,False,False,Stim8hr,24
RAD9B-3,RAD9B,113,11,0.014526041224598885,0.012876588851213455,0.0,-0.017676301300525665,-0.20834866166114807,0.5789106767677008,1.0,,0.6408953870772113,1.0,False,False,False,Stim8hr,24
C19orf54-3,ACTMAP,30,12,0.09414289891719818,0.11751068383455276,0.04953254386782646,0.08831428736448288,-0.20861808955669403,0.32514097894324034,0.8064030130789126,-2.3622235516174634,0.3750955147892334,1.0,False,False,False,Stim8hr,24
GCK-2,GCK,148,16,0.01722680777311325,0.057702742516994476,0.0,0.2313811182975769,-0.2090943604707718,0.012797237624146876,1.0,-0.9036794445856972,0.018227225743121904,1.0,True,False,False,Stim8hr,24
ECH1-1,ECH1,57,20,0.5590133666992188,0.7209234237670898,0.4529031217098236,0.2888173460960388,-0.20926433801651,0.020954663178155742,0.8325045124014252,-0.7245559896077866,0.029211132844242343,1.0,True,False,False,Stim8hr,24
SF1-2,SF1,64,10,0.6914249062538147,0.8200808763504028,0.5539366006851196,0.2426399141550064,-0.2099461555480957,0.02574028318641265,0.7116024065619966,-0.8652581183076712,0.0355872989209359,0.9232522475531634,True,False,False,Stim8hr,24
TIMM17B-3,TIMM17B,152,11,0.27188822627067566,0.27102530002593994,0.19429120421409607,-0.0021336900535970926,-0.21095575392246246,0.5103124972796669,0.770422480866166,,0.5693532680266797,0.9850364511953482,False,False,False,Stim8hr,24
NDUFB3-3,NDUFB3,65,10,0.710486650466919,0.8011314272880554,0.5737950205802917,0.16504479944705963,-0.2114422470331192,0.09572989270529499,0.7148211727958194,-1.2811203245512877,0.12197281551610402,0.9258402998334893,False,False,False,Stim8hr,24
ARMC2-3,ARMC2,84,10,0.016491390764713287,0.26195228099823,0.0,0.7526300549507141,-0.21157380938529968,1.435872243473536e-06,1.0,-0.28111262365034645,2.8724873075593194e-06,1.0,True,False,False,Stim8hr,24
BICRA-1,BICRA,66,12,0.18281687796115875,0.3850488066673279,0.11695756763219833,0.49466830492019653,-0.21241532266139984,0.0004107108691259299,0.7856922188676772,-0.429409607505919,0.0006772788617952968,1.0,True,False,False,Stim8hr,24
HDHD3-4,HDHD3,14,29,0.17614632844924927,0.12243245542049408,0.11737415194511414,-0.1779485046863556,-0.2125118523836136,0.7699958637625897,0.9365953335630544,,0.8333540456674878,1.0,False,False,False,Stim8hr,24
ARVCF-1,ARVCF,43,13,0.016652418300509453,0.012217122130095959,0.0,-0.045934513211250305,-0.2129647582769394,0.6406754067922709,1.0,,0.702436007390335,1.0,False,False,False,Stim8hr,24
SERHL2-4,SERHL2,37,11,0.016443243250250816,0.022154390811920166,0.0,0.04691922292113304,-0.21710461378097534,0.39904547561783466,1.0,-4.627199690538535,0.45425635979221857,1.0,False,False,False,Stim8hr,24
MEIG1-3,MEIG1,55,11,0.017630619928240776,0.1245679259300232,0.0,0.40059417486190796,-0.2172888219356537,0.015869106943747914,1.0,-0.5424163294699856,0.02239629071221649,1.0,True,False,False,Stim8hr,24
NTMT1-2,NTMT1,52,10,0.37590885162353516,0.4709458649158478,0.2744992673397064,0.20497405529022217,-0.21758876740932465,0.07670636448024626,0.7406845123393768,-1.06154296991998,0.09970538199835707,0.9534611387568153,False,False,False,Stim8hr,24
ZNF320-4,ZNF320,16,10,0.01762152835726738,0.0,0.0,-0.21781592071056366,-0.21781592071056366,1.0,1.0,,1.0,1.0,False,False,False,Stim8hr,24
TOMM40L-3,TOMM40L,88,12,0.585777223110199,0.6195302605628967,0.45437943935394287,0.06523068994283676,-0.21787717938423157,0.2635272263828581,0.7466057284034409,-3.3401023287529634,0.30750144370021487,0.9596582601797966,False,False,False,Stim8hr,24
TOMM5-1,TOMM5,94,10,1.4868032932281494,2.009932041168213,1.3409677743911743,0.8707290291786194,-0.21827486157417297,5.308081375345033e-13,0.7253632413625744,-0.25068058403896004,1.6175217240708623e-12,0.9375679353497116,True,False,False,Stim8hr,24
FMO4-3,FMO4,96,15,0.017690926790237427,0.04657841846346855,0.0,0.1904744803905487,-0.21876488626003265,0.061134501290046446,1.0,-1.1485259642734151,0.08016518022672418,1.0,False,False,False,Stim8hr,24
SLC25A11-4,SLC25A11,92,10,1.2439329624176025,1.6192227602005005,1.078979253768921,0.5640867948532104,-0.21974611282348633,1.6348528165584018e-06,0.7168107688821932,-0.38956081728640674,3.2570715309795673e-06,0.9280993933284678,True,False,False,Stim8hr,24
PLEKHG1-3,PLEKHG1,106,12,0.019643891602754593,0.7463968396186829,0.0,1.3771003484725952,-0.22007302939891815,1.2596954692514111e-17,1.0,-0.15980899986192812,5.2890796738275866e-17,1.0,True,False,False,Stim8hr,24
RPA4-3,RPA4,42,13,0.017775772139430046,0.0,0.0,-0.22038279473781586,-0.22038279473781586,1.0,1.0,,1.0,1.0,False,False,False,Stim8hr,24
ZNF425-4,ZNF425,73,10,0.01885368488729,0.06877531111240387,0.0,0.2654404044151306,-0.22142942249774933,0.038171439682792255,1.0,-0.8341963725742705,0.051756296372145044,1.0,False,False,False,Stim8hr,24
PSMD12-1,PSMD12,19,13,0.8466501235961914,0.7699152231216431,0.7249392867088318,-0.13176241517066956,-0.22212950885295868,0.7086865793630195,0.788725630234404,,0.7706667610789641,1.0,False,False,False,Stim8hr,24
YWHAB-1,YWHAB,113,17,0.2617628872394562,0.515232264995575,0.18002787232398987,0.5396150946617126,-0.22275061905384064,1.3399052996819705e-06,0.8231669343842147,-0.41279538185173287,2.688849918977779e-06,1.0,True,False,False,Stim8hr,24
PRR22-3,PRR22,106,11,0.114019013941288,0.14918775856494904,0.059548307210206985,0.12280289083719254,-0.224265456199646,0.10883998883386024,0.809020932293346,-1.8262229388147606,0.13740915338574522,1.0,False,False,False,Stim8hr,24
TENC1-1,TNS2,74,10,0.019362589344382286,0.11895545572042465,0.0,0.379990816116333,-0.22491373121738434,0.008407415185928413,1.0,-0.5918925449727914,0.012217765698603974,1.0,True,False,False,Stim8hr,24
LYPLA1-1,LYPLA1,106,17,0.28515979647636414,0.6934345364570618,0.19505514204502106,0.8442018032073975,-0.22519628703594208,6.307753308620027e-12,0.8183218821069252,-0.2667564629456465,1.800153656415767e-11,1.0,True,False,False,Stim8hr,24
KMT2B-4,KMT2B,62,10,0.5505656599998474,0.5591756701469421,0.4354884624481201,0.0163397379219532,-0.22542192041873932,0.44956670935745624,0.7577069527822313,-13.795932437562199,0.5072875591144684,0.9714059984482708,False,False,False,Stim8hr,24
SLAMF8-4,SLAMF8,102,11,0.019641265273094177,0.026136543601751328,0.0,0.052368104457855225,-0.22799597680568695,0.302359190327798,1.0,-4.353718339932915,0.35027650958585826,1.0,False,False,False,Stim8hr,24
IQCH-3,IQCH,82,11,0.018690863624215126,0.024875033646821976,0.0,0.05697005242109299,-0.2279983013868332,0.28993801198891345,1.0,-4.002072873333315,0.336997382735536,1.0,False,False,False,Stim8hr,24
IQCH-1,IQCH,75,10,0.018690863624215126,0.07446366548538208,0.0,0.3175349235534668,-0.2279983013868332,0.015532507329069505,1.0,-0.7180259066793409,0.021945270676474893,1.0,True,False,False,Stim8hr,24
C7orf76-2,SEM1,74,13,0.8960027694702148,0.8164359927177429,0.738234281539917,-0.14869174361228943,-0.23052361607551575,0.9111590376629752,0.7586638494692628,,0.9598071366501567,0.9723031781405462,False,False,False,Stim8hr,24
BRI3-3,BRI3,64,13,0.8418834209442139,0.9055527448654175,0.6998701095581055,0.10636977851390839,-0.23067934811115265,0.20202827839939158,0.7806401662933073,-2.16865496322332,0.24019982984872132,0.9957440502264041,False,False,False,Stim8hr,24
RIBC1-4,RIBC1,70,11,0.018823953345417976,0.12417734414339066,0.0,0.4375636875629425,-0.23071162402629852,0.0037889697521512043,1.0,-0.5272641002530888,0.005730131416335044,1.0,True,False,False,Stim8hr,24
TMEM143-4,TMEM143,101,15,0.06158486381173134,0.14365334808826447,0.02472696267068386,0.32831433415412903,-0.23143675923347473,0.002622927904391725,0.9207540455935646,-0.7049243214730473,0.004050663820400479,1.0,True,False,False,Stim8hr,24
FAM3A-2,FAM3A,82,14,0.2383124679327011,0.3197820782661438,0.15926514565944672,0.20914889872074127,-0.2316875457763672,0.0338600221465282,0.8317153976368139,-1.1077636420439385,0.04621839238991336,1.0,True,False,False,Stim8hr,24
CPSF3L-1,INTS11,46,12,0.8088364601135254,0.784173309803009,0.671948254108429,-0.04201507940888405,-0.23187828063964844,0.6067740717820093,0.7697959861645804,,0.66916169542841,0.9845682853143197,False,False,False,Stim8hr,24
ZMAT1-3,ZMAT1,113,11,0.021461637690663338,0.08040397614240646,0.0,0.2832299768924713,-0.23206409811973572,0.009605559734408565,1.0,-0.819348646163394,0.013859962497372359,1.0,True,False,False,Stim8hr,24
EHD4-4,EHD4,64,13,0.4801235795021057,0.938251256942749,0.37258052825927734,0.7435736656188965,-0.23399342596530914,1.1259228774482413e-06,0.8251569041122638,-0.3146876184359623,2.2807458182778154e-06,1.0,True,False,False,Stim8hr,24
CHAC1-1,CHAC1,37,11,0.027416089549660683,0.01156728807836771,0.0,-0.12468387931585312,-0.23438474535942078,0.9099654729478212,1.0,,0.9588110310324862,1.0,False,False,False,Stim8hr,24
ZBED9-3,SCAND3,142,11,0.020866254344582558,0.33243921399116516,0.0,0.9231809377670288,-0.23478493094444275,1.4470588167319176e-13,1.0,-0.2543216842327093,4.567980770859041e-13,1.0,True,False,False,Stim8hr,24
COIL-1,COIL,44,10,0.4404773712158203,0.4077346920967102,0.3325794041156769,-0.06990751624107361,-0.23667745292186737,0.6805681356762688,0.7742819906447496,,0.7423856080846633,0.9896365287659489,False,False,False,Stim8hr,24
HPS5-3,HPS5,74,11,0.3786502778530121,0.3454899489879608,0.2672903835773468,-0.0711919367313385,-0.23817382752895355,0.7282509375219905,0.7746677810214625,,0.7908302093225323,0.9897951175078281,False,False,False,Stim8hr,24
DIDO1-2,DIDO1,160,13,0.4918321967124939,0.5753501653671265,0.35823413729667664,0.16199776530265808,-0.2387242466211319,0.02462367074801632,0.7756837577413798,-1.473626788462957,0.0341044895353077,0.9907585179932111,True,False,False,Stim8hr,24
TECPR1-2,TECPR1,74,11,0.20830616354942322,0.2458338886499405,0.13377174735069275,0.10022623091936111,-0.2414124608039856,0.20349903533891023,0.8318898724071812,-2.4086754394487655,0.24168635431681998,1.0,False,False,False,Stim8hr,24
ANKRD31-2,ANKRD31,212,25,0.02383861131966114,0.026697874069213867,0.0,0.019204411655664444,-0.24244104325771332,0.39647708827035616,1.0,-12.624236951627937,0.45173155578711466,1.0,False,False,False,Stim8hr,24
TSEN2-2,TSEN2,95,11,0.1439962387084961,0.14747990667819977,0.08204644173383713,0.01165346335619688,-0.24281948804855347,0.45412487361185444,0.8428681067895247,-20.836680103295734,0.5115353586533764,1.0,False,False,False,Stim8hr,24
TCF19-4,TCF19,59,10,0.5147033333778381,0.6512840986251831,0.377014696598053,0.19141805171966553,-0.24290911853313446,0.09387807722669822,0.7998029193002469,-1.2689979672809455,0.11973170337587138,1.0,False,False,False,Stim8hr,24
GTF3C5-3,GTF3C5,95,14,0.5371744632720947,1.2066422700881958,0.4005155563354492,1.0803948640823364,-0.24481888115406036,7.116643817155627e-15,0.7927383535722323,-0.22660130040696197,2.4860037616026025e-14,1.0,True,False,False,Stim8hr,24
TRNT1-1,TRNT1,149,10,0.5523877739906311,0.8099890351295471,0.40198349952697754,0.4420216679573059,-0.24588245153427124,9.999100276966427e-07,0.7469132363237174,-0.5562678695606854,2.035080040580483e-06,0.9596582601797966,True,False,False,Stim8hr,24
HIST2H2BE-2,H2BC21,117,20,0.12970523536205292,0.2587724030017853,0.05697714164853096,0.3244866132736206,-0.2467169612646103,0.0013650464387271139,0.8913341896284042,-0.7603301682481683,0.002157186178405292,1.0,True,False,False,Stim8hr,24
CCR1-3,CCR1,62,11,0.03619955852627754,0.3065464198589325,0.0,0.5625185966491699,-0.24796028435230255,0.0008409570971959176,1.0,-0.44080371000951946,0.0013482508685143506,1.0,True,False,False,Stim8hr,24
HHAT-2,HHAT,70,10,0.022760480642318726,0.15401113033294678,0.0,0.5627821087837219,-0.24838164448738098,0.000278563653576045,1.0,-0.44134602115227234,0.0004655167019786371,1.0,True,False,False,Stim8hr,24
TP53BP2-1,TP53BP2,50,22,0.47881361842155457,0.652820885181427,0.35456904768943787,0.3196827471256256,-0.24926598370075226,0.018454198679787735,0.8795693522333556,-0.7797292345051023,0.02591226808087842,1.0,True,False,False,Stim8hr,24
SOX4-3,SOX4,106,16,0.028081797063350677,0.06076262146234512,0.0,0.17300918698310852,-0.2496197372674942,0.06007696976021501,1.0,-1.4428120357092102,0.07891224254848894,1.0,False,False,False,Stim8hr,24
PIN4-4,PIN4,75,10,0.14495421946048737,0.130033478140831,0.07608779519796371,-0.04821057245135307,-0.2506586015224457,0.6590119216163975,0.8054640156846847,,0.721108970257671,1.0,False,False,False,Stim8hr,24
TMEM200A-1,TMEM200A,67,11,0.026826851069927216,0.10073069483041763,0.0,0.28298884630203247,-0.25418058037757874,0.03898763953116372,1.0,-0.8981999951556153,0.05277045924641586,1.0,False,False,False,Stim8hr,24
TAX1BP3-3,TAX1BP3,63,10,0.29376381635665894,0.4771174192428589,0.18703952431678772,0.333027184009552,-0.25462156534194946,0.01412193404884023,0.7865082780327087,-0.764566910954171,0.020032838946025373,1.0,True,False,False,Stim8hr,24
HIST1H4I-3,H4C9,118,15,0.02262425795197487,0.0603802390396595,0.0,0.21658682823181152,-0.2558661699295044,0.028044726686857598,1.0,-1.1813560963903698,0.03856648581012743,1.0,True,False,False,Stim8hr,24
INPP5F-4,INPP5F,22,10,0.4413706064224243,0.5445474982261658,0.30538350343704224,0.1740254908800125,-0.2564347982406616,0.2330786506564555,0.7795809086942875,-1.4735473346112775,0.2745400981079846,0.9950641230785675,False,False,False,Stim8hr,24
ALKBH1-1,ALKBH1,34,10,0.31573501229286194,0.3197733461856842,0.20564398169517517,0.009808211587369442,-0.2570752203464508,0.4767366762599159,0.7786105310739839,-26.210203364444165,0.5348246959956758,0.9941610494671866,False,False,False,Stim8hr,24
AKT2-3,AKT2,134,13,0.8964755535125732,0.825595498085022,0.73812335729599,-0.1216658353805542,-0.2579287886619568,0.9116458536769467,0.7971048451464287,,0.960058419435935,1.0,False,False,False,Stim8hr,24
FAM3A-3,FAM3A,101,14,0.2383124679327011,0.2888447642326355,0.15240147709846497,0.128961980342865,-0.25840476155281067,0.10528093546851457,0.8675491054000943,-2.0037282373130623,0.13322034602642208,1.0,False,False,False,Stim8hr,24
JAGN1-3,JAGN1,58,13,0.4878084659576416,0.6053268909454346,0.3606315851211548,0.2290802150964737,-0.2584320306777954,0.048571578478025755,0.8164553045816891,-1.128128985599916,0.06465621135095545,1.0,False,False,False,Stim8hr,24
LIN37-2,LIN37,162,22,0.08486855030059814,0.19929511845111847,0.03618774563074112,0.3217313289642334,-0.258765310049057,0.0006203979270058205,0.9669515330650394,-0.8042900605362673,0.0010071699343960992,1.0,True,False,False,Stim8hr,24
S100A5-4,S100A5,82,11,0.025466125458478928,0.40476325154304504,0.0,0.8766862154006958,-0.2593337297439575,7.185619320022824e-08,1.0,-0.29581134639538864,1.579692433799219e-07,1.0,True,False,False,Stim8hr,24
LSM3-4,LSM3,57,13,0.021586615592241287,0.0341850183904171,0.0,0.10085253417491913,-0.25934529304504395,0.2367524067779665,1.0,-2.5715297604246037,0.2785280063919673,1.0,False,False,False,Stim8hr,24
PSPC1-3,PSPC1,73,10,0.6871526837348938,0.7451120615005493,0.5415621995925903,0.10372301191091537,-0.2597741484642029,0.19167955932579095,0.7809373455693667,-2.5044986997419167,0.22916444789233403,0.9957872693672774,False,False,False,Stim8hr,24
ELP4-3,ELP4,94,10,0.20732520520687103,0.19894228875637054,0.1250038892030716,-0.022660447284579277,-0.26017212867736816,0.5830761655339562,0.8158325520790771,,0.645322132833374,1.0,False,False,False,Stim8hr,24
NDUFB5-2,NDUFB5,47,12,0.8378347754478455,0.9406285285949707,0.6891658306121826,0.18075519800186157,-0.26025933027267456,0.11147970627068873,0.8050827715933142,-1.4398442376743943,0.14046660936746608,1.0,False,False,False,Stim8hr,24
ZFP14-1,ZFP14,47,13,0.02538212575018406,0.02418564446270466,0.0,-0.010084678418934345,-0.26197361946105957,0.5335313208279646,1.0,,0.5940550350786173,1.0,False,False,False,Stim8hr,24
ZFP14-4,ZFP14,171,12,0.02538212575018406,0.03278740495443344,0.0,0.05106272175908089,-0.26197361946105957,0.26362012848324623,1.0,-5.130428039012055,0.3075170548551171,1.0,False,False,False,Stim8hr,24
CCDC122-2,CCDC122,46,10,0.025882871821522713,0.12832720577716827,0.0,0.3833296000957489,-0.262244313955307,0.027030915129742015,1.0,-0.6841222642076246,0.037251886534757375,1.0,True,False,False,Stim8hr,24
SNRPA1-3,SNRPA1,152,14,0.4614633321762085,0.43305280804634094,0.34422796964645386,-0.06004345789551735,-0.2641667127609253,0.7755837073551095,0.8550009533646394,,0.8390741336204112,1.0,False,False,False,Stim8hr,24
ABCB8-3,ABCB8,105,15,0.3210676908493042,0.26370421051979065,0.20980705320835114,-0.13829977810382843,-0.265610933303833,0.9265332756198454,0.8443604631686276,,0.9707136756494018,1.0,False,False,False,Stim8hr,24
SCLT1-1,SCLT1,93,12,0.35714271664619446,0.35812827944755554,0.24066607654094696,0.0020574270747601986,-0.26691296696662903,0.49245448428486716,0.8238096886479505,-129.73143507297277,0.5505410496471759,1.0,False,False,False,Stim8hr,24
HUWE1-1,HUWE1,40,11,0.9504374265670776,0.7269668579101562,0.7864153385162354,-0.3597995340824127,-0.26842620968818665,0.9859765281035945,0.8074555384423765,,1.0,1.0,False,False,False,Stim8hr,24
TOR1A-3,TOR1A,86,13,0.985303521156311,1.3004220724105835,0.82334965467453,0.4618418216705322,-0.2694348394870758,0.00013128031781330958,0.819050041320674,-0.5833920334726306,0.0002249273322924538,1.0,True,False,False,Stim8hr,24
DACT3-1,DACT3,63,10,0.02654116041958332,0.23809827864170074,0.0,0.717079758644104,-0.26997432112693787,3.4343775117989866e-05,1.0,-0.3764913426609907,6.165616452240798e-05,1.0,True,False,False,Stim8hr,24
DDRGK1-4,DDRGK1,47,11,0.7269198894500732,0.7938387989997864,0.5542834997177124,0.12260561436414719,-0.27117830514907837,0.1994008092858413,0.7805045495295417,-2.2117935345412483,0.23747549415101582,0.9957440502264041,False,False,False,Stim8hr,24
POLR1A-3,POLR1A,91,11,1.08582603931427,1.244798183441162,0.9285333752632141,0.26260435581207275,-0.2712384760379791,0.008451832051417392,0.808392820435936,-1.0328788157348205,0.012273088450180646,1.0,True,False,False,Stim8hr,24
LIPT2-3,LIPT2,60,11,0.027483521029353142,0.09216392040252686,0.0,0.3169914484024048,-0.276263028383255,0.025717617156252887,1.0,-0.8715157136748778,0.035568678663530015,1.0,True,False,False,Stim8hr,24
DIDO1-4,DIDO1,73,14,0.4918321967124939,0.7842016816139221,0.3659672737121582,0.5994900465011597,-0.27713319659233093,7.824706550798234e-07,0.8668905054812742,-0.4622815644893194,1.6060583987227584e-06,1.0,True,False,False,Stim8hr,24
ANLN-1,ANLN,54,10,0.19459636509418488,0.1954287886619568,0.10643446445465088,0.0022639138624072075,-0.27761492133140564,0.4932378103034824,0.857492927047783,-122.62609719444855,0.5512574024403372,1.0,False,False,False,Stim8hr,24
LRRC27-1,LRRC27,42,12,0.02911532111465931,0.018739065155386925,0.0,-0.08600212633609772,-0.2781696915626526,0.7833091890191521,1.0,,0.8458689287732648,1.0,False,False,False,Stim8hr,24
LRRC27-3,LRRC27,49,12,0.02911532111465931,0.11915379762649536,0.0,0.41926711797714233,-0.2781696915626526,0.010762623187591287,1.0,-0.6634665100968349,0.015420179276182108,1.0,True,False,False,Stim8hr,24
PGAP2-4,PGAP2,56,13,0.5703116059303284,0.4228369891643524,0.43493494391441345,-0.2899899184703827,-0.2785278856754303,0.9867834022405255,0.8582401581623038,,1.0,1.0,False,False,False,Stim8hr,24
ANK3-4,ANK3,24,10,0.21184954047203064,0.304156094789505,0.11459231376647949,0.21438345313072205,-0.27887609601020813,0.15566059610500782,0.8738436909905551,-1.300828454517715,0.19280574155607472,1.0,False,False,False,Stim8hr,24
USP5-1,USP5,40,11,0.46843239665031433,0.5318244099617004,0.35446131229400635,0.12397205084562302,-0.28026798367500305,0.23066691922876548,0.8724691308319775,-2.2607352363962145,0.2719831683594125,1.0,False,False,False,Stim8hr,24
HECTD3-2,HECTD3,71,11,0.39285022020339966,1.4715442657470703,0.262696772813797,1.4278186559677124,-0.280325710773468,1.8244192413692542e-14,0.8153869047809454,-0.1963314525985624,6.183198252738743e-14,1.0,True,False,False,Stim8hr,24
TIMM8A-2,TIMM8A,32,13,0.5933160781860352,0.4956590533256531,0.44142213463783264,-0.18279734253883362,-0.2810523509979248,0.8476678461482541,0.8340556553907261,,0.8980634413850133,1.0,False,False,False,Stim8hr,24
TCEANC-4,TCEANC,78,10,0.029097557067871094,0.07674392312765121,0.0,0.22708408534526825,-0.2820964753627777,0.05379887614492438,1.0,-1.2422555941508022,0.0711248731803154,1.0,False,False,False,Stim8hr,24
TRMT13-4,TRMT13,93,11,0.3352282643318176,0.5711666345596313,0.21694031357765198,0.4769658148288727,-0.2833111882209778,3.433043671754077e-05,0.8275842179181172,-0.5939863600552276,6.165616452240798e-05,1.0,True,False,False,Stim8hr,24
VPS37B-3,VPS37B,15,11,0.199895441532135,0.0969066470861435,0.11010482162237167,-0.31678643822669983,-0.28380224108695984,0.9207709465974953,0.8731123187073127,,0.9655129700576223,1.0,False,False,False,Stim8hr,24
CDCA3-2,CDCA3,104,10,0.20294024050235748,0.19051526486873627,0.10980285704135895,-0.03219300135970116,-0.28464359045028687,0.6324477380784455,0.8789237363868955,,0.6945968199799343,1.0,False,False,False,Stim8hr,24
SPTAN1-3,SPTAN1,108,11,1.382475733757019,2.641953945159912,1.1643822193145752,1.5854817628860474,-0.28620055317878723,1.697805347864257e-26,0.7871637459172599,-0.1805133050901937,1.2113308635038897e-25,1.0,True,False,False,Stim8hr,24
CATSPER2-2,CATSPER2,43,10,0.02995581179857254,0.013966900296509266,0.0,-0.13029679656028748,-0.2873995304107666,0.8703160900360087,1.0,,0.9205449453416974,1.0,False,False,False,Stim8hr,24
ZASP-2,SAP25,94,13,0.030498111620545387,0.03471698984503746,0.0,0.028277676552534103,-0.29001185297966003,0.39272854867450924,1.0,-10.255858625473621,0.44785647234571724,1.0,False,False,False,Stim8hr,24
ZASP-4,SAP25,153,13,0.030498111620545387,0.03700646385550499,0.0,0.038145411759614944,-0.29001185297966003,0.3363678907879148,1.0,-7.602797809793194,0.38746935766364804,1.0,False,False,False,Stim8hr,24
COX16-4,COX16,64,10,1.1540324687957764,1.507321834564209,0.9802739024162292,0.4884672164916992,-0.29029029607772827,0.000689535377942134,0.8011913083308756,-0.5942881861400443,0.0011142638138329428,1.0,True,False,False,Stim8hr,24
KIAA0556-2,KATNIP,25,10,0.11791856586933136,0.1358402818441391,0.05093260854482651,0.0620853565633297,-0.29103419184684753,0.38174209517085783,0.8894625299073451,-4.687646297883146,0.4362283339319466,1.0,False,False,False,Stim8hr,24
SAR1A-2,SAR1A,163,16,0.02846447192132473,0.038593508303165436,0.0,0.05937138944864273,-0.2914630174636841,0.25731514738086764,1.0,-4.909149342307453,0.3007973624310203,1.0,False,False,False,Stim8hr,24
ZNF92-1,ZNF92,174,12,0.22705620527267456,0.3223750591278076,0.12519089877605438,0.23171304166316986,-0.29178386926651,0.0026055290634743253,0.8533386408094887,-1.2592466404660219,0.0040270107467846586,1.0,True,False,False,Stim8hr,24
OCRL-1,OCRL,142,19,0.10852737724781036,0.29941436648368835,0.04036524519324303,0.47176891565322876,-0.29367759823799133,5.942687752123625e-06,0.9456587273831606,-0.6225030698161926,1.1292566848875703e-05,1.0,True,False,False,Stim8hr,24
NCAPG2-4,NCAPG2,56,10,0.6561009287834167,0.9062219262123108,0.47126179933547974,0.3549133837223053,-0.2938459813594818,0.007694366478267605,0.8230266235250919,-0.8279371667465648,0.011223732618431095,1.0,True,False,False,Stim8hr,24
UCHL3-1,UCHL3,45,10,0.8734940886497498,1.0371360778808594,0.6916760206222534,0.2670139670372009,-0.29388749599456787,0.04695496758740701,0.7995977305736346,-1.1006446563659453,0.06259043766304823,1.0,False,False,False,Stim8hr,24
MUSTN1-4,MUSTN1,17,11,0.031005430966615677,0.0,0.0,-0.2942410111427307,-0.2942410111427307,1.0,1.0,,1.0,1.0,False,False,False,Stim8hr,24
ZNF195-2,ZNF195,45,15,0.34715545177459717,0.32296860218048096,0.22782902419567108,-0.057494137436151505,-0.29425883293151855,0.6581222103067892,0.8884967499797267,,0.7203392548135731,1.0,False,False,False,Stim8hr,24
ACBD7-2,ACBD7,16,11,0.029725471511483192,0.0971410870552063,0.0,0.30817103385925293,-0.29467836022377014,0.1707744596118158,1.0,-0.9562169310122601,0.20637026103715367,1.0,False,False,False,Stim8hr,24
URM1-2,URM1,63,14,0.5683815479278564,0.6725587248802185,0.4182610511779785,0.1884719729423523,-0.29487305879592896,0.08433782354383812,0.8549068317757654,-1.5645459332360332,0.10867522947151684,1.0,False,False,False,Stim8hr,24
ZFAND5-2,ZFAND5,64,10,0.21126380562782288,0.532814085483551,0.11959173530340195,0.6705520749092102,-0.2953997552394867,1.6670155874307563e-05,0.8595486165614113,-0.44053216191968764,3.0682290702497544e-05,1.0,True,False,False,Stim8hr,24
CLHC1-1,CLHC1,211,19,0.0323389507830143,0.05005759745836258,0.0,0.11077368259429932,-0.29557308554649353,0.06055802732453153,1.0,-2.6682608957671725,0.0794901193699808,1.0,False,False,False,Stim8hr,24
TEC-4,TEC,178,13,0.03277554735541344,0.21363365650177002,0.0,0.614484965801239,-0.29608166217803955,1.4520505571952888e-09,1.0,-0.4818371134466616,3.5628677060115366e-09,1.0,True,False,False,Stim8hr,24
STARD5-3,STARD5,57,10,0.03133764490485191,0.06803085654973984,0.0,0.1979406774044037,-0.2978321313858032,0.10236838132633673,1.0,-1.504653491597969,0.12974714211371488,1.0,False,False,False,Stim8hr,24
ATP10D-2,ATP10D,78,11,0.031827062368392944,0.13685676455497742,0.0,0.40325358510017395,-0.2978735566139221,0.0036010626983789193,1.0,-0.7386755322706581,0.005465192093654349,1.0,True,False,False,Stim8hr,24
TMEM57-1,MACO1,256,23,0.2503705322742462,0.3177018463611603,0.14720280468463898,0.15667924284934998,-0.2985059320926666,0.01087226706230224,0.9467663845542318,-1.905204075945693,0.015571502492563985,1.0,True,False,False,Stim8hr,24
TRIM13-1,TRIM13,111,13,0.31055182218551636,0.6395918130874634,0.1946948915719986,0.6124322414398193,-0.2991131842136383,5.7406729098362993e-08,0.8989858967166088,-0.4884020859359519,1.2728888843083125e-07,1.0,True,False,False,Stim8hr,24
PRMT9-2,PRMT9,115,11,0.2292626053094864,0.3405413031578064,0.12855777144432068,0.2744848430156708,-0.29958269000053406,0.00343679267507849,0.8608859339899795,-1.091436185361355,0.005234374665036834,1.0,True,False,False,Stim8hr,24
COX7A2L-3,COX7A2L,168,13,0.6611120700836182,0.8179975152015686,0.48524343967437744,0.2855081260204315,-0.29995429515838623,0.0001860097693515794,0.833279900705441,-1.0505981014947396,0.00031492985029884303,1.0,True,False,False,Stim8hr,24
ABCG1-1,ABCG1,85,10,0.03296663984656334,0.09036174416542053,0.0,0.2607595920562744,-0.299974650144577,0.026573243551542173,1.0,-1.1503877873832524,0.03667335218194632,1.0,True,False,False,Stim8hr,24
TCP11L2-1,TCP11L2,90,13,0.034559112042188644,0.028174392879009247,0.0,-0.04210013151168823,-0.3000848889350891,0.6671270492170474,1.0,,0.729369606819995,1.0,False,False,False,Stim8hr,24
SF3B3-3,SF3B3,47,10,1.6282782554626465,1.579677700996399,1.4485236406326294,-0.09057612717151642,-0.30034467577934265,0.7418534462572743,0.8039781825930208,,0.8044720349626696,1.0,False,False,False,Stim8hr,24
MLF2-1,MLF2,66,14,1.3250408172607422,1.5148699283599854,1.132289171218872,0.33523252606391907,-0.3014892041683197,0.0031183605251430507,0.8431810345397386,-0.8993435324078145,0.004773832205355572,1.0,True,False,False,Stim8hr,24
FAM208B-2,TASOR2,172,11,0.7908976674079895,1.066430687904358,0.6060575246810913,0.4155799448490143,-0.30152350664138794,1.1600769080446073e-06,0.8174249408394452,-0.7255487430966753,2.342567834678066e-06,1.0,True,False,False,Stim8hr,24
CEP290-2,CEP290,146,19,0.10797109454870224,0.15915809571743011,0.03901621699333191,0.17688076198101044,-0.3027134835720062,0.02212497446753405,0.9528711071898952,-1.7113985725847616,0.030753873567920257,1.0,True,False,False,Stim8hr,24
SF3B5-3,SF3B5,157,12,1.4651683568954468,1.6226075887680054,1.2510665655136108,0.26190051436424255,-0.30386924743652344,0.0008623994217734996,0.8110338354616664,-1.1602468524132494,0.0013809103784671315,1.0,True,False,False,Stim8hr,24
ELMO3-4,ELMO3,46,12,0.03339381143450737,0.018911363556981087,0.0,-0.10166800022125244,-0.30400943756103516,0.7759320149538635,1.0,,0.8390741336204112,1.0,False,False,False,Stim8hr,24
SIRT4-1,SIRT4,80,10,0.03426319733262062,0.1856689453125,0.0,0.5638737082481384,-0.30636149644851685,9.299301686912846e-05,1.0,-0.5433158027536537,0.0001614746278549258,1.0,True,False,False,Stim8hr,24
HIST1H2BG-2,H2BC8,42,10,0.04250328615307808,0.039042841643095016,0.0,-0.019872386008501053,-0.3067668378353119,0.5593347345863336,1.0,,0.6206448833989533,1.0,False,False,False,Stim8hr,24
MCM8-1,MCM8,64,16,0.3857821226119995,0.7039465308189392,0.24172817170619965,0.5087476968765259,-0.31146910786628723,0.0005025213614476524,0.8972076732010977,-0.6122270622128859,0.0008223656812179738,1.0,True,False,False,Stim8hr,24
AARS-1,AARS1,111,16,0.195732980966568,0.26775890588760376,0.10449854284524918,0.19610561430454254,-0.31250303983688354,0.026713738478831097,0.9357243345493457,-1.5935445853762322,0.036840951033395096,1.0,True,False,False,Stim8hr,24
PSMA8-1,PSMA8,108,13,0.03747718408703804,0.16129809617996216,0.0,0.42205631732940674,-0.3137914836406708,0.0004821707191931809,1.0,-0.7434824945310856,0.0007910709253797329,1.0,True,False,False,Stim8hr,24
EDC3-2,EDC3,75,12,0.5505251288414001,0.7270604372024536,0.38994333148002625,0.3286097049713135,-0.3165501058101654,0.004192841334675065,0.8526128243342267,-0.9633011472920411,0.006299035524937248,1.0,True,False,False,Stim8hr,24
SLC25A32-4,SLC25A32,23,10,1.0570800304412842,1.6455421447753906,0.843763530254364,1.1598647832870483,-0.31990957260131836,1.349022817455145e-07,0.8119837495712994,-0.27581626514661217,2.915999570095391e-07,1.0,True,False,False,Stim8hr,24
ULK2-3,ULK2,42,10,0.11633353680372238,0.524770200252533,0.04411087557673454,0.7678492069244385,-0.3205558657646179,0.00023213107843552,0.9319506757049006,-0.4174724188992524,0.0003904527535059399,1.0,True,False,False,Stim8hr,24
GPD1L-4,GPD1L,95,12,0.30191272497177124,0.2781759202480316,0.17714695632457733,-0.05772208049893379,-0.32297971844673157,0.7166425571307293,0.8793096047592753,,0.7790994569650072,1.0,False,False,False,Stim8hr,24
PRKAR2B-3,PRKAR2B,33,10,0.03892330452799797,0.40456151962280273,0.0,0.8655210137367249,-0.3235038220882416,0.0004410575316634665,1.0,-0.37376772713070755,0.0007254655359177478,1.0,True,False,False,Stim8hr,24
MKI67IP-3,NIFK,113,10,1.0775492191314697,1.4248813390731812,0.8605563044548035,0.5096229910850525,-0.32457005977630615,1.558904861384203e-06,0.8148326642462195,-0.6368826867195592,3.1089660128791712e-06,1.0,True,False,False,Stim8hr,24
DYRK1B-1,DYRK1B,84,12,0.039094164967536926,0.12085433304309845,0.0,0.33385249972343445,-0.3250581622123718,0.007520321577076587,1.0,-0.9736580150864591,0.010990583347904445,1.0,True,False,False,Stim8hr,24
SETMAR-3,SETMAR,61,12,0.1604546457529068,0.15035738050937653,0.0684058740735054,-0.0321546345949173,-0.3271677494049072,0.600430346596998,0.8972077155149565,,0.6633897572258832,1.0,False,False,False,Stim8hr,24
HIST1H2BB-3,H2BC3,74,10,0.036291155964136124,0.012148933485150337,0.0,-0.19729246199131012,-0.3274860084056854,0.9969083240877936,1.0,,1.0,1.0,False,False,False,Stim8hr,24
MYL12B-4,MYL12B,144,14,0.03713756799697876,0.05124041810631752,0.0,0.08168713748455048,-0.33002185821533203,0.18143325965329088,1.0,-4.040071281451737,0.21809214021736892,1.0,False,False,False,Stim8hr,24
HIST1H4C-2,H4C3,95,10,0.7654972672462463,0.5744150876998901,0.5433279871940613,-0.2486163079738617,-0.3310546576976776,0.996285377807302,0.9333759770905928,,1.0,1.0,False,False,False,Stim8hr,24
CWC25-3,CWC25,101,11,0.24806176126003265,0.32081714272499084,0.14128437638282776,0.17727284133434296,-0.3337273895740509,0.04956156898559387,0.9097550641645619,-1.8825635504122655,0.06583805814747218,1.0,False,False,False,Stim8hr,24
ALAD-3,ALAD,55,13,0.22511684894561768,0.12791819870471954,0.11430171877145767,-0.2879433333873749,-0.33416733145713806,0.9906545760001858,0.9080471992968796,,1.0,1.0,False,False,False,Stim8hr,24
WDR83OS-2,WDR83OS,151,14,1.021956443786621,1.1492725610733032,0.8206081390380859,0.2140806019306183,-0.3346218764781952,0.006127742437451207,0.8735544239723168,-1.56306490854619,0.00901330544146969,1.0,True,False,False,Stim8hr,24
DHFRL1-4,DHFR2,61,10,0.1321191042661667,0.11186548322439194,0.050693415105342865,-0.06805091351270676,-0.33684560656547546,0.7040701317519478,0.9286122141977399,,0.7658619407833424,1.0,False,False,False,Stim8hr,24
PEF1-3,PEF1,83,13,0.8386746048927307,0.7920085787773132,0.6485922932624817,-0.08460191637277603,-0.33685699105262756,0.7840118972049139,0.8763343531041794,,0.8463914032639315,1.0,False,False,False,Stim8hr,24
ALKBH3-2,ALKBH3,73,12,0.37763142585754395,0.44015586376190186,0.2382088452577591,0.1395081728696823,-0.3373362123966217,0.11349660256960503,0.8948350623387445,-2.4180390686625577,0.1428217904772739,1.0,False,False,False,Stim8hr,24
MIGA1-4,MIGA1,73,14,0.23244336247444153,0.4112609326839447,0.11398608982563019,0.40416818857192993,-0.3389730751514435,0.001470793315196759,0.9089650628444527,-0.8386931102844981,0.0023171838646386016,1.0,True,False,False,Stim8hr,24
PREPL-1,PREPL,61,10,0.5526297092437744,0.5251586437225342,0.3784026503562927,-0.056582435965538025,-0.3405427932739258,0.6842356074666458,0.8505230165286094,,0.7459653493300026,1.0,False,False,False,Stim8hr,24
FAAP100-2,FAAP100,98,12,0.3770654797554016,0.2676931321620941,0.23545609414577484,-0.2621009945869446,-0.3449030816555023,0.9974516104752753,0.8985895482964775,,1.0,1.0,False,False,False,Stim8hr,24
MLF2-4,MLF2,93,10,1.3250408172607422,1.4693429470062256,1.1361896991729736,0.24026283621788025,-0.3466164469718933,0.012976068579608074,0.8687644128859285,-1.442655270487056,0.018475131515958917,1.0,True,False,False,Stim8hr,24
CISD2-3,CISD2,83,10,0.8472585082054138,1.0084881782531738,0.6282191276550293,0.28243139386177063,-0.34752094745635986,0.00535533053110787,0.8334700208285719,-1.2304614678439245,0.00794973633926838,1.0,True,False,False,Stim8hr,24
ZNF514-3,ZNF514,192,14,0.04432758316397667,0.040272124111652374,0.0,-0.023940932005643845,-0.34816718101501465,0.6383532743487113,1.0,,0.7004858433332766,1.0,False,False,False,Stim8hr,24
CCBL2-4,KYAT3,85,10,0.2757571041584015,0.8323545455932617,0.1489284634590149,1.0154213905334473,-0.35177919268608093,1.0111266684666823e-11,0.883139692726493,-0.3464366576926996,2.849873780583572e-11,1.0,True,False,False,Stim8hr,24
MAP10-4,MAP10,66,13,0.0475163497030735,0.05056479200720787,0.0,0.016173558309674263,-0.3523852527141571,0.44735445021845033,1.0,-21.787738107289403,0.5050860318232839,1.0,False,False,False,Stim8hr,24
ERLEC1-4,ERLEC1,128,12,0.7007114291191101,1.2598299980163574,0.5117514729499817,0.903226375579834,-0.35326167941093445,1.262663633455752e-16,0.8890422413586476,-0.3911108986206864,4.94703168244518e-16,1.0,True,False,False,Stim8hr,24
LSM7-1,LSM7,95,16,1.0689454078674316,1.3316354751586914,0.8288427591323853,0.468490332365036,-0.35363611578941345,3.6755034728288388e-06,0.886062392585515,-0.7548418640875368,7.113699664378939e-06,1.0,True,False,False,Stim8hr,24
ZNF35-1,ZNF35,26,11,0.04549342766404152,0.0713486522436142,0.0,0.11250779777765274,-0.35455086827278137,0.31458535434805557,1.0,-3.1513448425457073,0.36378635324878317,1.0,False,False,False,Stim8hr,24
TXNIP-1,TXNIP,49,11,0.6847929954528809,1.2418391704559326,0.47120150923728943,0.701898455619812,-0.3586880564689636,3.351798060857231e-05,0.9078469836595952,-0.5110255672983691,6.0229568314753306e-05,1.0,True,False,False,Stim8hr,24
ATP5H-3,ATP5PD,81,15,0.9854668974876404,1.008455514907837,0.7810432314872742,0.03963391110301018,-0.3598542809486389,0.36171540966607185,0.9110636591250071,-9.079454208124016,0.41444547827517036,1.0,False,False,False,Stim8hr,24
POLR3E-1,POLR3E,282,14,0.4981641173362732,0.6252598166465759,0.33820468187332153,0.23838286101818085,-0.3617573380470276,9.484775701501332e-05,0.9335477761717552,-1.5175475975994654,0.00016462130896636288,1.0,True,False,False,Stim8hr,24
RNF219-2,OBI1,38,11,0.3500034809112549,0.36718985438346863,0.20475544035434723,0.03904636204242706,-0.36441221833229065,0.40557324028262076,0.8994336972025833,-9.332808468464412,0.46087326481718904,1.0,False,False,False,Stim8hr,24
NEU1-1,NEU1,111,13,0.36593353748321533,0.571788489818573,0.19923239946365356,0.3665761947631836,-0.3644360303878784,0.0005240815592074469,0.8969057484801759,-0.9941617475278564,0.000855115354200505,1.0,True,False,False,Stim8hr,24
FAM86A-3,EEF2KMT,37,12,0.23472587764263153,0.20978760719299316,0.11507823318243027,-0.06586238741874695,-0.36464694142341614,0.6542557691348008,0.9242908722507692,,0.7165129026463536,1.0,False,False,False,Stim8hr,24
AP1M1-2,AP1M1,44,11,0.9276700615882874,1.040653109550476,0.7131119966506958,0.19183026254177094,-0.36577290296554565,0.10949659807308246,0.8700206261678888,-1.9067528664091715,0.138147910195305,1.0,False,False,False,Stim8hr,24
EEF1B2-2,EEF1B2,87,11,1.4970650672912598,1.7660826444625854,1.2595796585083008,0.47478190064430237,-0.36627206206321716,1.3134843901100068e-05,0.8504533506698566,-0.7714532958526178,2.4419442964208636e-05,1.0,True,False,False,Stim8hr,24
DDX31-4,DDX31,41,10,0.43099892139434814,0.7537840604782104,0.2710043787956238,0.5647450089454651,-0.36671075224876404,0.0013804870087388477,0.8903404976612888,-0.6493386332594852,0.002180695777284773,1.0,True,False,False,Stim8hr,24
UBQLN1-2,UBQLN1,66,10,0.501671552658081,0.6197043061256409,0.3400229513645172,0.2431221902370453,-0.3670417368412018,0.02459829155203933,0.8937735517030888,-1.5097006837727742,0.034081545478945215,1.0,True,False,False,Stim8hr,24
RRM1-3,RRM1,149,10,0.9122273325920105,1.6383501291275024,0.6842360496520996,0.8928604125976562,-0.3674863576889038,1.0084966260360213e-17,0.8939425190258952,-0.4115832133488281,4.276158391317209e-17,1.0,True,False,False,Stim8hr,24
CD33-4,CD33,77,11,0.05053216964006424,0.3038771152496338,0.0,0.6319753527641296,-0.3678123354911804,3.9480850354751635e-05,1.0,-0.5820042409604191,7.045336793808241e-05,1.0,True,False,False,Stim8hr,24
RALGPS1-2,RALGPS1,54,12,0.051560524851083755,0.07251688838005066,0.0,0.09793762117624283,-0.3678697347640991,0.25187827055603157,1.0,-3.756163671793725,0.29461986456145617,1.0,False,False,False,Stim8hr,24
B9D1-1,B9D1,74,10,0.05016133934259415,0.2698419690132141,0.0,0.7062206864356995,-0.37154170870780945,4.634600317685402e-06,1.0,-0.5260985919047245,8.894292520342159e-06,1.0,True,False,False,Stim8hr,24
PHF19-1,PHF19,127,13,0.8744133710861206,1.0131019353866577,0.628804624080658,0.20095404982566833,-0.3723551034927368,0.014728873603885834,0.9015739826057511,-1.85293654850829,0.02084793346494382,1.0,True,False,False,Stim8hr,24
NEK8-2,NEK8,83,10,0.05072455480694771,0.05234523490071297,0.0,0.008979978039860725,-0.3727554380893707,0.4650630734913228,1.0,-41.509615773531664,0.5231861357618567,1.0,False,False,False,Stim8hr,24
DCP1A-2,DCP1A,74,12,0.712347686290741,0.8673208355903625,0.4816402196884155,0.2918715476989746,-0.37443283200263977,0.0054556929383658605,0.8693551467674643,-1.2828685596611005,0.00808010899757211,1.0,True,False,False,Stim8hr,24
ZBTB4-4,ZBTB4,71,14,0.19868944585323334,0.20364591479301453,0.08584930002689362,0.014275678433477879,-0.37703776359558105,0.4511005549465176,0.9557929496895157,-26.411197573026737,0.5085731329382459,1.0,False,False,False,Stim8hr,24
PSAT1-3,PSAT1,128,12,0.704974889755249,1.0111371278762817,0.47960707545280457,0.40472251176834106,-0.3779652714729309,3.5640607566680097e-05,0.9170389041716903,-0.9338874425875135,6.386572264149765e-05,1.0,True,False,False,Stim8hr,24
ZBTB3-2,ZBTB3,53,26,0.13109256327152252,0.13296619057655334,0.03970411792397499,0.006116813514381647,-0.38604971766471863,0.4825619273950266,0.9982995624190388,-63.112880057083885,0.5402625863452716,1.0,False,False,False,Stim8hr,24
YWHAQ-4,YWHAQ,132,11,0.7477811574935913,0.7191407084465027,0.49563243985176086,-0.05264604091644287,-0.3868042230606079,0.7315414923231474,0.8592736935582167,,0.7939576061783921,1.0,False,False,False,Stim8hr,24
HCFC1-2,HCFC1,53,10,1.3910554647445679,1.3879331350326538,1.1405494213104248,-0.004945306573063135,-0.38691964745521545,0.5137449592175202,0.8607890104004264,,0.5728522944908162,1.0,False,False,False,Stim8hr,24
RAD51AP1-1,RAD51AP1,111,14,0.25776341557502747,0.2684394419193268,0.11834543198347092,0.025015803053975105,-0.3887936770915985,0.401143058699208,0.944251020971294,-15.5419226899381,0.4562412376440699,1.0,False,False,False,Stim8hr,24
ALDH4A1-3,ALDH4A1,68,10,0.049663908779621124,0.08486653864383698,0.0,0.15908876061439514,-0.3904400169849396,0.13057700834614447,1.0,-2.454227536106725,0.16325292314081497,1.0,False,False,False,Stim8hr,24
LACE1-3,AFG1L,70,13,0.05432375147938728,0.11211057752370834,0.0,0.2484022080898285,-0.3907848000526428,0.035634793071753906,1.0,-1.5731937451672136,0.048521036904391676,1.0,True,False,False,Stim8hr,24
YY1-1,YY1,39,13,0.685225248336792,0.7488585114479065,0.49679073691368103,0.11037016659975052,-0.3945082426071167,0.2586480062744799,0.9419424451506632,-3.574410139632864,0.30226407986201687,1.0,False,False,False,Stim8hr,24
UBIAD1-1,UBIAD1,99,27,0.2574900686740875,0.28390222787857056,0.11796580255031586,0.06434788554906845,-0.3961620032787323,0.270356358268264,0.9870666546846281,-6.1565659834562725,0.315089824419342,1.0,False,False,False,Stim8hr,24
DESI1-1,DESI1,86,11,1.0825765132904053,1.1891124248504639,0.8148174285888672,0.1883823424577713,-0.39873629808425903,0.03634816164898857,0.8691793403295676,-2.11663308185926,0.04938803271139803,1.0,True,False,False,Stim8hr,24
KDM6A-2,KDM6A,77,10,0.3138105869293213,0.26264816522598267,0.16898241639137268,-0.12440331280231476,-0.4012819826602936,0.8718452710132424,0.9344734666855827,,0.9219102168466525,1.0,False,False,False,Stim8hr,24
ZNF718-3,ZNF718,141,20,0.055517006665468216,0.04098966717720032,0.0,-0.0826549306511879,-0.4019397795200348,0.8675371521625266,1.0,,0.9178566805506129,1.0,False,False,False,Stim8hr,24
ZNF718-1,ZNF718,102,14,0.055517006665468216,0.1159551739692688,0.0,0.2124561369419098,-0.4019397795200348,0.042902194916549334,1.0,-1.891871824959022,0.057665202552066835,1.0,False,False,False,Stim8hr,24
BBS10-2,BBS10,61,11,0.11447332799434662,0.24594824016094208,0.028912818059325218,0.40223732590675354,-0.4032776951789856,0.0032828878383762434,0.9928390756241366,-1.0025864563162725,0.005009837123520495,1.0,True,False,False,Stim8hr,24
HARBI1-1,HARBI1,58,10,0.05642982944846153,0.05322786048054695,0.0,-0.01604902558028698,-0.4061923027038574,0.547681584056086,1.0,,0.6085875533174956,1.0,False,False,False,Stim8hr,24
LRWD1-4,LRWD1,27,11,0.5164334177970886,0.6129601001739502,0.33360323309898376,0.1832987517118454,-0.4070485830307007,0.1838802950275542,0.9268726256357571,-2.220683879345785,0.22069059617366607,1.0,False,False,False,Stim8hr,24
KBTBD3-4,KBTBD3,107,11,0.06169762462377548,0.3583223223686218,0.0,0.6378344297409058,-0.4106551706790924,1.5333408599656877e-06,1.0,-0.6438272246386956,3.0611404777941734e-06,1.0,True,False,False,Stim8hr,24
MARS2-3,MARS2,25,11,0.0569697730243206,0.047463309019804,0.0,-0.05142622068524361,-0.41158369183540344,0.6068658044653307,1.0,,0.66916169542841,1.0,False,False,False,Stim8hr,24
DCBLD2-4,DCBLD2,78,10,0.060514453798532486,0.31746652722358704,0.0,0.5889233350753784,-0.4165905714035034,0.00010212140344851457,1.0,-0.7073765744911135,0.0001768488433208266,1.0,True,False,False,Stim8hr,24
MCM4-4,MCM4,97,12,1.2169220447540283,1.2740496397018433,0.8037199974060059,0.06533306837081909,-0.4172836244106293,0.2620294408065244,0.890599068510278,-6.387020154054303,0.3058460149709719,1.0,False,False,False,Stim8hr,24
AURKA-3,AURKA,30,11,0.3671306073665619,0.47027912735939026,0.1713445633649826,0.19578425586223602,-0.41945281624794006,0.14072281771326492,0.9402699944043788,-2.1424236305450877,0.17520126725601914,1.0,False,False,False,Stim8hr,24
CHID1-2,CHID1,54,12,0.9591091871261597,1.1329325437545776,0.7084928154945374,0.30086588859558105,-0.41994237899780273,0.014093116989895025,0.9107688288254658,-1.3957792987369277,0.02000663854622763,1.0,True,False,False,Stim8hr,24
HSPA4-3,HSPA4,92,11,0.8317340016365051,0.8329038023948669,0.6004625558853149,0.002071761293336749,-0.4203219711780548,0.49216592765139877,0.9069516851446349,-202.8814673437065,0.5503775714944936,1.0,False,False,False,Stim8hr,24
SUPT16H-3,SUPT16H,66,12,1.4210399389266968,1.352824091911316,1.1204570531845093,-0.11226604878902435,-0.4236883223056793,0.8126879082770551,0.8881628864818895,,0.8751501368163108,1.0,False,False,False,Stim8hr,24
MED10-2,MED10,123,13,0.7442448139190674,1.1006441116333008,0.5011147856712341,0.5601612329483032,-0.4249480962753296,5.7837734710373835e-08,0.9216027296830755,-0.7586174681148412,1.2817107170488002e-07,1.0,True,False,False,Stim8hr,24
DVL2-3,DVL2,131,12,0.24570170044898987,0.2846682667732239,0.10807999968528748,0.09940359741449356,-0.42536792159080505,0.1359135366820325,0.9559057070298566,-4.279200478199034,0.16959588459161654,1.0,False,False,False,Stim8hr,24
KIAA1737-2,CIPC,79,11,0.062399283051490784,0.17955967783927917,0.0,0.41237422823905945,-0.42658731341362,0.0016963245988028907,1.0,-1.0344664729298287,0.0026557438152108414,1.0,True,False,False,Stim8hr,24
WDR5B-2,WDR5B,72,16,0.10228269547224045,0.06428412348031998,0.014721700921654701,-0.160633847117424,-0.434740275144577,0.9568180130930473,0.9999869487567032,,0.9964082963167006,1.0,False,False,False,Stim8hr,24
PAAF1-4,PAAF1,116,12,0.29610320925712585,0.30768701434135437,0.14380453526973724,0.028000112622976303,-0.43529021739959717,0.3817066407526354,0.9615496483249348,-15.546016662890391,0.4362283339319466,1.0,False,False,False,Stim8hr,24
OSBPL8-4,OSBPL8,250,15,0.8838046193122864,0.9430285692214966,0.630205512046814,0.10428699105978012,-0.4356435537338257,0.04908657810994118,0.9406630817153985,-4.177352796420246,0.06525190703029994,1.0,False,False,False,Stim8hr,24
FOXK2-2,FOXK2,56,11,0.7530295848846436,0.7974910140037537,0.49485400319099426,0.08100306242704391,-0.4374258816242218,0.2724893512747861,0.8992520419313761,-5.400115360060529,0.31728886521517546,1.0,False,False,False,Stim8hr,24
CFDP1-4,CFDP1,111,15,0.668744683265686,1.1010770797729492,0.44474080204963684,0.7326759696006775,-0.43838268518447876,1.9646226313000168e-11,0.9602073809650911,-0.5983309175861271,5.41110805928573e-11,1.0,True,False,False,Stim8hr,24
UBN1-1,UBN1,30,10,0.27577489614486694,0.17015917599201202,0.12459178268909454,-0.31290897727012634,-0.43880340456962585,0.9832008138391181,0.9407709709505333,,1.0,1.0,False,False,False,Stim8hr,24
IPO4-1,IPO4,32,11,0.14652656018733978,0.14165201783180237,0.04246385022997856,-0.015525775961577892,-0.439066618680954,0.533681714989169,0.9828727378325463,,0.5940550350786173,1.0,False,False,False,Stim8hr,24
POLH-1,POLH,77,10,0.33714234828948975,1.257560133934021,0.1630859076976776,1.4275157451629639,-0.4393596947193146,4.729257130280208e-16,0.9280432012384077,-0.30777922850101924,1.7929448355679966e-15,1.0,True,False,False,Stim8hr,24
LZTFL1-2,LZTFL1,144,12,0.06996531784534454,0.10264916718006134,0.0,0.13052691519260406,-0.43964821100234985,0.07703124352493365,1.0,-3.368257116577143,0.10002005524515996,1.0,False,False,False,Stim8hr,24
LZTFL1-4,LZTFL1,60,11,0.06996531784534454,0.06575752049684525,0.0,-0.01939847506582737,-0.43964821100234985,0.5618083527877995,1.0,,0.6230320906883914,1.0,False,False,False,Stim8hr,24
UFD1-1,UFD1,153,13,0.5664613842964172,0.629012942314148,0.34679195284843445,0.11525655537843704,-0.4397173225879669,0.08758278190719498,0.937058582460319,-3.815117683711656,0.11244442816571149,1.0,False,False,False,Stim8hr,24
DAK-2,TKFC,50,10,0.27257809042930603,0.297815203666687,0.12197054922580719,0.06349951773881912,-0.44098541140556335,0.324875636354761,0.947596364935249,-6.944704890821178,0.37490124911484957,1.0,False,False,False,Stim8hr,24
FAM122C-3,PABIR3,194,14,0.0657418742775917,0.06032868102192879,0.0,-0.02727079764008522,-0.4419203996658325,0.6568548320342611,1.0,,0.7191556159333203,1.0,False,False,False,Stim8hr,24
B3GAT3-1,B3GAT3,75,11,0.5393954515457153,0.8515033721923828,0.32352739572525024,0.496895432472229,-0.44454875588417053,0.00018596544794908786,0.9266145369114598,-0.8946525301558612,0.00031492985029884303,1.0,True,False,False,Stim8hr,24
TCEAL8-4,TCEAL8,55,10,0.4119337201118469,0.8662760853767395,0.20591890811920166,0.8272319436073303,-0.4470907151699066,4.919521238726915e-07,0.9135885682049455,-0.5404659704269487,1.0216857481287315e-06,1.0,True,False,False,Stim8hr,24
ARMC8-1,ARMC8,132,12,0.6942522525787354,0.8973454833030701,0.41469523310661316,0.3283724784851074,-0.4498789608478546,0.00041036888037916143,0.9071653084052897,-1.370026388701323,0.0006770036093968504,1.0,True,False,False,Stim8hr,24
COA4-2,COA4,121,11,1.1576968431472778,1.20249342918396,0.8398797512054443,0.07123405486345291,-0.4562338590621948,0.22266077377502574,0.8995483689044923,-6.404715552648801,0.2631507372212789,1.0,False,False,False,Stim8hr,24
KLF16-3,KLF16,47,15,0.07128538191318512,0.12427792698144913,0.0,0.19208703935146332,-0.45823895931243896,0.13273990648084716,1.0,-2.385579791638077,0.1657427246888718,1.0,False,False,False,Stim8hr,24
UBA6-3,UBA6,150,10,0.82506263256073,1.4211748838424683,0.5639816522598267,0.8629229664802551,-0.46211206912994385,2.232270226052038e-16,0.9100052387458224,-0.5355194925623962,8.580704735728858e-16,1.0,True,False,False,Stim8hr,24
TMEM53-2,TMEM53,18,11,0.07320930808782578,0.1663130223751068,0.0,0.3796826899051666,-0.4633637070655823,0.07737157112345688,1.0,-1.2203972406045602,0.10040129715919723,1.0,False,False,False,Stim8hr,24
LRCH4-2,LRCH4,59,11,0.29029378294944763,0.22215881943702698,0.12563163042068481,-0.17780663073062897,-0.4635944366455078,0.9303209346261294,0.9585381840453918,,0.97362680763173,1.0,False,False,False,Stim8hr,24
SIRT3-3,SIRT3,74,10,0.07554353773593903,0.13159169256687164,0.0,0.2197698950767517,-0.4661502540111542,0.04389917308032318,1.0,-2.121083298730963,0.0588824496363544,1.0,False,False,False,Stim8hr,24
ZNF687-1,ZNF687,94,15,0.14056730270385742,0.13297982513904572,0.031276267021894455,-0.025167692452669144,-0.47239598631858826,0.5967931195534508,0.99820942094486,,0.6597481398837034,1.0,False,False,False,Stim8hr,24
CEP192-3,CEP192,218,31,0.40242815017700195,0.5008115768432617,0.20290729403495789,0.19269916415214539,-0.47322335839271545,0.003983011898443392,0.9979765025849346,-2.4557623821299117,0.0059977831040812285,1.0,True,False,False,Stim8hr,24
BSDC1-4,BSDC1,39,11,0.4556082487106323,0.5193225145339966,0.2367478758096695,0.14152728021144867,-0.4749245345592499,0.16677333987919996,0.9391498403770139,-3.3557101772159363,0.20210357421274402,1.0,False,False,False,Stim8hr,24
OSBPL2-3,OSBPL2,35,10,0.2380206286907196,0.18106642365455627,0.0824379175901413,-0.17224256694316864,-0.4755672812461853,0.8900355858782794,0.9541139396037259,,0.9398600793531694,1.0,False,False,False,Stim8hr,24
C20orf27-1,ADISSP,40,12,0.0735224038362503,0.1946251392364502,0.0,0.40199536085128784,-0.4759606719017029,0.021418065499407706,1.0,-1.1839954344094468,0.029824868306161184,1.0,True,False,False,Stim8hr,24
PLA2G15-2,PLA2G15,57,10,0.07864595949649811,0.21901170909404755,0.0,0.4117090404033661,-0.4791482090950012,0.007548071817972122,1.0,-1.1638029823818359,0.011026971560293992,1.0,True,False,False,Stim8hr,24
RWDD1-2,RWDD1,105,11,0.8270440697669983,0.9295219779014587,0.5574876070022583,0.16436591744422913,-0.480928510427475,0.060909776887914976,0.9322104143221439,-2.925962498220828,0.0799247055397242,1.0,False,False,False,Stim8hr,24
ACTR3B-1,ACTR3B,50,10,0.07961228489875793,0.04903727024793625,0.0,-0.15494705736637115,-0.482095330953598,0.9180862579669499,1.0,,0.9651845084842746,1.0,False,False,False,Stim8hr,24
PRKDC-3,PRKDC,210,15,1.1946147680282593,1.2502766847610474,0.8986724019050598,0.09369167685508728,-0.48213446140289307,0.08375661417384657,0.9570072186443085,-5.145968965296772,0.10807034601610434,1.0,False,False,False,Stim8hr,24
C2orf43-4,LDAH,37,12,0.328948438167572,0.2743588089942932,0.14851270616054535,-0.1290184110403061,-0.484793096780777,0.7884144008750789,0.9712563258359379,,0.8506692210334625,1.0,False,False,False,Stim8hr,24
VPS53-1,VPS53,88,12,0.467742383480072,0.7063467502593994,0.2612970173358917,0.4327804446220398,-0.4872421324253082,0.00018980725668215893,0.9696842429826557,-1.1258413786483155,0.0003212186702800475,1.0,True,False,False,Stim8hr,24
PPM1K-1,PPM1K,130,12,0.4644522964954376,1.2681223154067993,0.21661366522312164,1.2849231958389282,-0.4912421703338623,1.6353454161031963e-24,0.9410649702478348,-0.3823124774497744,1.0249401497684053e-23,1.0,True,False,False,Stim8hr,24
HMG20A-4,HMG20A,94,10,0.43427127599716187,0.4373086094856262,0.19928887486457825,0.006306892726570368,-0.49273648858070374,0.475690642692164,0.9251708285754363,-78.12666394417167,0.5339610204036569,1.0,False,False,False,Stim8hr,24
MORC2-3,MORC2,49,12,0.6596440672874451,0.604038417339325,0.3890552520751953,-0.10345742851495743,-0.5023834705352783,0.7695027047717076,0.9488882025414558,,0.8330534600650037,1.0,False,False,False,Stim8hr,24
PEX3-3,PEX3,61,10,0.3696648180484772,1.0563044548034668,0.16007336974143982,1.1320399045944214,-0.5026891231536865,3.216470459169712e-10,0.9422073392503458,-0.44405600996352346,8.204545689715881e-10,1.0,True,False,False,Stim8hr,24
PHF8-2,PHF8,44,12,0.39891713857650757,0.6568106412887573,0.20108570158481598,0.5103610157966614,-0.5031253099441528,0.00150397423736018,0.9763514855746517,-0.9858223774376383,0.002363213480646817,1.0,True,False,False,Stim8hr,24
RBM15B-1,RBM15B,91,15,0.9435187578201294,1.07340669631958,0.6369401812553406,0.22513176500797272,-0.5049320459365845,0.016349750474056617,0.9597432197337477,-2.242828975816465,0.023040993106114044,1.0,True,False,False,Stim8hr,24
SKIL-1,SKIL,137,12,0.25730082392692566,0.6052403450012207,0.07997407764196396,0.6151623725891113,-0.5073420405387878,1.2223607984192487e-08,0.9756881657576608,-0.8247286621310623,2.8338544409395892e-08,1.0,True,False,False,Stim8hr,24
EEF1E1-3,EEF1E1,127,10,0.5117570757865906,0.5737794041633606,0.2846986651420593,0.12610770761966705,-0.5074594020843506,0.07698489384136528,0.9499998385733932,-4.0240157533813585,0.10000019633340933,1.0,False,False,False,Stim8hr,24
ERCC6L2-4,ERCC6L2,136,10,0.3945934474468231,0.645808219909668,0.1858213245868683,0.4654555320739746,-0.5083106756210327,9.690080334010946e-07,0.966362799983085,-1.0920714023015354,1.9742645232676675e-06,1.0,True,False,False,Stim8hr,24
MTHFD2L-3,MTHFD2L,98,14,0.09152861684560776,0.16092683374881744,0.0,0.20749486982822418,-0.5088585019111633,0.04412463480221841,1.0,-2.452390761913414,0.05914383458585047,1.0,False,False,False,Stim8hr,24
LARP4-1,LARP4,37,11,1.660873532295227,1.7213456630706787,1.3121522665023804,0.11737169325351715,-0.5094335079193115,0.21826628712732132,0.9129701415757223,-4.340343858028527,0.25827286790739035,1.0,False,False,False,Stim8hr,24
ACD-3,ACD,91,11,0.403037965297699,0.4343271255493164,0.1999703347682953,0.06301183998584747,-0.5103727579116821,0.27880818170524013,0.980650849122861,-8.099632672626484,0.32425601162531237,1.0,False,False,False,Stim8hr,24
PPP5D1-4,CALM3,66,11,1.417776107788086,1.512596607208252,1.0087556838989258,0.1533869504928589,-0.5119609236717224,0.10909462232295666,0.9088768098379906,-3.337708468854118,0.1376856737998934,1.0,False,False,False,Stim8hr,24
PTTG1-2,PTTG1,44,13,0.41777992248535156,0.32510611414909363,0.1876266896724701,-0.1814783662557602,-0.513904869556427,0.9012934733235198,0.9889451142969603,,0.950709727589212,1.0,False,False,False,Stim8hr,24
FAM50B-1,FAM50B,75,13,0.2880025804042816,0.3188672363758087,0.10512031614780426,0.07684194296598434,-0.5140358209609985,0.23915041433593337,0.9854368926822991,-6.689521387929337,0.2809218263174527,1.0,False,False,False,Stim8hr,24
AKT2-2,AKT2,48,10,0.8964755535125732,0.9998165965080261,0.5885921716690063,0.18955165147781372,-0.5228347182273865,0.09124724961148736,0.9259411936695564,-2.7582704458187335,0.11649161909792725,1.0,False,False,False,Stim8hr,24
TOGARAM1-2,TOGARAM1,59,10,0.10200735181570053,0.0630197748541832,0.0,-0.1614416539669037,-0.5247365236282349,0.9273366988243485,1.0,,0.9712922574089263,1.0,False,False,False,Stim8hr,24
PRPF38B-1,PRPF38B,72,10,1.1190080642700195,1.3451164960861206,0.7357272505760193,0.35352441668510437,-0.5283279418945312,0.0029576762599141148,0.9105901839491324,-1.4944595534546345,0.00454403420623277,1.0,True,False,False,Stim8hr,24
CCDC71L-3,CCDC71L,154,21,0.10713307559490204,0.34924548864364624,0.0,0.547998309135437,-0.5370848774909973,1.3254985412701185e-07,1.0,-0.9800849173026509,2.869934411585413e-07,1.0,True,False,False,Stim8hr,24
PGP-1,PGP,50,10,0.8743733763694763,1.0025216341018677,0.5528236627578735,0.1972709745168686,-0.5424243211746216,0.09654490008444544,0.9447545790228434,-2.7496408050046868,0.12297072747910096,1.0,False,False,False,Stim8hr,24
SF1-4,SF1,126,12,0.6914249062538147,0.7440436482429504,0.41608181595802307,0.09430789202451706,-0.5441085696220398,0.15276683241508024,0.9670285366124531,-5.76949137491684,0.1894641888868234,1.0,False,False,False,Stim8hr,24
ANKHD1-2,ANKHD1,67,11,0.9720235466957092,1.0809494256973267,0.6426249742507935,0.18511275947093964,-0.5477131009101868,0.07159234790884798,0.944095133011891,-2.9588079313148095,0.09324607927366628,1.0,False,False,False,Stim8hr,24
VPS8-1,VPS8,26,10,0.18994362652301788,0.17952817678451538,0.04282877966761589,-0.031707607209682465,-0.5477193593978882,0.5695690293465443,0.9962766268948662,,0.6310955405395664,1.0,False,False,False,Stim8hr,24
TMEM175-2,TMEM175,63,10,0.10406322777271271,0.11288220435380936,0.0,0.032870564609766006,-0.5546323657035828,0.398663937372325,1.0,-16.873222966751193,0.45408938021171746,1.0,False,False,False,Stim8hr,24
PPP1R3F-2,PPP1R3F,151,10,0.10522054880857468,0.1841328889131546,0.0,0.25146886706352234,-0.5549559593200684,0.0034498829135457135,1.0,-2.206857516003695,0.005252243002630423,1.0,True,False,False,Stim8hr,24
SEMA4B-2,SEMA4B,137,19,0.10488159209489822,0.26442888379096985,0.0,0.4131039083003998,-0.5599302053451538,7.308482369701368e-05,1.0,-1.355422193047821,0.00012770854642401804,1.0,True,False,False,Stim8hr,24
KCTD6-1,KCTD6,28,10,0.10771694034337997,0.2712845504283905,0.0,0.4171689450740814,-0.561316192150116,0.04235595759100403,1.0,-1.3455368592943482,0.05704997840627398,1.0,False,False,False,Stim8hr,24
TOMM6-3,TOMM6,87,11,1.1035196781158447,1.6583448648452759,0.7732181549072266,0.8865675330162048,-0.5640267133712769,1.1312685378615888e-11,0.9519714293007525,-0.6361914827316009,3.176917527894527e-11,1.0,True,False,False,Stim8hr,24
NUF2-3,NUF2,73,14,0.42567649483680725,0.9038279056549072,0.14513789117336273,0.6415907144546509,-0.5650214552879333,7.652253343187887e-06,0.9898964332158787,-0.8806571581513597,1.4406652228874175e-05,1.0,True,False,False,Stim8hr,24
PIGU-3,PIGU,15,10,0.25087666511535645,0.33595526218414307,0.07157156616449356,0.20706884562969208,-0.5662297606468201,0.23014827594490217,0.9832074391620969,-2.7345000109742585,0.27150194724799775,1.0,False,False,False,Stim8hr,24
HNRNPUL1-1,HNRNPUL1,72,11,0.9596078991889954,0.8538138270378113,0.6091954708099365,-0.1797398328781128,-0.5679037570953369,0.930810140342406,0.9471901376902288,,0.9738752198874685,1.0,False,False,False,Stim8hr,24
DCTN2-1,DCTN2,43,11,0.8306527137756348,0.903050422668457,0.5058714747428894,0.13006581366062164,-0.575635552406311,0.19070440494755164,0.9602071055059334,-4.425725224833532,0.22810205194314326,1.0,False,False,False,Stim8hr,24
ISCA2-3,ISCA2,97,11,0.11164162307977676,0.10228818655014038,0.0,-0.036912210285663605,-0.5795268416404724,0.6531735042252529,1.0,,0.7155302948552558,1.0,False,False,False,Stim8hr,24
INVS-3,INVS,39,12,0.29309478402137756,0.3953721523284912,0.09488800913095474,0.23444800078868866,-0.5836085677146912,0.08134504117489762,0.994322291879455,-2.4892878836732155,0.10523963674249885,1.0,False,False,False,Stim8hr,24
MED18-3,MED18,54,10,0.5735801458358765,0.5018519163131714,0.2969655990600586,-0.12965987622737885,-0.5864654779434204,0.8184994252902132,0.9709298753100533,,0.8811629391974539,1.0,False,False,False,Stim8hr,24
GARS-4,GARS1,141,10,0.4703696668148041,0.9850925803184509,0.2114168405532837,0.9446936845779419,-0.5889744758605957,3.8047365215717495e-19,0.9698936693055641,-0.6234555025354384,1.7726404974599946e-18,1.0,True,False,False,Stim8hr,24
USF1-2,USF1,38,10,0.4939207136631012,0.5699931979179382,0.2432508021593094,0.13747850060462952,-0.608277440071106,0.21792196527060637,0.989266626351978,-4.424527743581039,0.2580233434480817,1.0,False,False,False,Stim8hr,24
ZNF182-2,ZNF182,35,14,0.1278839260339737,0.15302976965904236,0.0,0.08385595679283142,-0.621102511882782,0.3163257823183865,1.0,-7.406778667104518,0.36558033479533786,1.0,False,False,False,Stim8hr,24
ATG12-4,ATG12,56,11,0.47364726662635803,0.732679009437561,0.2032346874475479,0.48953479528427124,-0.6214258670806885,0.0005558672210108098,0.9824048581416482,-1.2694212404653045,0.0009054501026321827,1.0,True,False,False,Stim8hr,24
KPTN-4,KPTN,74,12,0.12754568457603455,0.15205584466457367,0.0,0.08213137090206146,-0.6221151351928711,0.24713340233329845,1.0,-7.574634738956442,0.2895076845873569,1.0,False,False,False,Stim8hr,24
TACC3-1,TACC3,81,10,0.908067524433136,0.9583749771118164,0.4590190052986145,0.06686433404684067,-0.623049259185791,0.2706952815922281,0.9682421348280756,-9.31811059015894,0.31538977219558484,1.0,False,False,False,Stim8hr,24
GGNBP2-4,GGNBP2,65,12,0.627556324005127,0.8094562292098999,0.30846741795539856,0.3292207419872284,-0.6260800957679749,0.005972846658942619,0.9791957016677871,-1.901703070070423,0.008808923733841002,1.0,True,False,False,Stim8hr,24
ZNF26-4,ZNF26,34,10,0.24592195451259613,0.42424508929252625,0.05541623383760452,0.4239136576652527,-0.6264519691467285,0.01314128961227768,0.9962925242820944,-1.4777819912596732,0.01869660299141935,1.0,True,False,False,Stim8hr,24
BRMS1-2,BRMS1,116,10,0.9055734872817993,1.6340047121047974,0.5410929918289185,0.9477019906044006,-0.6267321705818176,3.701164128216666e-14,0.9595300408622864,-0.6613177737255956,1.218076739047987e-13,1.0,True,False,False,Stim8hr,24
CETN2-3,CETN2,98,11,0.21998418867588043,0.29051804542541504,0.043396029621362686,0.17591091990470886,-0.6338139176368713,0.05495761342265343,0.9988751280203999,-3.603039072163394,0.07253279559911291,1.0,False,False,False,Stim8hr,24
CDCA7L-2,CDCA7L,132,10,0.9236202239990234,1.3880740404129028,0.4923885464668274,0.6673808693885803,-0.6348808407783508,2.5082152349084536e-11,0.9560382204774321,-0.9513021273144908,6.859454252751761e-11,1.0,True,False,False,Stim8hr,24
ELFN1-3,PYGB,53,11,0.43737491965293884,0.4763472080230713,0.1632406860589981,0.0815744400024414,-0.6389904022216797,0.27707567109138986,0.9826877610443041,-7.833218373335516,0.32243503464050693,1.0,False,False,False,Stim8hr,24
RAD18-3,RAD18,35,11,0.4207180142402649,0.5349366664886475,0.1521996110677719,0.23432046175003052,-0.6396217942237854,0.08769184315519458,0.9872120176294596,-2.729688177663819,0.11254708180588698,1.0,False,False,False,Stim8hr,24
SH2B1-3,SH2B1,102,12,0.26758286356925964,0.29840588569641113,0.05890407785773277,0.07327868044376373,-0.6518433690071106,0.2389075569676603,0.9976942958200561,-8.895402660905647,0.2807218240030211,1.0,False,False,False,Stim8hr,24
ZSCAN25-4,ZSCAN25,96,10,0.15631058812141418,0.4350910186767578,0.0,0.6710368990898132,-0.6953991055488586,1.427607930034145e-07,1.0,-1.0363053156869466,3.0806695677689947e-07,1.0,True,False,False,Stim8hr,24
DCAF7-3,DCAF7,29,11,1.348905086517334,1.1445512771606445,0.868705689907074,-0.3668731451034546,-0.7095741033554077,0.9744892601456824,0.9678648812976555,,1.0,1.0,False,False,False,Stim8hr,24
CARHSP1-2,CARHSP1,74,11,0.35539403557777405,0.8213247060775757,0.07831471413373947,0.6737692952156067,-0.7312464118003845,6.723130784816981e-06,0.9973130776182813,-1.085306820885011,1.2713127992609909e-05,1.0,True,False,False,Stim8hr,24
GPR171-3,GPR171,54,11,1.0104373693466187,0.4529634714126587,0.46639230847358704,-0.902332603931427,-0.7674129009246826,0.9999999999498317,0.9854822584400763,,1.0,1.0,False,False,False,Stim8hr,24
TTI1-2,TTI1,82,12,0.4056547284126282,0.6274704933166504,0.11222042888402939,0.4116828441619873,-0.7740198969841003,0.0006476694284387402,0.9986597813399968,-1.8801363913030638,0.0010488013734391158,1.0,True,False,False,Stim8hr,24
CTNNB1-4,CTNNB1,27,11,0.36972182989120483,0.30375784635543823,0.08246641606092453,-0.15771469473838806,-0.7796379327774048,0.8053336212682642,0.9970558293888628,,0.8679557172364486,1.0,False,False,False,Stim8hr,24
KLF13-2,KLF13,230,13,0.5317380428314209,0.4777565896511078,0.15477091073989868,-0.10113390535116196,-0.8187601566314697,0.934757063673933,0.9981297190163592,,0.9774758153669818,1.0,False,False,False,Stim8hr,24
MMACHC-2,MMACHC,113,12,0.21375347673892975,0.2060927003622055,0.0,-0.022542033344507217,-0.8247227072715759,0.602899960842602,1.0,,0.6655478585721787,1.0,False,False,False,Stim8hr,24
CDK11B-2,CDK11B,156,12,0.3155330419540405,0.7474555373191833,0.04883098602294922,0.8134614825248718,-0.8410068154335022,3.662327434380154e-15,0.9999018428907448,-1.0338618772988901,1.3101036252310875e-14,1.0,True,False,False,Stim8hr,24
OBFC1-4,STN1,91,11,0.3741028606891632,0.31844913959503174,0.06477004289627075,-0.123175248503685,-0.8536201119422913,0.8854299506750862,0.9996257089761893,,0.9355075462460543,1.0,False,False,False,Stim8hr,24
RAB1B-3,RAB1B,179,12,0.8041582703590393,0.814635694026947,0.33497849106788635,0.01838902197778225,-0.865917444229126,0.4032728745064311,0.995522627846368,-47.08882534782621,0.45852872852583626,1.0,False,False,False,Stim8hr,24
